Record_ID,Date_Observed,Vulnerability_Identifier,Affected_Component,Target_Sector_India,Vulnerability_Classification,Severity_CVSS,Exploitation_Status,Technical_Summary,Remediation_Vector,Verified_Source_Reference
IN-VULN-2026-0001,08-09-2026,CVE-2026-75650,Adobe Commerce and Magento,General Enterprise / Indian Attack Surface,CWE-1336,CVSS v3.1: 8.8 — High,Active exploitation in the wild,Adobe Commerce and Magento Open Source contain an improper neutralization of special elements used in a template engine vulnerability that could allow an attacker to execute arbitrary code.,"Apply mitigations in accordance with vendor instructions, ensuring compliance with CISA’s BOD 26-04 Prioritizing Security Updates Based on Risk (see URL in Notes) guidance and CISA’s “Forensics Triage Requirements” (see URL in Notes). Follow applicable BOD 26-04 guidance for cloud services or discontinue use of the product if mitigations are unavailable. Stakeholders are responsible for evaluating each asset's internet exposure and ensuring adherence to BOD 26-04 patching guidelines.",https://helpx.adobe.com/security/products/magento/apsb26-146.html
IN-VULN-2026-0002,08-09-2026,CVE-2026-81963,Microsoft Windows,General Enterprise / Indian Attack Surface,CWE-59,CVSS v3.1: 8.8 — High,Active exploitation in the wild,Microsoft Windows Update Stack contains a link following vulnerability that allows a local attacker to escalate privileges locally up to SYSTEM.,"Apply mitigations in accordance with vendor instructions, ensuring compliance with CISA’s BOD 26-04 Prioritizing Security Updates Based on Risk (see URL in Notes) guidance and CISA’s “Forensics Triage Requirements” (see URL in Notes). Follow applicable BOD 26-04 guidance for cloud services or discontinue use of the product if mitigations are unavailable. Stakeholders are responsible for evaluating each asset's internet exposure and ensuring adherence to BOD 26-04 patching guidelines.",https://msrc.microsoft.com/update-guide/en-US/vulnerability/CVE-2026-81963
IN-VULN-2026-0003,08-09-2026,CVE-2026-86218,N-able N-central,General Enterprise / Indian Attack Surface,CWE-96,CVSS v3.1: 8.8 — High,Active exploitation in the wild,N-able N-central contains a static code injection vulnerability that could allow for pre-authentication remote code execution.,"Apply mitigations in accordance with vendor instructions, ensuring compliance with CISA’s BOD 26-04 Prioritizing Security Updates Based on Risk (see URL in Notes) guidance and CISA’s “Forensics Triage Requirements” (see URL in Notes). Follow applicable BOD 26-04 guidance for cloud services or discontinue use of the product if mitigations are unavailable. Stakeholders are responsible for evaluating each asset's internet exposure and ensuring adherence to BOD 26-04 patching guidelines.",https://status.n-able.com/2026/09/06/n-central-2026-3-hotfix-4-cve-2026-86218/
IN-VULN-2026-0004,08-09-2026,CVE-2026-85880,Microsoft Windows,General Enterprise / Indian Attack Surface,CWE-122,CVSS v3.1: 8.8 — High,Active exploitation in the wild,Microsoft Windows Advanced Local Procedure Call contains a heap-based buffer overflow vulnerability that allows an attacker to elevate privileges locally.,"Apply mitigations in accordance with vendor instructions, ensuring compliance with CISA’s BOD 26-04 Prioritizing Security Updates Based on Risk (see URL in Notes) guidance and CISA’s “Forensics Triage Requirements” (see URL in Notes). Follow applicable BOD 26-04 guidance for cloud services or discontinue use of the product if mitigations are unavailable. Stakeholders are responsible for evaluating each asset's internet exposure and ensuring adherence to BOD 26-04 patching guidelines.",https://msrc.microsoft.com/update-guide/en-US/vulnerability/CVE-2026-85880
IN-VULN-2026-0005,04-09-2026,CVE-2026-85046,Google Chromium V8,General Enterprise / Indian Attack Surface,CWE-843,CVSS v3.1: 8.8 — High,Active exploitation in the wild,"Google Chromium V8 contains a type confusion vulnerability that allows a remote attacker to execute arbitrary code inside the sandbox via a crafted HTML page. This vulnerability could affect multiple web browsers that utilize Chromium, including, but not limited to, Google Chrome, Microsoft Edge, and Opera.","Apply mitigations in accordance with vendor instructions, ensuring compliance with CISA’s BOD 26-04 Prioritizing Security Updates Based on Risk (see URL in Notes) guidance and CISA’s “Forensics Triage Requirements” (see URL in Notes). Follow applicable BOD 26-04 guidance for cloud services or discontinue use of the product if mitigations are unavailable. Stakeholders are responsible for evaluating each asset's internet exposure and ensuring adherence to BOD 26-04 patching guidelines.",https://chromereleases.googleblog.com/2026/09/stable-channel-update-for-desktop_01882797386.html
IN-VULN-2026-0006,02-09-2026,CVE-2026-59822,BerriAI LiteLLM,General Enterprise / Indian Attack Surface,CWE-287,CVSS v3.1: 8.8 — High,Active exploitation in the wild,BerriAI LiteLLM contains an improper authentication vulnerability in the MCP Streamable HTTP endpoint that could allow an unauthenticated attacker to establish an authenticated MCP session using an arbitrary Bearer token.,"Apply mitigations in accordance with vendor instructions, ensuring compliance with CISA’s BOD 26-04 Prioritizing Security Updates Based on Risk (see URL in Notes) guidance and CISA’s “Forensics Triage Requirements” (see URL in Notes). Follow applicable BOD 26-04 guidance for cloud services or discontinue use of the product if mitigations are unavailable. Stakeholders are responsible for evaluating each asset's internet exposure and ensuring adherence to BOD 26-04 patching guidelines.",https://github.com/BerriAI/litellm/security/advisories/GHSA-7488-6r32-c95q
IN-VULN-2026-0007,02-09-2026,CVE-2026-48710,Kludex Starlette,General Enterprise / Indian Attack Surface,CWE-444,CVSS v3.1: 8.8 — High,Active exploitation in the wild,"Kludex Starlette contains a HTTP request/response smuggling vulnerability that could allow attackers to inject paths into the host part, prepending the actual path leading to issues such as authentication bypass when the authentication depends on the reconstructed URL’s path. This vulnerability could be chaned with CVE-2026-42271.","Apply mitigations in accordance with vendor instructions, ensuring compliance with CISA’s BOD 26-04 Prioritizing Security Updates Based on Risk (see URL in Notes) guidance and CISA’s “Forensics Triage Requirements” (see URL in Notes). Follow applicable BOD 26-04 guidance for cloud services or discontinue use of the product if mitigations are unavailable. Stakeholders are responsible for evaluating each asset's internet exposure and ensuring adherence to BOD 26-04 patching guidelines.","This vulnerability affects an open-source component, third-party library, protocol, or proprietary implementation that could be used by different products. For more information, please see: https://github.com/Kludex/starlette/security/advisories/GHSA-86qp-5c8j-p5mr"
IN-VULN-2026-0008,02-09-2026,CVE-2026-49869,Kestra Kestra OSS,General Enterprise / Indian Attack Surface,CWE-78,CVSS v3.1: 8.8 — High,Active exploitation in the wild,Kestra OSS contains an OS command injection vulnerability that could allow an unauthenticated remote attacker to create and execute arbitrary workflows without credentials.,"Apply mitigations in accordance with vendor instructions, ensuring compliance with CISA’s BOD 26-04 Prioritizing Security Updates Based on Risk (see URL in Notes) guidance and CISA’s “Forensics Triage Requirements” (see URL in Notes). Follow applicable BOD 26-04 guidance for cloud services or discontinue use of the product if mitigations are unavailable. Stakeholders are responsible for evaluating each asset's internet exposure and ensuring adherence to BOD 26-04 patching guidelines.","This vulnerability affects an open-source component, third-party library, protocol, or proprietary implementation that could be used by different products. For more information, please see: https://github.com/kestra-io/kestra/security/advisories/GHSA-5vc5-wxxq-3fjx"
IN-VULN-2026-0009,02-09-2026,CVE-2026-82329,JFrog Artifactory,General Enterprise / Indian Attack Surface,CWE-287,CVSS v3.1: 8.8 — High,Active exploitation in the wild,JFrog Artifactory contains an improper authentication vulnerability that under default configuration can allow an unauthenticated attacker with network access to obtain administrative privileges. ,"Apply mitigations in accordance with vendor instructions, ensuring compliance with CISA’s BOD 26-04 Prioritizing Security Updates Based on Risk (see URL in Notes) guidance and CISA’s “Forensics Triage Requirements” (see URL in Notes). Follow applicable BOD 26-04 guidance for cloud services or discontinue use of the product if mitigations are unavailable. Stakeholders are responsible for evaluating each asset's internet exposure and ensuring adherence to BOD 26-04 patching guidelines.",https://docs.jfrog.com/releases/docs/jfrog-security-advisories
IN-VULN-2026-0010,02-09-2026,CVE-2026-9586,Sangoma Switchvox,General Enterprise / Indian Attack Surface,CWE-89,CVSS v3.1: 8.8 — High,Active exploitation in the wild,"Sangoma Switchvox contains a SQL injection vulnerability which allows an unauthenticated remote attacker to execute arbitrary SQL statements against the backend PostgreSQL database using a single crafted request, including database operations and remote code execution.","Apply mitigations in accordance with vendor instructions, ensuring compliance with CISA’s BOD 26-04 Prioritizing Security Updates Based on Risk (see URL in Notes) guidance and CISA’s “Forensics Triage Requirements” (see URL in Notes). Follow applicable BOD 26-04 guidance for cloud services or discontinue use of the product if mitigations are unavailable. Stakeholders are responsible for evaluating each asset's internet exposure and ensuring adherence to BOD 26-04 patching guidelines.",https://sangomakb.atlassian.net/wiki/spaces/Switchvox/pages/1802371073/Switchvox+-+Release+Notes+Version+8.4.0.2+July+14+2026
IN-VULN-2026-0011,02-09-2026,CVE-2026-83548,SonicWall SMA1000 Appliances,General Enterprise / Indian Attack Surface,CWE-918,CVSS v3.1: 8.8 — High,Active exploitation in the wild,SonicWall SMA1000 Appliances contains a server-side request forgery vulnerability that could allow a remote unauthenticated attacker to gain unauthorized access to sensitive functionality and perform unauthorized operations.,"Apply mitigations in accordance with vendor instructions, ensuring compliance with CISA’s BOD 26-04 Prioritizing Security Updates Based on Risk (see URL in Notes) guidance and CISA’s “Forensics Triage Requirements” (see URL in Notes). Follow applicable BOD 26-04 guidance for cloud services or discontinue use of the product if mitigations are unavailable. Stakeholders are responsible for evaluating each asset's internet exposure and ensuring adherence to BOD 26-04 patching guidelines.",https://psirt.global.sonicwall.com/vuln-detail/SNWLID-2026-0016
IN-VULN-2026-0012,02-09-2026,CVE-2026-83549,SonicWall SMA1000 Appliances,General Enterprise / Indian Attack Surface,CWE-78,CVSS v3.1: 8.8 — High,Active exploitation in the wild,"SonicWall SMA1000 Appliances contains an OS command injection vulnerability that could enable a remote authenticated attacker as administrator to execute arbitrary OS commands, resulting in remote code execution.","Apply mitigations in accordance with vendor instructions, ensuring compliance with CISA’s BOD 26-04 Prioritizing Security Updates Based on Risk (see URL in Notes) guidance and CISA’s “Forensics Triage Requirements” (see URL in Notes). Follow applicable BOD 26-04 guidance for cloud services or discontinue use of the product if mitigations are unavailable. Stakeholders are responsible for evaluating each asset's internet exposure and ensuring adherence to BOD 26-04 patching guidelines.",https://psirt.global.sonicwall.com/vuln-detail/SNWLID-2026-0016
IN-VULN-2026-0013,31-08-2026,CVE-2026-82078,PaperCut NG/MF,General Enterprise / Indian Attack Surface,CWE-470,CVSS v3.1: 8.8 — High,Active exploitation in the wild,PaperCut NG/MF contains an unsafe reflection vulnerability that allows an attacker to manipulate system configuration parameters and execute arbitrary Java bytecode residing on the application classpath under the security context of the PaperCut server process. This vulnerability can be chained with CVE-2026-81578.,"Apply mitigations in accordance with vendor instructions, ensuring compliance with CISA’s BOD 26-04 Prioritizing Security Updates Based on Risk (see URL in Notes) guidance and CISA’s “Forensics Triage Requirements” (see URL in Notes). Follow applicable BOD 26-04 guidance for cloud services or discontinue use of the product if mitigations are unavailable. Stakeholders are responsible for evaluating each asset's internet exposure and ensuring adherence to BOD 26-04 patching guidelines.",https://www.papercut.com/kb/Main/security-bulletin-27-aug-2026-urgent-security-advisory/?lid=2oneu2wt0ct4
IN-VULN-2026-0014,31-08-2026,CVE-2026-81578,PaperCut NG/MF,General Enterprise / Indian Attack Surface,CWE-306,CVSS v3.1: 8.8 — High,Active exploitation in the wild,PaperCut NG/MF contains a missing authentication for critical function vulnerability which allows an unauthenticated remote attacker to modify certain system configurations. This vulnerability can be chained with CVE-2026-82078.,"Apply mitigations in accordance with vendor instructions, ensuring compliance with CISA’s BOD 26-04 Prioritizing Security Updates Based on Risk (see URL in Notes) guidance and CISA’s “Forensics Triage Requirements” (see URL in Notes). Follow applicable BOD 26-04 guidance for cloud services or discontinue use of the product if mitigations are unavailable. Stakeholders are responsible for evaluating each asset's internet exposure and ensuring adherence to BOD 26-04 patching guidelines.",https://www.papercut.com/kb/Main/security-bulletin-27-aug-2026-urgent-security-advisory/
IN-VULN-2026-0015,27-08-2026,CVE-2023-49105,ownCloud ownCloud,General Enterprise / Indian Attack Surface,CWE-287,CVSS v3.1: 8.8 — High,Active exploitation in the wild,"ownCloud contains an improper authentication vulnerability that allows an attacker to access, modify, or delete any file without authentication if the username of a victim is known, and the victim has no signing-key configured.","Apply mitigations in accordance with vendor instructions, ensuring compliance with CISA’s BOD 26-04 Prioritizing Security Updates Based on Risk (see URL in Notes) guidance and CISA’s “Forensics Triage Requirements” (see URL in Notes). Follow applicable BOD 26-04 guidance for cloud services or discontinue use of the product if mitigations are unavailable. Stakeholders are responsible for evaluating each asset's internet exposure and ensuring adherence to BOD 26-04 patching guidelines.",https://owncloud.org/security
IN-VULN-2026-0016,27-08-2026,CVE-2026-53362,Linux Kernel,General Enterprise / Indian Attack Surface,Not publicly specified,CVSS v3.1: 8.8 — High,Active exploitation in the wild,"Linux Kernel contains an unspecified vulnerability that can allow for privilege escalation via IPv6 networking subsystem. This vulnerability can impact multiple products, including but not limited to Suse, Red Hat, and other products using Linux. ","Apply mitigations in accordance with vendor instructions, ensuring compliance with CISA’s BOD 26-04 Prioritizing Security Updates Based on Risk (see URL in Notes) guidance and CISA’s “Forensics Triage Requirements” (see URL in Notes). Follow applicable BOD 26-04 guidance for cloud services or discontinue use of the product if mitigations are unavailable. Stakeholders are responsible for evaluating each asset's internet exposure and ensuring adherence to BOD 26-04 patching guidelines.","This vulnerability affects an open-source component, third-party library, protocol, or proprietary implementation that could be used by different products. For more information, please see:"
IN-VULN-2026-0017,27-08-2026,CVE-2026-66384,JFrog Artifactory,General Enterprise / Indian Attack Surface,CWE-22,CVSS v3.1: 8.8 — High,Active exploitation in the wild,JFrog Artifactory contains an improper limitation of a pathname to a restricted directory vulnerability. This can allow an authenticated user to write data outside the intended Docker cache path under specific remote-repository conditions.,"Apply mitigations in accordance with vendor instructions, ensuring compliance with CISA’s BOD 26-04 Prioritizing Security Updates Based on Risk (see URL in Notes) guidance and CISA’s “Forensics Triage Requirements” (see URL in Notes). Follow applicable BOD 26-04 guidance for cloud services or discontinue use of the product if mitigations are unavailable. Stakeholders are responsible for evaluating each asset's internet exposure and ensuring adherence to BOD 26-04 patching guidelines.",https://docs.jfrog.com/releases/docs/jfrog-security-advisories
IN-VULN-2026-0018,26-08-2026,CVE-2021-23758,Ajax.NET Professional Ajax.NET Professional,General Enterprise / Indian Attack Surface,CWE-502,CVSS v3.1: 8.8 — High,Active exploitation in the wild,Ajax.NET Professional (AjaxPro) contains a deserialization of untrusted data vulnerability that could allow for remote code execution via arbitrary .NET classes. The impacted product(s) could be end-of-life (EoL) and/or end-of-service (EoS). Users are advised to discontinue use and/or transition to a supported version.,"Apply mitigations in accordance with vendor instructions, ensuring compliance with CISA’s BOD 26-04 Prioritizing Security Updates Based on Risk (see URL in Notes) guidance and CISA’s “Forensics Triage Requirements” (see URL in Notes). Follow applicable BOD 26-04 guidance for cloud services or discontinue use of the product if mitigations are unavailable. Stakeholders are responsible for evaluating each asset's internet exposure and ensuring adherence to BOD 26-04 patching guidelines.","This vulnerability affects an open-source component, third-party library, protocol, or proprietary implementation that could be used by different products. For more information, please see: https://github.com/michaelschwarz/Ajax.NET-Professional/commit/b0e63be5f0bb20dfce507cb8a1a9568f6e73de57"
IN-VULN-2026-0019,26-08-2026,CVE-2015-3246,Red Hat Libuser,General Enterprise / Indian Attack Surface,Not publicly specified,CVSS v3.1: 8.8 — High,Active exploitation in the wild,Red Hat libuser contains a race condition vulnerability that allows authenticated local users to corrupt the /etc/passwd file to cause a denial of service or privilege escalation. ,"Apply mitigations in accordance with vendor instructions, ensuring compliance with CISA’s BOD 26-04 Prioritizing Security Updates Based on Risk (see URL in Notes) guidance and CISA’s “Forensics Triage Requirements” (see URL in Notes). Follow applicable BOD 26-04 guidance for cloud services or discontinue use of the product if mitigations are unavailable. Stakeholders are responsible for evaluating each asset's internet exposure and ensuring adherence to BOD 26-04 patching guidelines.","This vulnerability affects an open-source component, third-party library, protocol, or proprietary implementation that could be used by different products. For more information, please see: https://access.redhat.com/articles/1537873"
IN-VULN-2026-0020,26-08-2026,CVE-2015-5287,Red Hat Automatic Bug Reporting Tool,General Enterprise / Indian Attack Surface,Not publicly specified,CVSS v3.1: 8.8 — High,Active exploitation in the wild,Red Hat Automatic Bug Reporting Tool (ABRT) contains a privilege escalation vulnerability that could allow local users with certain permissions to gain privileges via a symlink attack on a file with a predictable name. The impacted product(s) could be end-of-life (EoL) and/or end-of-service (EoS). Users are advised to discontinue use and/or transition to a supported version.,"Apply mitigations in accordance with vendor instructions, ensuring compliance with CISA’s BOD 26-04 Prioritizing Security Updates Based on Risk (see URL in Notes) guidance and CISA’s “Forensics Triage Requirements” (see URL in Notes). Follow applicable BOD 26-04 guidance for cloud services or discontinue use of the product if mitigations are unavailable. Stakeholders are responsible for evaluating each asset's internet exposure and ensuring adherence to BOD 26-04 patching guidelines.","This vulnerability affects an open-source component, third-party library, protocol, or proprietary implementation that could be used by different products. For more information, please see: https://github.com/abrt/abrt/commit/3c1b60cfa62d39e5fff5a53a5bc53dae189e740e"
IN-VULN-2026-0021,26-08-2026,CVE-2022-0995,Linux Kernel,General Enterprise / Indian Attack Surface,CWE-787,CVSS v3.1: 8.8 — High,Active exploitation in the wild,Linux Kernel contains an out-of-bounds memory write vulnerability which could allow a local user to gain privileged access or cause a denial of service on the system.,"Apply mitigations in accordance with vendor instructions, ensuring compliance with CISA’s BOD 26-04 Prioritizing Security Updates Based on Risk (see URL in Notes) guidance and CISA’s “Forensics Triage Requirements” (see URL in Notes). Follow applicable BOD 26-04 guidance for cloud services or discontinue use of the product if mitigations are unavailable. Stakeholders are responsible for evaluating each asset's internet exposure and ensuring adherence to BOD 26-04 patching guidelines.","This vulnerability affects an open-source component, third-party library, protocol, or proprietary implementation that could be used by different products. For more information, please see: https://git.kernel.org/pub/scm/linux/kernel/git/torvalds/linux.git/commit/?id=93ce93587d36493f2f86921fa79921b3cba63fbb"
IN-VULN-2026-0022,26-08-2026,CVE-2026-8452,Citrix NetScaler ADC and NetScaler Gateway,General Enterprise / Indian Attack Surface,CWE-119,CVSS v3.1: 8.8 — High,Active exploitation in the wild,Citrix NetScaler ADC and NetScaler Gateway contain an improper restriction of operations within the bounds of a memory buffer vulnerability which could lead to denial of service. ,"Apply mitigations in accordance with vendor instructions, ensuring compliance with CISA’s BOD 26-04 Prioritizing Security Updates Based on Risk (see URL in Notes) guidance and CISA’s “Forensics Triage Requirements” (see URL in Notes). Follow applicable BOD 26-04 guidance for cloud services or discontinue use of the product if mitigations are unavailable. Stakeholders are responsible for evaluating each asset's internet exposure and ensuring adherence to BOD 26-04 patching guidelines.",https://support.citrix.com/support-home/kbsearch/article?articleNumber=CTX696604
IN-VULN-2026-0023,26-08-2026,CVE-2019-1068,Microsoft SQL Server,General Enterprise / Indian Attack Surface,Not publicly specified,CVSS v3.1: 8.8 — High,Active exploitation in the wild,Microsoft SQL Server contains a remote code execution vulnerability that could allow an attacker to execute code in the context of the SQL Server Database Engine service account.,"Apply mitigations in accordance with vendor instructions, ensuring compliance with CISA’s BOD 26-04 Prioritizing Security Updates Based on Risk (see URL in Notes) guidance and CISA’s “Forensics Triage Requirements” (see URL in Notes). Follow applicable BOD 26-04 guidance for cloud services or discontinue use of the product if mitigations are unavailable. Stakeholders are responsible for evaluating each asset's internet exposure and ensuring adherence to BOD 26-04 patching guidelines.",https://portal.msrc.microsoft.com/en-US/security-guidance/advisory/CVE-2019-1068
IN-VULN-2026-0024,25-08-2026,CVE-2026-60004,Gitea Gitea,General Enterprise / Indian Attack Surface,CWE-94,CVSS v3.1: 8.8 — High,Active exploitation in the wild,Gitea contains a code injection vulnerability that allows an attacker with repository write access to send a malicious patch to the diffpatch API endpoint to plant an executable Git hook and run shell commands as the Gitea service account.,"Apply mitigations in accordance with vendor instructions, ensuring compliance with CISA’s BOD 26-04 Prioritizing Security Updates Based on Risk (see URL in Notes) guidance and CISA’s “Forensics Triage Requirements” (see URL in Notes). Follow applicable BOD 26-04 guidance for cloud services or discontinue use of the product if mitigations are unavailable. Stakeholders are responsible for evaluating each asset's internet exposure and ensuring adherence to BOD 26-04 patching guidelines.",https://github.com/go-gitea/gitea/security/advisories/GHSA-rcr6-4jqh-j84m
IN-VULN-2026-0025,24-08-2026,CVE-2026-21962,Oracle HTTP Server and Oracle Weblogic Server Proxy Plug-in,General Enterprise / Indian Attack Surface,CWE-284,CVSS v3.1: 8.8 — High,Active exploitation in the wild,"Oracle HTTP Server and Oracle Weblogic Server Proxy Plug-in contain an improper access control vulnerability that can result in unauthorized creation, deletion or modification access to critical data as well as unauthorized access to critical data or complete access to all Oracle HTTP Server and Oracle Weblogic Server Proxy Plug-in accessible data.","Apply mitigations in accordance with vendor instructions, ensuring compliance with CISA’s BOD 26-04 Prioritizing Security Updates Based on Risk (see URL in Notes) guidance and CISA’s “Forensics Triage Requirements” (see URL in Notes). Follow applicable BOD 26-04 guidance for cloud services or discontinue use of the product if mitigations are unavailable. Stakeholders are responsible for evaluating each asset's internet exposure and ensuring adherence to BOD 26-04 patching guidelines.",https://www.oracle.com/security-alerts/cpujan2026.html
IN-VULN-2026-0026,21-08-2026,CVE-2026-73570,Synacor Zimbra Collaboration Suite (ZCS),General Enterprise / Indian Attack Surface,CWE-78,CVSS v3.1: 8.8 — High,Active exploitation in the wild,Zimbra Collaboration Suite (ZCS) contains an OS command injection vulnerability which could allow an unauthenticated attacker to send specially crafted SMTP requests that may result in execution of arbitrary operating system commands as the Zimbra user.,"Apply mitigations in accordance with vendor instructions, ensuring compliance with CISA’s BOD 26-04 Prioritizing Security Updates Based on Risk (see URL in Notes) guidance and CISA’s “Forensics Triage Requirements” (see URL in Notes). Follow applicable BOD 26-04 guidance for cloud services or discontinue use of the product if mitigations are unavailable. Stakeholders are responsible for evaluating each asset's internet exposure and ensuring adherence to BOD 26-04 patching guidelines.",https://wiki.zimbra.com/wiki/Zimbra_Security_Advisories
IN-VULN-2026-0027,20-08-2026,CVE-2026-72530,TrueConf Server,General Enterprise / Indian Attack Surface,CWE-94,CVSS v3.1: 8.8 — High,Active exploitation in the wild,TrueConf Server contains a code injection vulnerability that could allow an unauthorized remote attacker with network access via port 4307/TCP to use a specially crafted script to break out of the isolated environment and execute arbitrary code on the host system.,"Apply mitigations in accordance with vendor instructions, ensuring compliance with CISA’s BOD 26-04 Prioritizing Security Updates Based on Risk (see URL in Notes) guidance and CISA’s “Forensics Triage Requirements” (see URL in Notes). Follow applicable BOD 26-04 guidance for cloud services or discontinue use of the product if mitigations are unavailable. Stakeholders are responsible for evaluating each asset's internet exposure and ensuring adherence to BOD 26-04 patching guidelines.",https://trueconf.com/blog/news/security-fixes-updates-and-advisories
IN-VULN-2026-0028,20-08-2026,CVE-2026-72529,TrueConf Server,General Enterprise / Indian Attack Surface,CWE-306,CVSS v3.1: 8.8 — High,Active exploitation in the wild,TrueConf Server contains a missing authentication for critical function vulnerability which could allow a remote unauthorized attacker with network access via port 4307/TCP to execute an arbitrary script.,"Apply mitigations in accordance with vendor instructions, ensuring compliance with CISA’s BOD 26-04 Prioritizing Security Updates Based on Risk (see URL in Notes) guidance and CISA’s “Forensics Triage Requirements” (see URL in Notes). Follow applicable BOD 26-04 guidance for cloud services or discontinue use of the product if mitigations are unavailable. Stakeholders are responsible for evaluating each asset's internet exposure and ensuring adherence to BOD 26-04 patching guidelines.",https://trueconf.com/blog/news/security-fixes-updates-and-advisories
IN-VULN-2026-0029,19-08-2026,CVE-2026-64849,MLflow MLflow,General Enterprise / Indian Attack Surface,CWE-918,CVSS v3.1: 8.8 — High,Active exploitation in the wild,MLflow contains a server-side request forgery vulnerability that can allow attackers to reach internal or cloud metadata services and receive response_status and response_body.,"Apply mitigations in accordance with vendor instructions, ensuring compliance with CISA’s BOD 26-04 Prioritizing Security Updates Based on Risk (see URL in Notes) guidance and CISA’s “Forensics Triage Requirements” (see URL in Notes). Follow applicable BOD 26-04 guidance for cloud services or discontinue use of the product if mitigations are unavailable. Stakeholders are responsible for evaluating each asset's internet exposure and ensuring adherence to BOD 26-04 patching guidelines.",https://github.com/mlflow/mlflow/pull/24258
IN-VULN-2026-0030,18-08-2026,CVE-2026-33824,Microsoft Internet Key Exchange (IKE) Service Extensions,General Enterprise / Indian Attack Surface,CWE-415,CVSS v3.1: 8.8 — High,Active exploitation in the wild,Microsoft Internet Key Exchange (IKE) Service Extensions contains a double free vulnerability that could enable remote code execution.,"Apply mitigations in accordance with vendor instructions, ensuring compliance with CISA’s BOD 26-04 Prioritizing Security Updates Based on Risk (see URL in Notes) guidance and CISA’s “Forensics Triage Requirements” (see URL in Notes). Follow applicable BOD 26-04 guidance for cloud services or discontinue use of the product if mitigations are unavailable. Stakeholders are responsible for evaluating each asset's internet exposure and ensuring adherence to BOD 26-04 patching guidelines.",https://msrc.microsoft.com/update-guide/en-US/vulnerability/CVE-2026-33824
IN-VULN-2026-0031,18-08-2026,CVE-2026-59310,Broadcom VMware vCenter,General Enterprise / Indian Attack Surface,CWE-22,CVSS v3.1: 8.8 — High,Active exploitation in the wild,Broadcom VMware vCenter contains a path traversal vulnerability which could allow a threat actor with network access to vCenter to execute arbitrary code.,"Apply mitigations in accordance with vendor instructions, ensuring compliance with CISA’s BOD 26-04 Prioritizing Security Updates Based on Risk (see URL in Notes) guidance and CISA’s “Forensics Triage Requirements” (see URL in Notes). Follow applicable BOD 26-04 guidance for cloud services or discontinue use of the product if mitigations are unavailable. Stakeholders are responsible for evaluating each asset's internet exposure and ensuring adherence to BOD 26-04 patching guidelines.",https://support.broadcom.com/web/ecx/support-content-notification/-/external/content/SecurityAdvisories/0/38017
IN-VULN-2026-0032,18-08-2026,CVE-2026-55040,Microsoft SharePoint,General Enterprise / Indian Attack Surface,CWE-1390,CVSS v3.1: 8.8 — High,Active exploitation in the wild,Microsoft SharePoint contains a weak authentication vulnerability which allows an unauthorized attacker to bypass a security feature over a network.,"Apply mitigations in accordance with vendor instructions, ensuring compliance with CISA’s BOD 26-04 Prioritizing Security Updates Based on Risk (see URL in Notes) guidance and CISA’s “Forensics Triage Requirements” (see URL in Notes). Follow applicable BOD 26-04 guidance for cloud services or discontinue use of the product if mitigations are unavailable. Stakeholders are responsible for evaluating each asset's internet exposure and ensuring adherence to BOD 26-04 patching guidelines.",https://msrc.microsoft.com/update-guide/vulnerability/CVE-2026-55040
IN-VULN-2026-0033,18-08-2026,CVE-2026-65400,Apple macOS,General Enterprise / Indian Attack Surface,CWE-287,CVSS v3.1: 8.8 — High,Active exploitation in the wild,Apple macOS contains an improper authentication vulnerability that could allow an attacker on the network to authenticate to Screen Sharing without valid credentials.,"Apply mitigations in accordance with vendor instructions, ensuring compliance with CISA’s BOD 26-04 Prioritizing Security Updates Based on Risk (see URL in Notes) guidance and CISA’s “Forensics Triage Requirements” (see URL in Notes). Follow applicable BOD 26-04 guidance for cloud services or discontinue use of the product if mitigations are unavailable. Stakeholders are responsible for evaluating each asset's internet exposure and ensuring adherence to BOD 26-04 patching guidelines.",https://support.apple.com/en-us/148170
IN-VULN-2026-0034,17-08-2026,CVE-2025-62593,Ray-Project Ray,General Enterprise / Indian Attack Surface,CWE-94,CVSS v3.1: 8.8 — High,Active exploitation in the wild,Ray-Project Ray contains a code injection vulnerability that could allow remote code execution. Developers using Ray as a development tool may be exposed to this vulnerability exploitable through Firefox and Safari.,"Apply mitigations in accordance with vendor instructions, ensuring compliance with CISA’s BOD 26-04 Prioritizing Security Updates Based on Risk (see URL in Notes) guidance and CISA’s “Forensics Triage Requirements” (see URL in Notes). Follow applicable BOD 26-04 guidance for cloud services or discontinue use of the product if mitigations are unavailable. Stakeholders are responsible for evaluating each asset's internet exposure and ensuring adherence to BOD 26-04 patching guidelines.",https://github.com/ray-project/ray/security/advisories/GHSA-q279-jhrf-cc6v
IN-VULN-2026-0035,11-08-2026,CVE-2026-20349,Cisco Secure Firewall Adaptive Security Appliance (ASA) and Secure Firewall Threat Defense (FTD) ,General Enterprise / Indian Attack Surface,CWE-244,CVSS v3.1: 8.8 — High,Active exploitation in the wild,"Cisco Secure Firewall Adaptive Security Appliance (ASA) and Secure Firewall Threat Defense (FTD) contain a heap inspection vulnerability that could allow an unauthenticated, remote attacker to cause the device to reload unexpectedly, resulting in a denial of service (DoS) condition.","Apply mitigations in accordance with vendor instructions, ensuring compliance with CISA’s BOD 26-04 Prioritizing Security Updates Based on Risk (see URL in Notes) guidance and CISA’s “Forensics Triage Requirements” (see URL in Notes). Follow applicable BOD 26-04 guidance for cloud services or discontinue use of the product if mitigations are unavailable. Stakeholders are responsible for evaluating each asset's internet exposure and ensuring adherence to BOD 26-04 patching guidelines.",https://sec.cloudapps.cisco.com/security/center/content/CiscoSecurityAdvisory/cisco-sa-asaftd-vpn-dos-dzv4mQFF
IN-VULN-2026-0036,11-08-2026,CVE-2026-68820,Microsoft Windows Ancillary Function Driver for WinSock ,General Enterprise / Indian Attack Surface,CWE-416,CVSS v3.1: 8.8 — High,Active exploitation in the wild,Microsoft Windows Ancillary Function Driver for WinSock contains a use-after-free vulnerability that allows an authorized attacker to elevate privileges locally.,"Apply mitigations in accordance with vendor instructions, ensuring compliance with CISA’s BOD 26-04 Prioritizing Security Updates Based on Risk (see URL in Notes) guidance and CISA’s “Forensics Triage Requirements” (see URL in Notes). Follow applicable BOD 26-04 guidance for cloud services or discontinue use of the product if mitigations are unavailable. Stakeholders are responsible for evaluating each asset's internet exposure and ensuring adherence to BOD 26-04 patching guidelines.",https://portal.msrc.microsoft.com/en-US/security-guidance/advisory/CVE-2026-68820
IN-VULN-2026-0037,11-08-2026,CVE-2026-72898,Metabase Metabase,General Enterprise / Indian Attack Surface,CWE-89,CVSS v3.1: 8.8 — High,Active exploitation in the wild,"Metabase contains a SQL Injection vulnerability that allows an unauthenticated remote attacker to inject arbitrary SQL into the Metabase application database, which can give them administrator access to the instance. From there, the attacker could change the application configuration, steal stored credentials for the connected databases, read any data accessible through those connections, and export data.","Apply mitigations in accordance with vendor instructions, ensuring compliance with CISA’s BOD 26-04 Prioritizing Security Updates Based on Risk (see URL in Notes) guidance and CISA’s “Forensics Triage Requirements” (see URL in Notes). Follow applicable BOD 26-04 guidance for cloud services or discontinue use of the product if mitigations are unavailable. Stakeholders are responsible for evaluating each asset's internet exposure and ensuring adherence to BOD 26-04 patching guidelines.",https://www.metabase.com/blog/security-update
IN-VULN-2026-0038,08-08-2026,CVE-2026-67620,General Enterprise Technology,General Enterprise / Indian Attack Surface,CWE-918,CVSS v3.1: 7.7 — High,Theoretical / no exploitation evidence,"Flowise through 3.1.4 contains a server-side request forgery vulnerability in the SSRF guard implemented in httpSecurity.ts, where the DEFAULT_DENY_LIST omits the Oracle Cloud Infrastructure metadata endpoint 192.0.0.192 and the Alibaba Cloud metadat...",Apply vendor security patches.,https://nvd.nist.gov/vuln/detail/CVE-2026-67620
IN-VULN-2026-0039,11-08-2026,CVE-2026-18125,General Enterprise Technology,General Enterprise / Indian Attack Surface,CWE-125,CVSS v3.1: 7.5 — High,Theoretical / no exploitation evidence,An out-of-bounds read in the Agent of Ivanti Endpoint Manager before version 2024 SU7 allows a remote unauthenticated attacker to crash an agent service.,Apply vendor security patches.,https://nvd.nist.gov/vuln/detail/CVE-2026-18125
IN-VULN-2026-0040,11-08-2026,CVE-2026-18127,General Enterprise Technology,General Enterprise / Indian Attack Surface,CWE-73,CVSS v3.1: 7.7 — High,Theoretical / no exploitation evidence,External control of a filename in the Core of Ivanti Endpoint Manager before version 2024 SU7 allows a remote authenticated attacker full write control over an S3 bucket configured for session recording storage.,Apply vendor security patches.,https://nvd.nist.gov/vuln/detail/CVE-2026-18127
IN-VULN-2026-0041,11-08-2026,CVE-2026-18129,General Enterprise Technology,General Enterprise / Indian Attack Surface,CWE-295,CVSS v3.1: 8.1 — High,Theoretical / no exploitation evidence,Cleartext transmission of sensitive information in the Core of Ivanti Endpoint Manager before version 2024 SU7 allows a remote unauthenticated attacker in a MITM position to leak credentials for external SQL connections.,Apply vendor security patches.,https://nvd.nist.gov/vuln/detail/CVE-2026-18129
IN-VULN-2026-0042,11-08-2026,CVE-2026-42142,General Enterprise Technology,General Enterprise / Indian Attack Surface,CWE-862,CVSS v3.1: 7.1 — High,Theoretical / no exploitation evidence,"TypeBot is a chatbot builder tool. Prior to version 3.17.0, the `handleGetSheets` API handler (`POST /api/sheets/getSheets`) does not validate workspace membership, allowing any authenticated user to access and decrypt another workspace's Google Shee...",Apply vendor security patches.,https://nvd.nist.gov/vuln/detail/CVE-2026-42142
IN-VULN-2026-0043,11-08-2026,CVE-2026-48495,General Enterprise Technology,General Enterprise / Indian Attack Surface,CWE-862,CVSS v3.1: 7.1 — High,Theoretical / no exploitation evidence,"TypeBot is a chatbot builder tool. Prior to version 3.17.0, the Google Sheets OAuth callback decodes a base64-encoded JSON `state` parameter and trusts the embedded `workspaceId`, `typebotId`, `blockId`, and `redirectUrl` without cryptographic integr...",Apply vendor security patches.,https://nvd.nist.gov/vuln/detail/CVE-2026-48495
IN-VULN-2026-0044,11-08-2026,CVE-2026-67180,General Enterprise Technology,General Enterprise / Indian Attack Surface,CWE-78,CVSS v3.1: 8.4 — High,Theoretical / no exploitation evidence,Google Turbinia allows arbitrary command execution via worker tasks. An attacker with privileges to submit a processing request or influence an evidence path/name obtains code execution on the worker fleet. Fixed on 2026-07-10.,Apply vendor security patches.,https://nvd.nist.gov/vuln/detail/CVE-2026-67180
IN-VULN-2026-0045,11-08-2026,CVE-2026-50516,General Enterprise Technology,General Enterprise / Indian Attack Surface,CWE-306,CVSS v3.1: 9.4 — Critical,Theoretical / no exploitation evidence,Missing authentication for critical function in Microsoft Azure Kubernetes Service allows an unauthorized attacker to elevate privileges over a network.,Apply vendor security patches.,https://nvd.nist.gov/vuln/detail/CVE-2026-50516
IN-VULN-2026-0046,11-08-2026,CVE-2026-57105,General Enterprise Technology,General Enterprise / Indian Attack Surface,CWE-79,CVSS v3.1: 8.0 — High,Theoretical / no exploitation evidence,Improper neutralization of input during web page generation ('cross-site scripting') in Microsoft Office SharePoint allows an authorized attacker to perform spoofing over a network.,Apply vendor security patches.,https://nvd.nist.gov/vuln/detail/CVE-2026-57105
IN-VULN-2026-0047,11-08-2026,CVE-2026-58612,General Enterprise Technology,General Enterprise / Indian Attack Surface,CWE-918,CVSS v3.1: 7.4 — High,Theoretical / no exploitation evidence,Server-side request forgery (ssrf) in Microsoft PowerShell Core allows an unauthorized attacker to disclose information over a network.,Apply vendor security patches.,https://nvd.nist.gov/vuln/detail/CVE-2026-58612
IN-VULN-2026-0048,11-08-2026,CVE-2026-58651,General Enterprise Technology,General Enterprise / Indian Attack Surface,CWE-122,CVSS v3.1: 7.8 — High,Theoretical / no exploitation evidence,Heap-based buffer overflow in Microsoft Office Word allows an unauthorized attacker to execute code locally.,Apply vendor security patches.,https://nvd.nist.gov/vuln/detail/CVE-2026-58651
IN-VULN-2026-0049,11-08-2026,CVE-2026-59119,General Enterprise Technology,General Enterprise / Indian Attack Surface,CWE-276,CVSS v3.1: 7.3 — High,Theoretical / no exploitation evidence,Incorrect default permissions in Microsoft PowerShell allows an authorized attacker to elevate privileges locally.,Apply vendor security patches.,https://nvd.nist.gov/vuln/detail/CVE-2026-59119
IN-VULN-2026-0050,11-08-2026,CVE-2026-59124,General Enterprise Technology,General Enterprise / Indian Attack Surface,CWE-502,CVSS v3.1: 9.8 — Critical,Theoretical / no exploitation evidence,Deserialization of untrusted data in Microsoft High Performance Computing (HPC) Pack allows an unauthorized attacker to execute code over a network.,Apply vendor security patches.,https://nvd.nist.gov/vuln/detail/CVE-2026-59124
IN-VULN-2026-0051,11-08-2026,CVE-2026-59133,General Enterprise Technology,General Enterprise / Indian Attack Surface,CWE-250,CVSS v3.1: 8.8 — High,Theoretical / no exploitation evidence,Execution with unnecessary privileges in Microsoft High Performance Computing (HPC) Pack allows an authorized attacker to elevate privileges over a network.,Apply vendor security patches.,https://nvd.nist.gov/vuln/detail/CVE-2026-59133
IN-VULN-2026-0052,11-08-2026,CVE-2026-62698,General Enterprise Technology,General Enterprise / Indian Attack Surface,CWE-197,CVSS v3.1: 7.8 — High,Theoretical / no exploitation evidence,Numeric truncation error in Microsoft Digest Authentication allows an authorized attacker to elevate privileges locally.,Apply vendor security patches.,https://nvd.nist.gov/vuln/detail/CVE-2026-62698
IN-VULN-2026-0053,11-08-2026,CVE-2026-62784,General Enterprise Technology,General Enterprise / Indian Attack Surface,CWE-122,CVSS v3.1: 8.8 — High,Theoretical / no exploitation evidence,Heap-based buffer overflow in Microsoft Local Security Authority Server (lsasrv) allows an authorized attacker to execute code over a network.,Apply vendor security patches.,https://nvd.nist.gov/vuln/detail/CVE-2026-62784
IN-VULN-2026-0054,11-08-2026,CVE-2026-62815,General Enterprise Technology,General Enterprise / Indian Attack Surface,CWE-416,CVSS v3.1: 9.8 — Critical,Theoretical / no exploitation evidence,Use after free in Microsoft QUIC allows an unauthorized attacker to execute code over a network.,Apply vendor security patches.,https://nvd.nist.gov/vuln/detail/CVE-2026-62815
IN-VULN-2026-0055,11-08-2026,CVE-2026-62827,General Enterprise Technology,General Enterprise / Indian Attack Surface,CWE-287,CVSS v3.1: 8.8 — High,Theoretical / no exploitation evidence,Improper authentication in Microsoft Office SharePoint allows an authorized attacker to elevate privileges over a network.,Apply vendor security patches.,https://nvd.nist.gov/vuln/detail/CVE-2026-62827
IN-VULN-2026-0056,11-08-2026,CVE-2026-62898,General Enterprise Technology,General Enterprise / Indian Attack Surface,CWE-416,CVSS v3.1: 7.5 — High,Theoretical / no exploitation evidence,Use after free in Microsoft QUIC allows an unauthorized attacker to disclose information over a network.,Apply vendor security patches.,https://nvd.nist.gov/vuln/detail/CVE-2026-62898
IN-VULN-2026-0057,11-08-2026,CVE-2026-62910,General Enterprise Technology,General Enterprise / Indian Attack Surface,CWE-99,CVSS v3.1: 7.2 — High,Theoretical / no exploitation evidence,Improper control of resource identifiers ('resource injection') in Microsoft Exchange Server allows an authorized attacker to elevate privileges over a network.,Apply vendor security patches.,https://nvd.nist.gov/vuln/detail/CVE-2026-62910
IN-VULN-2026-0058,11-08-2026,CVE-2026-62911,General Enterprise Technology,General Enterprise / Indian Attack Surface,CWE-294,CVSS v3.1: 8.0 — High,Theoretical / no exploitation evidence,Authentication bypass by capture-replay in Microsoft Exchange Server allows an authorized attacker to elevate privileges over a network.,Apply vendor security patches.,https://nvd.nist.gov/vuln/detail/CVE-2026-62911
IN-VULN-2026-0059,11-08-2026,CVE-2026-62913,General Enterprise Technology,General Enterprise / Indian Attack Surface,CWE-122,CVSS v3.1: 8.8 — High,Theoretical / no exploitation evidence,Heap-based buffer overflow in Microsoft Exchange Server allows an authorized attacker to execute code over a network.,Apply vendor security patches.,https://nvd.nist.gov/vuln/detail/CVE-2026-62913
IN-VULN-2026-0060,11-08-2026,CVE-2026-62914,General Enterprise Technology,General Enterprise / Indian Attack Surface,CWE-79,CVSS v3.1: 7.3 — High,Theoretical / no exploitation evidence,Improper neutralization of input during web page generation ('cross-site scripting') in Microsoft Exchange Server allows an authorized attacker to perform spoofing over a network.,Apply vendor security patches.,https://nvd.nist.gov/vuln/detail/CVE-2026-62914
IN-VULN-2026-0061,11-08-2026,CVE-2026-63513,General Enterprise Technology,General Enterprise / Indian Attack Surface,CWE-122,CVSS v3.1: 7.8 — High,Theoretical / no exploitation evidence,Heap-based buffer overflow in Microsoft Office allows an unauthorized attacker to execute code locally.,Apply vendor security patches.,https://nvd.nist.gov/vuln/detail/CVE-2026-63513
IN-VULN-2026-0062,11-08-2026,CVE-2026-63514,General Enterprise Technology,General Enterprise / Indian Attack Surface,CWE-502,CVSS v3.1: 8.8 — High,Theoretical / no exploitation evidence,Deserialization of untrusted data in Microsoft Office SharePoint allows an authorized attacker to execute code over a network.,Apply vendor security patches.,https://nvd.nist.gov/vuln/detail/CVE-2026-63514
IN-VULN-2026-0063,11-08-2026,CVE-2026-63515,General Enterprise Technology,General Enterprise / Indian Attack Surface,CWE-125,CVSS v3.1: 7.8 — High,Theoretical / no exploitation evidence,Out-of-bounds read in Microsoft Office allows an unauthorized attacker to execute code locally.,Apply vendor security patches.,https://nvd.nist.gov/vuln/detail/CVE-2026-63515
IN-VULN-2026-0064,11-08-2026,CVE-2026-63518,General Enterprise Technology,General Enterprise / Indian Attack Surface,CWE-122,CVSS v3.1: 7.8 — High,Theoretical / no exploitation evidence,Heap-based buffer overflow in Microsoft Office Word allows an unauthorized attacker to execute code locally.,Apply vendor security patches.,https://nvd.nist.gov/vuln/detail/CVE-2026-63518
IN-VULN-2026-0065,11-08-2026,CVE-2026-63519,General Enterprise Technology,General Enterprise / Indian Attack Surface,CWE-122,CVSS v3.1: 7.8 — High,Theoretical / no exploitation evidence,Heap-based buffer overflow in Microsoft Office allows an unauthorized attacker to execute code locally.,Apply vendor security patches.,https://nvd.nist.gov/vuln/detail/CVE-2026-63519
IN-VULN-2026-0066,11-08-2026,CVE-2026-63520,General Enterprise Technology,General Enterprise / Indian Attack Surface,CWE-20,CVSS v3.1: 8.1 — High,Theoretical / no exploitation evidence,Improper input validation in Microsoft Office SharePoint allows an unauthorized attacker to execute code over a network.,Apply vendor security patches.,https://nvd.nist.gov/vuln/detail/CVE-2026-63520
IN-VULN-2026-0067,11-08-2026,CVE-2026-63525,General Enterprise Technology,General Enterprise / Indian Attack Surface,CWE-197,CVSS v3.1: 7.8 — High,Theoretical / no exploitation evidence,Numeric truncation error in Microsoft Office Word allows an unauthorized attacker to execute code locally.,Apply vendor security patches.,https://nvd.nist.gov/vuln/detail/CVE-2026-63525
IN-VULN-2026-0068,11-08-2026,CVE-2026-63526,General Enterprise Technology,General Enterprise / Indian Attack Surface,CWE-121,CVSS v3.1: 7.8 — High,Theoretical / no exploitation evidence,Stack-based buffer overflow in Microsoft Office allows an unauthorized attacker to execute code locally.,Apply vendor security patches.,https://nvd.nist.gov/vuln/detail/CVE-2026-63526
IN-VULN-2026-0069,11-08-2026,CVE-2026-63527,General Enterprise Technology,General Enterprise / Indian Attack Surface,CWE-121,CVSS v3.1: 7.8 — High,Theoretical / no exploitation evidence,Stack-based buffer overflow in Microsoft Office Word allows an unauthorized attacker to execute code locally.,Apply vendor security patches.,https://nvd.nist.gov/vuln/detail/CVE-2026-63527
IN-VULN-2026-0070,11-08-2026,CVE-2026-63532,General Enterprise Technology,General Enterprise / Indian Attack Surface,CWE-122,CVSS v3.1: 7.8 — High,Theoretical / no exploitation evidence,Integer overflow or wraparound in Microsoft Office allows an unauthorized attacker to execute code locally.,Apply vendor security patches.,https://nvd.nist.gov/vuln/detail/CVE-2026-63532
IN-VULN-2026-0071,11-08-2026,CVE-2026-63533,General Enterprise Technology,General Enterprise / Indian Attack Surface,CWE-122,CVSS v3.1: 7.8 — High,Theoretical / no exploitation evidence,Heap-based buffer overflow in Microsoft Office allows an unauthorized attacker to execute code locally.,Apply vendor security patches.,https://nvd.nist.gov/vuln/detail/CVE-2026-63533
IN-VULN-2026-0072,11-08-2026,CVE-2026-64898,General Enterprise Technology,General Enterprise / Indian Attack Surface,CWE-122,CVSS v3.1: 7.8 — High,Theoretical / no exploitation evidence,Heap-based buffer overflow in Microsoft Office allows an unauthorized attacker to execute code locally.,Apply vendor security patches.,https://nvd.nist.gov/vuln/detail/CVE-2026-64898
IN-VULN-2026-0073,11-08-2026,CVE-2026-64900,General Enterprise Technology,General Enterprise / Indian Attack Surface,CWE-79,CVSS v3.1: 7.3 — High,Theoretical / no exploitation evidence,Improper neutralization of input during web page generation ('cross-site scripting') in Microsoft Office SharePoint allows an authorized attacker to perform spoofing over a network.,Apply vendor security patches.,https://nvd.nist.gov/vuln/detail/CVE-2026-64900
IN-VULN-2026-0074,11-08-2026,CVE-2026-64901,General Enterprise Technology,General Enterprise / Indian Attack Surface,CWE-502,CVSS v3.1: 8.8 — High,Theoretical / no exploitation evidence,Deserialization of untrusted data in Microsoft Office SharePoint allows an authorized attacker to execute code over a network.,Apply vendor security patches.,https://nvd.nist.gov/vuln/detail/CVE-2026-64901
IN-VULN-2026-0075,11-08-2026,CVE-2026-64903,General Enterprise Technology,General Enterprise / Indian Attack Surface,CWE-122,CVSS v3.1: 7.8 — High,Theoretical / no exploitation evidence,Integer overflow or wraparound in Microsoft Office allows an unauthorized attacker to execute code locally.,Apply vendor security patches.,https://nvd.nist.gov/vuln/detail/CVE-2026-64903
IN-VULN-2026-0076,11-08-2026,CVE-2026-64904,General Enterprise Technology,General Enterprise / Indian Attack Surface,CWE-843,CVSS v3.1: 7.8 — High,Theoretical / no exploitation evidence,Access of resource using incompatible type ('type confusion') in Microsoft Office allows an unauthorized attacker to execute code locally.,Apply vendor security patches.,https://nvd.nist.gov/vuln/detail/CVE-2026-64904
IN-VULN-2026-0077,11-08-2026,CVE-2026-64905,General Enterprise Technology,General Enterprise / Indian Attack Surface,CWE-126,CVSS v3.1: 7.8 — High,Theoretical / no exploitation evidence,Buffer over-read in Microsoft Office Word allows an unauthorized attacker to execute code locally.,Apply vendor security patches.,https://nvd.nist.gov/vuln/detail/CVE-2026-64905
IN-VULN-2026-0078,11-08-2026,CVE-2026-64906,General Enterprise Technology,General Enterprise / Indian Attack Surface,CWE-122,CVSS v3.1: 7.8 — High,Theoretical / no exploitation evidence,Heap-based buffer overflow in Microsoft Office Access allows an unauthorized attacker to execute code locally.,Apply vendor security patches.,https://nvd.nist.gov/vuln/detail/CVE-2026-64906
IN-VULN-2026-0079,11-08-2026,CVE-2026-64907,General Enterprise Technology,General Enterprise / Indian Attack Surface,CWE-121,CVSS v3.1: 7.8 — High,Theoretical / no exploitation evidence,Stack-based buffer overflow in Microsoft Office Word allows an unauthorized attacker to execute code locally.,Apply vendor security patches.,https://nvd.nist.gov/vuln/detail/CVE-2026-64907
IN-VULN-2026-0080,11-08-2026,CVE-2026-64908,General Enterprise Technology,General Enterprise / Indian Attack Surface,CWE-122,CVSS v3.1: 7.8 — High,Theoretical / no exploitation evidence,Heap-based buffer overflow in Microsoft Office Access allows an unauthorized attacker to execute code locally.,Apply vendor security patches.,https://nvd.nist.gov/vuln/detail/CVE-2026-64908
IN-VULN-2026-0081,11-08-2026,CVE-2026-64909,General Enterprise Technology,General Enterprise / Indian Attack Surface,CWE-122,CVSS v3.1: 7.8 — High,Theoretical / no exploitation evidence,Integer underflow (wrap or wraparound) in Microsoft Office allows an unauthorized attacker to execute code locally.,Apply vendor security patches.,https://nvd.nist.gov/vuln/detail/CVE-2026-64909
IN-VULN-2026-0082,11-08-2026,CVE-2026-64910,General Enterprise Technology,General Enterprise / Indian Attack Surface,CWE-822,CVSS v3.1: 7.8 — High,Theoretical / no exploitation evidence,Untrusted pointer dereference in Microsoft Office allows an unauthorized attacker to execute code locally.,Apply vendor security patches.,https://nvd.nist.gov/vuln/detail/CVE-2026-64910
IN-VULN-2026-0083,11-08-2026,CVE-2026-64911,General Enterprise Technology,General Enterprise / Indian Attack Surface,CWE-122,CVSS v3.1: 7.8 — High,Theoretical / no exploitation evidence,Integer overflow or wraparound in Microsoft Office allows an unauthorized attacker to execute code locally.,Apply vendor security patches.,https://nvd.nist.gov/vuln/detail/CVE-2026-64911
IN-VULN-2026-0084,11-08-2026,CVE-2026-64912,General Enterprise Technology,General Enterprise / Indian Attack Surface,CWE-121,CVSS v3.1: 7.8 — High,Theoretical / no exploitation evidence,Stack-based buffer overflow in Microsoft Office Access allows an unauthorized attacker to execute code locally.,Apply vendor security patches.,https://nvd.nist.gov/vuln/detail/CVE-2026-64912
IN-VULN-2026-0085,11-08-2026,CVE-2026-64914,General Enterprise Technology,General Enterprise / Indian Attack Surface,CWE-122,CVSS v3.1: 7.8 — High,Theoretical / no exploitation evidence,Heap-based buffer overflow in Microsoft Office Access allows an unauthorized attacker to execute code locally.,Apply vendor security patches.,https://nvd.nist.gov/vuln/detail/CVE-2026-64914
IN-VULN-2026-0086,11-08-2026,CVE-2026-64915,General Enterprise Technology,General Enterprise / Indian Attack Surface,CWE-122,CVSS v3.1: 7.8 — High,Theoretical / no exploitation evidence,Heap-based buffer overflow in Microsoft Office Word allows an unauthorized attacker to execute code locally.,Apply vendor security patches.,https://nvd.nist.gov/vuln/detail/CVE-2026-64915
IN-VULN-2026-0087,11-08-2026,CVE-2026-64919,General Enterprise Technology,General Enterprise / Indian Attack Surface,CWE-121,CVSS v3.1: 7.8 — High,Theoretical / no exploitation evidence,Stack-based buffer overflow in Microsoft Office Access allows an unauthorized attacker to execute code locally.,Apply vendor security patches.,https://nvd.nist.gov/vuln/detail/CVE-2026-64919
IN-VULN-2026-0088,11-08-2026,CVE-2026-64920,General Enterprise Technology,General Enterprise / Indian Attack Surface,CWE-122,CVSS v3.1: 7.8 — High,Theoretical / no exploitation evidence,Heap-based buffer overflow in Microsoft Office Access allows an unauthorized attacker to execute code locally.,Apply vendor security patches.,https://nvd.nist.gov/vuln/detail/CVE-2026-64920
IN-VULN-2026-0089,11-08-2026,CVE-2026-64921,General Enterprise Technology,General Enterprise / Indian Attack Surface,CWE-306,CVSS v3.1: 8.8 — High,Theoretical / no exploitation evidence,Missing authentication for critical function in Microsoft Office SharePoint allows an authorized attacker to elevate privileges over a network.,Apply vendor security patches.,https://nvd.nist.gov/vuln/detail/CVE-2026-64921
IN-VULN-2026-0090,11-08-2026,CVE-2026-65656,General Enterprise Technology,General Enterprise / Indian Attack Surface,CWE-77,CVSS v3.1: 7.8 — High,Theoretical / no exploitation evidence,Improper neutralization of special elements used in a command ('command injection') in Microsoft Office allows an unauthorized attacker to execute code locally.,Apply vendor security patches.,https://nvd.nist.gov/vuln/detail/CVE-2026-65656
IN-VULN-2026-0091,11-08-2026,CVE-2026-65657,General Enterprise Technology,General Enterprise / Indian Attack Surface,CWE-416,CVSS v3.1: 7.8 — High,Theoretical / no exploitation evidence,Use after free in Microsoft Office allows an unauthorized attacker to execute code locally.,Apply vendor security patches.,https://nvd.nist.gov/vuln/detail/CVE-2026-65657
IN-VULN-2026-0092,11-08-2026,CVE-2026-65658,General Enterprise Technology,General Enterprise / Indian Attack Surface,CWE-502,CVSS v3.1: 8.8 — High,Theoretical / no exploitation evidence,Deserialization of untrusted data in Microsoft Office SharePoint allows an authorized attacker to execute code over a network.,Apply vendor security patches.,https://nvd.nist.gov/vuln/detail/CVE-2026-65658
IN-VULN-2026-0093,11-08-2026,CVE-2026-65660,General Enterprise Technology,General Enterprise / Indian Attack Surface,CWE-94,CVSS v3.1: 8.8 — High,Theoretical / no exploitation evidence,Improper control of generation of code ('code injection') in Microsoft Office SharePoint allows an authorized attacker to execute code over a network.,Apply vendor security patches.,https://nvd.nist.gov/vuln/detail/CVE-2026-65660
IN-VULN-2026-0094,11-08-2026,CVE-2026-65661,General Enterprise Technology,General Enterprise / Indian Attack Surface,CWE-122,CVSS v3.1: 7.8 — High,Theoretical / no exploitation evidence,Heap-based buffer overflow in Microsoft Office allows an unauthorized attacker to execute code locally.,Apply vendor security patches.,https://nvd.nist.gov/vuln/detail/CVE-2026-65661
IN-VULN-2026-0095,11-08-2026,CVE-2026-65663,General Enterprise Technology,General Enterprise / Indian Attack Surface,CWE-502,CVSS v3.1: 8.8 — High,Theoretical / no exploitation evidence,Deserialization of untrusted data in Microsoft Office SharePoint allows an authorized attacker to execute code over a network.,Apply vendor security patches.,https://nvd.nist.gov/vuln/detail/CVE-2026-65663
IN-VULN-2026-0096,11-08-2026,CVE-2026-65664,General Enterprise Technology,General Enterprise / Indian Attack Surface,CWE-122,CVSS v3.1: 7.8 — High,Theoretical / no exploitation evidence,Heap-based buffer overflow in Microsoft Office allows an unauthorized attacker to execute code locally.,Apply vendor security patches.,https://nvd.nist.gov/vuln/detail/CVE-2026-65664
IN-VULN-2026-0097,11-08-2026,CVE-2026-65665,General Enterprise Technology,General Enterprise / Indian Attack Surface,CWE-502,CVSS v3.1: 8.8 — High,Theoretical / no exploitation evidence,Deserialization of untrusted data in Microsoft Office SharePoint allows an authorized attacker to execute code over a network.,Apply vendor security patches.,https://nvd.nist.gov/vuln/detail/CVE-2026-65665
IN-VULN-2026-0098,11-08-2026,CVE-2026-65673,General Enterprise Technology,General Enterprise / Indian Attack Surface,CWE-89,CVSS v3.1: 7.8 — High,Theoretical / no exploitation evidence,Improper neutralization of special elements used in an sql command ('sql injection') in Microsoft Entra Connect Sync allows an authorized attacker to elevate privileges locally.,Apply vendor security patches.,https://nvd.nist.gov/vuln/detail/CVE-2026-65673
IN-VULN-2026-0099,11-08-2026,CVE-2026-65767,General Enterprise Technology,General Enterprise / Indian Attack Surface,CWE-79,CVSS v3.1: 8.8 — High,Theoretical / no exploitation evidence,Improper neutralization of input during web page generation ('cross-site scripting') in Microsoft Teams for Android allows an authorized attacker to perform spoofing over a network.,Apply vendor security patches.,https://nvd.nist.gov/vuln/detail/CVE-2026-65767
IN-VULN-2026-0100,11-08-2026,CVE-2026-65768,General Enterprise Technology,General Enterprise / Indian Attack Surface,CWE-22,CVSS v3.1: 8.8 — High,Theoretical / no exploitation evidence,Improper limitation of a pathname to a restricted directory ('path traversal') in Microsoft Teams for Android allows an unauthorized attacker to execute code over a network.,Apply vendor security patches.,https://nvd.nist.gov/vuln/detail/CVE-2026-65768
IN-VULN-2026-0101,11-08-2026,CVE-2026-65807,General Enterprise Technology,General Enterprise / Indian Attack Surface,CWE-843,CVSS v3.1: 8.8 — High,Theoretical / no exploitation evidence,Access of resource using incompatible type ('type confusion') in Microsoft Office Excel allows an unauthorized attacker to execute code over a network.,Apply vendor security patches.,https://nvd.nist.gov/vuln/detail/CVE-2026-65807
IN-VULN-2026-0102,11-08-2026,CVE-2026-65815,General Enterprise Technology,General Enterprise / Indian Attack Surface,CWE-502,CVSS v3.1: 8.8 — High,Theoretical / no exploitation evidence,Deserialization of untrusted data in Microsoft Dynamics 365 (on-premises) allows an authorized attacker to execute code over a network.,Apply vendor security patches.,https://nvd.nist.gov/vuln/detail/CVE-2026-65815
IN-VULN-2026-0103,11-08-2026,CVE-2026-66805,General Enterprise Technology,General Enterprise / Indian Attack Surface,CWE-502,CVSS v3.1: 8.8 — High,Theoretical / no exploitation evidence,Deserialization of untrusted data in Microsoft Office SharePoint allows an authorized attacker to execute code over a network.,Apply vendor security patches.,https://nvd.nist.gov/vuln/detail/CVE-2026-66805
IN-VULN-2026-0104,11-08-2026,CVE-2026-66807,General Enterprise Technology,General Enterprise / Indian Attack Surface,CWE-121,CVSS v3.1: 7.8 — High,Theoretical / no exploitation evidence,Stack-based buffer overflow in Microsoft Office allows an unauthorized attacker to execute code locally.,Apply vendor security patches.,https://nvd.nist.gov/vuln/detail/CVE-2026-66807
IN-VULN-2026-0105,11-08-2026,CVE-2026-66808,General Enterprise Technology,General Enterprise / Indian Attack Surface,CWE-502,CVSS v3.1: 8.8 — High,Theoretical / no exploitation evidence,Deserialization of untrusted data in Microsoft Office SharePoint allows an authorized attacker to execute code over a network.,Apply vendor security patches.,https://nvd.nist.gov/vuln/detail/CVE-2026-66808
IN-VULN-2026-0106,11-08-2026,CVE-2026-68792,General Enterprise Technology,General Enterprise / Indian Attack Surface,CWE-77,CVSS v3.1: 7.8 — High,Theoretical / no exploitation evidence,Improper neutralization of special elements used in a command ('command injection') in Microsoft Office allows an authorized attacker to elevate privileges locally.,Apply vendor security patches.,https://nvd.nist.gov/vuln/detail/CVE-2026-68792
IN-VULN-2026-0107,11-08-2026,CVE-2026-68793,General Enterprise Technology,General Enterprise / Indian Attack Surface,CWE-125,CVSS v3.1: 7.8 — High,Theoretical / no exploitation evidence,Out-of-bounds read in Microsoft Office Excel allows an unauthorized attacker to execute code locally.,Apply vendor security patches.,https://nvd.nist.gov/vuln/detail/CVE-2026-68793
IN-VULN-2026-0108,11-08-2026,CVE-2026-68794,General Enterprise Technology,General Enterprise / Indian Attack Surface,CWE-122,CVSS v3.1: 7.8 — High,Theoretical / no exploitation evidence,Heap-based buffer overflow in Microsoft Office Excel allows an unauthorized attacker to execute code locally.,Apply vendor security patches.,https://nvd.nist.gov/vuln/detail/CVE-2026-68794
IN-VULN-2026-0109,11-08-2026,CVE-2026-68795,General Enterprise Technology,General Enterprise / Indian Attack Surface,CWE-121,CVSS v3.1: 7.8 — High,Theoretical / no exploitation evidence,Stack-based buffer overflow in Microsoft Office Excel allows an unauthorized attacker to execute code locally.,Apply vendor security patches.,https://nvd.nist.gov/vuln/detail/CVE-2026-68795
IN-VULN-2026-0110,11-08-2026,CVE-2026-68796,General Enterprise Technology,General Enterprise / Indian Attack Surface,CWE-122,CVSS v3.1: 7.8 — High,Theoretical / no exploitation evidence,Heap-based buffer overflow in Microsoft Office Excel allows an unauthorized attacker to execute code locally.,Apply vendor security patches.,https://nvd.nist.gov/vuln/detail/CVE-2026-68796
IN-VULN-2026-0111,11-08-2026,CVE-2026-68798,General Enterprise Technology,General Enterprise / Indian Attack Surface,CWE-122,CVSS v3.1: 7.8 — High,Theoretical / no exploitation evidence,Heap-based buffer overflow in Microsoft Office Excel allows an unauthorized attacker to execute code locally.,Apply vendor security patches.,https://nvd.nist.gov/vuln/detail/CVE-2026-68798
IN-VULN-2026-0112,11-08-2026,CVE-2026-68800,General Enterprise Technology,General Enterprise / Indian Attack Surface,CWE-122,CVSS v3.1: 7.8 — High,Theoretical / no exploitation evidence,Heap-based buffer overflow in Microsoft Office Excel allows an unauthorized attacker to execute code locally.,Apply vendor security patches.,https://nvd.nist.gov/vuln/detail/CVE-2026-68800
IN-VULN-2026-0113,11-08-2026,CVE-2026-68801,General Enterprise Technology,General Enterprise / Indian Attack Surface,CWE-122,CVSS v3.1: 7.8 — High,Theoretical / no exploitation evidence,Heap-based buffer overflow in Microsoft Office Excel allows an unauthorized attacker to execute code locally.,Apply vendor security patches.,https://nvd.nist.gov/vuln/detail/CVE-2026-68801
IN-VULN-2026-0114,11-08-2026,CVE-2026-68803,General Enterprise Technology,General Enterprise / Indian Attack Surface,CWE-843,CVSS v3.1: 7.8 — High,Theoretical / no exploitation evidence,Access of resource using incompatible type ('type confusion') in Microsoft Office Excel allows an unauthorized attacker to execute code locally.,Apply vendor security patches.,https://nvd.nist.gov/vuln/detail/CVE-2026-68803
IN-VULN-2026-0115,11-08-2026,CVE-2026-68804,General Enterprise Technology,General Enterprise / Indian Attack Surface,CWE-122,CVSS v3.1: 7.8 — High,Theoretical / no exploitation evidence,Numeric truncation error in Microsoft Office Excel allows an unauthorized attacker to execute code locally.,Apply vendor security patches.,https://nvd.nist.gov/vuln/detail/CVE-2026-68804
IN-VULN-2026-0116,11-08-2026,CVE-2026-68805,General Enterprise Technology,General Enterprise / Indian Attack Surface,CWE-122,CVSS v3.1: 7.8 — High,Theoretical / no exploitation evidence,Heap-based buffer overflow in Microsoft Office Excel allows an unauthorized attacker to execute code locally.,Apply vendor security patches.,https://nvd.nist.gov/vuln/detail/CVE-2026-68805
IN-VULN-2026-0117,11-08-2026,CVE-2026-68806,General Enterprise Technology,General Enterprise / Indian Attack Surface,CWE-787,CVSS v3.1: 7.8 — High,Theoretical / no exploitation evidence,Out-of-bounds write in Microsoft Office Excel allows an unauthorized attacker to execute code locally.,Apply vendor security patches.,https://nvd.nist.gov/vuln/detail/CVE-2026-68806
IN-VULN-2026-0118,11-08-2026,CVE-2026-68807,General Enterprise Technology,General Enterprise / Indian Attack Surface,CWE-122,CVSS v3.1: 7.8 — High,Theoretical / no exploitation evidence,Heap-based buffer overflow in Microsoft Office Excel allows an unauthorized attacker to execute code locally.,Apply vendor security patches.,https://nvd.nist.gov/vuln/detail/CVE-2026-68807
IN-VULN-2026-0119,11-08-2026,CVE-2026-68810,General Enterprise Technology,General Enterprise / Indian Attack Surface,CWE-822,CVSS v3.1: 7.8 — High,Theoretical / no exploitation evidence,Untrusted pointer dereference in Microsoft Office Excel allows an unauthorized attacker to execute code locally.,Apply vendor security patches.,https://nvd.nist.gov/vuln/detail/CVE-2026-68810
IN-VULN-2026-0120,11-08-2026,CVE-2026-68811,General Enterprise Technology,General Enterprise / Indian Attack Surface,CWE-843,CVSS v3.1: 7.8 — High,Theoretical / no exploitation evidence,Access of resource using incompatible type ('type confusion') in Microsoft Office Excel allows an unauthorized attacker to execute code locally.,Apply vendor security patches.,https://nvd.nist.gov/vuln/detail/CVE-2026-68811
IN-VULN-2026-0121,11-08-2026,CVE-2026-68812,General Enterprise Technology,General Enterprise / Indian Attack Surface,CWE-122,CVSS v3.1: 7.8 — High,Theoretical / no exploitation evidence,Heap-based buffer overflow in Microsoft Office Excel allows an unauthorized attacker to execute code locally.,Apply vendor security patches.,https://nvd.nist.gov/vuln/detail/CVE-2026-68812
IN-VULN-2026-0122,11-08-2026,CVE-2026-68814,General Enterprise Technology,General Enterprise / Indian Attack Surface,CWE-125,CVSS v3.1: 7.8 — High,Theoretical / no exploitation evidence,Out-of-bounds read in Microsoft Office Excel allows an unauthorized attacker to execute code locally.,Apply vendor security patches.,https://nvd.nist.gov/vuln/detail/CVE-2026-68814
IN-VULN-2026-0123,11-08-2026,CVE-2026-68815,General Enterprise Technology,General Enterprise / Indian Attack Surface,CWE-122,CVSS v3.1: 7.8 — High,Theoretical / no exploitation evidence,Heap-based buffer overflow in Microsoft Office Excel allows an unauthorized attacker to execute code locally.,Apply vendor security patches.,https://nvd.nist.gov/vuln/detail/CVE-2026-68815
IN-VULN-2026-0124,11-08-2026,CVE-2026-68816,General Enterprise Technology,General Enterprise / Indian Attack Surface,CWE-121,CVSS v3.1: 7.8 — High,Theoretical / no exploitation evidence,Stack-based buffer overflow in Microsoft Office Excel allows an unauthorized attacker to execute code locally.,Apply vendor security patches.,https://nvd.nist.gov/vuln/detail/CVE-2026-68816
IN-VULN-2026-0125,11-08-2026,CVE-2026-68817,General Enterprise Technology,General Enterprise / Indian Attack Surface,CWE-121,CVSS v3.1: 7.8 — High,Theoretical / no exploitation evidence,Stack-based buffer overflow in Microsoft Office Excel allows an unauthorized attacker to execute code locally.,Apply vendor security patches.,https://nvd.nist.gov/vuln/detail/CVE-2026-68817
IN-VULN-2026-0126,11-08-2026,CVE-2026-70130,General Enterprise Technology,General Enterprise / Indian Attack Surface,CWE-122,CVSS v3.1: 8.4 — High,Theoretical / no exploitation evidence,Heap-based buffer overflow in Microsoft Office allows an unauthorized attacker to execute code locally.,Apply vendor security patches.,https://nvd.nist.gov/vuln/detail/CVE-2026-70130
IN-VULN-2026-0127,11-08-2026,CVE-2026-70306,General Enterprise Technology,General Enterprise / Indian Attack Surface,CWE-79,CVSS v3.1: 9.3 — Critical,Theoretical / no exploitation evidence,Improper neutralization of input during web page generation ('cross-site scripting') in Microsoft Office SharePoint allows an unauthorized attacker to perform spoofing over a network.,Apply vendor security patches.,https://nvd.nist.gov/vuln/detail/CVE-2026-70306
IN-VULN-2026-0128,11-08-2026,CVE-2026-70311,General Enterprise Technology,General Enterprise / Indian Attack Surface,CWE-416,CVSS v3.1: 7.8 — High,Theoretical / no exploitation evidence,Use after free in Microsoft Office Word allows an unauthorized attacker to execute code locally.,Apply vendor security patches.,https://nvd.nist.gov/vuln/detail/CVE-2026-70311
IN-VULN-2026-0129,11-08-2026,CVE-2026-70313,General Enterprise Technology,General Enterprise / Indian Attack Surface,CWE-20,CVSS v3.1: 7.8 — High,Theoretical / no exploitation evidence,Improper input validation in Microsoft Office PowerPoint allows an unauthorized attacker to disclose information locally.,Apply vendor security patches.,https://nvd.nist.gov/vuln/detail/CVE-2026-70313
IN-VULN-2026-0130,11-08-2026,CVE-2026-70321,General Enterprise Technology,General Enterprise / Indian Attack Surface,CWE-502,CVSS v3.1: 8.8 — High,Theoretical / no exploitation evidence,Deserialization of untrusted data in Microsoft Office SharePoint allows an authorized attacker to execute code over a network.,Apply vendor security patches.,https://nvd.nist.gov/vuln/detail/CVE-2026-70321
IN-VULN-2026-0131,11-08-2026,CVE-2026-70324,General Enterprise Technology,General Enterprise / Indian Attack Surface,CWE-918,CVSS v3.1: 8.8 — High,Theoretical / no exploitation evidence,Server-side request forgery (ssrf) in Microsoft Office SharePoint allows an authorized attacker to elevate privileges over a network.,Apply vendor security patches.,https://nvd.nist.gov/vuln/detail/CVE-2026-70324
IN-VULN-2026-0132,11-08-2026,CVE-2026-70326,General Enterprise Technology,General Enterprise / Indian Attack Surface,CWE-918,CVSS v3.1: 8.8 — High,Theoretical / no exploitation evidence,Server-side request forgery (ssrf) in Microsoft Office SharePoint allows an authorized attacker to elevate privileges over a network.,Apply vendor security patches.,https://nvd.nist.gov/vuln/detail/CVE-2026-70326
IN-VULN-2026-0133,11-08-2026,CVE-2026-70329,General Enterprise Technology,General Enterprise / Indian Attack Surface,CWE-190,CVSS v3.1: 8.8 — High,Theoretical / no exploitation evidence,Integer overflow or wraparound in Microsoft Office Outlook allows an unauthorized attacker to execute code over a network.,Apply vendor security patches.,https://nvd.nist.gov/vuln/detail/CVE-2026-70329
IN-VULN-2026-0134,11-08-2026,CVE-2026-70337,General Enterprise Technology,General Enterprise / Indian Attack Surface,CWE-23,CVSS v3.1: 8.8 — High,Theoretical / no exploitation evidence,Relative path traversal in Microsoft PowerShell Core allows an unauthorized attacker to execute code over a network.,Apply vendor security patches.,https://nvd.nist.gov/vuln/detail/CVE-2026-70337
IN-VULN-2026-0135,11-08-2026,CVE-2026-70338,General Enterprise Technology,General Enterprise / Indian Attack Surface,CWE-94,CVSS v3.1: 7.8 — High,Theoretical / no exploitation evidence,Improper control of generation of code ('code injection') in Microsoft PowerShell allows an unauthorized attacker to bypass a security feature locally.,Apply vendor security patches.,https://nvd.nist.gov/vuln/detail/CVE-2026-70338
IN-VULN-2026-0136,11-08-2026,CVE-2026-70355,General Enterprise Technology,General Enterprise / Indian Attack Surface,CWE-79,CVSS v3.1: 7.3 — High,Theoretical / no exploitation evidence,Improper neutralization of input during web page generation ('cross-site scripting') in Microsoft Office SharePoint allows an authorized attacker to elevate privileges over a network.,Apply vendor security patches.,https://nvd.nist.gov/vuln/detail/CVE-2026-70355
IN-VULN-2026-0137,11-08-2026,CVE-2022-50997,General Enterprise Technology,General Enterprise / Indian Attack Surface,CWE-89,CVSS v3.1: 7.5 — High,Theoretical / no exploitation evidence,Weaver (Fanwei) E-cology 8.0 and 9.0 contains a SQL injection vulnerability in the HrmCareerApplyPerView.jsp endpoint that allows unauthenticated remote attackers to extract arbitrary data from the backend database by manipulating the id GET paramete...,Apply vendor security patches.,https://nvd.nist.gov/vuln/detail/CVE-2022-50997
IN-VULN-2026-0138,11-08-2026,CVE-2026-27302,General Enterprise Technology,General Enterprise / Indian Attack Surface,CWE-863,CVSS v3.1: 10.0 — Critical,Theoretical / no exploitation evidence,Adobe Campaign Classic (ACC) is affected by an Incorrect Authorization vulnerability that could result in arbitrary code execution in the context of the current user. An attacker could exploit this vulnerability to execute arbitrary code. Exploitatio...,Apply vendor security patches.,https://nvd.nist.gov/vuln/detail/CVE-2026-27302
IN-VULN-2026-0139,11-08-2026,CVE-2026-47705,General Enterprise Technology,General Enterprise / Indian Attack Surface,CWE-1236,CVSS v3.1: 9.6 — Critical,Theoretical / no exploitation evidence,TypeBot is a chatbot builder tool. Version 3.16.1 has a CSV injection vulnerability in the result export functionality. The application does not sanitize or escape user-supplied input when generating CSV files. An attacker can inject spreadsheet form...,Apply vendor security patches.,https://nvd.nist.gov/vuln/detail/CVE-2026-47705
IN-VULN-2026-0140,11-08-2026,CVE-2026-48381,General Enterprise Technology,General Enterprise / Indian Attack Surface,CWE-89,CVSS v3.1: 9.0 — Critical,Theoretical / no exploitation evidence,Adobe Campaign Classic (ACC) is affected by an Improper Neutralization of Special Elements used in an SQL Command ('SQL Injection') vulnerability that could result in arbitrary code execution in the context of the current user. An attacker could expl...,Apply vendor security patches.,https://nvd.nist.gov/vuln/detail/CVE-2026-48381
IN-VULN-2026-0141,11-08-2026,CVE-2026-48413,General Enterprise Technology,General Enterprise / Indian Attack Surface,CWE-79,CVSS v3.1: 8.7 — High,Theoretical / no exploitation evidence,Adobe Commerce is affected by a stored Cross-Site Scripting (XSS) vulnerability that could be abused by a low-privileged attacker to inject malicious scripts into vulnerable form fields. Malicious JavaScript may be executed in a victim's browser when...,Apply vendor security patches.,https://nvd.nist.gov/vuln/detail/CVE-2026-48413
IN-VULN-2026-0142,11-08-2026,CVE-2026-48414,General Enterprise Technology,General Enterprise / Indian Attack Surface,CWE-79,CVSS v3.1: 7.7 — High,Theoretical / no exploitation evidence,Adobe Commerce is affected by a stored Cross-Site Scripting (XSS) vulnerability that could be abused by a low-privileged attacker to inject malicious scripts into vulnerable form fields. Malicious JavaScript may be executed in a victim's browser when...,Apply vendor security patches.,https://nvd.nist.gov/vuln/detail/CVE-2026-48414
IN-VULN-2026-0143,11-08-2026,CVE-2026-48415,General Enterprise Technology,General Enterprise / Indian Attack Surface,CWE-863,CVSS v3.1: 7.6 — High,Theoretical / no exploitation evidence,Adobe Commerce is affected by an Incorrect Authorization vulnerability that could result in a Security feature bypass. A low-privileged attacker could leverage this vulnerability to bypass security measures and gain unauthorized read and write access...,Apply vendor security patches.,https://nvd.nist.gov/vuln/detail/CVE-2026-48415
IN-VULN-2026-0144,11-08-2026,CVE-2026-48416,General Enterprise Technology,General Enterprise / Indian Attack Surface,CWE-863,CVSS v3.1: 7.5 — High,Theoretical / no exploitation evidence,Adobe Commerce is affected by an Incorrect Authorization vulnerability that could result in a Security feature bypass. An attacker could leverage this vulnerability to bypass security measures and gain unauthorized read access. Exploitation of this i...,Apply vendor security patches.,https://nvd.nist.gov/vuln/detail/CVE-2026-48416
IN-VULN-2026-0145,11-08-2026,CVE-2026-48767,General Enterprise Technology,General Enterprise / Indian Attack Surface,CWE-200,CVSS v3.1: 7.6 — High,Theoretical / no exploitation evidence,TypeBot is a chatbot builder tool. Versions prior to 3.17.0 allow a low-privilege guest member of a workspace to obtain a live Google Sheets OAuth access token for that workspace by calling the Google Sheets helper `getAccessToken`. The vulnerable pa...,Apply vendor security patches.,https://nvd.nist.gov/vuln/detail/CVE-2026-48767
IN-VULN-2026-0146,11-08-2026,CVE-2026-71362,General Enterprise Technology,General Enterprise / Indian Attack Surface,CWE-863,CVSS v3.1: 9.1 — Critical,Theoretical / no exploitation evidence,Adobe Commerce is affected by an Incorrect Authorization vulnerability that could result in privilege escalation. An attacker could leverage this vulnerability to gain elevated access to sensitive resources. Exploitation of this issue does not requir...,Apply vendor security patches.,https://nvd.nist.gov/vuln/detail/CVE-2026-71362
IN-VULN-2026-0147,11-08-2026,CVE-2026-71398,General Enterprise Technology,General Enterprise / Indian Attack Surface,CWE-863,CVSS v3.1: 10.0 — Critical,Theoretical / no exploitation evidence,Adobe Campaign Classic (ACC) is affected by an Incorrect Authorization vulnerability that could result in arbitrary code execution in the context of the current user. An attacker could exploit this vulnerability to execute arbitrary code. Exploitatio...,Apply vendor security patches.,https://nvd.nist.gov/vuln/detail/CVE-2026-71398
IN-VULN-2026-0148,11-08-2026,CVE-2026-19556,General Enterprise Technology,General Enterprise / Indian Attack Surface,CWE-416,CVSS v3.1: 8.8 — High,Theoretical / no exploitation evidence,Use after free in V8 in Google Chrome prior to 151.0.7922.137 allowed a remote attacker to execute arbitrary code inside a sandbox via a crafted HTML page. (Chromium security severity: High),Apply vendor security patches.,https://nvd.nist.gov/vuln/detail/CVE-2026-19556
IN-VULN-2026-0149,11-08-2026,CVE-2026-19557,General Enterprise Technology,General Enterprise / Indian Attack Surface,CWE-416,CVSS v3.1: 8.3 — High,Theoretical / no exploitation evidence,Use after free in TabStrip in Google Chrome on Mac prior to 151.0.7922.137 allowed a remote attacker who had compromised the renderer process to potentially perform a sandbox escape via a crafted HTML page. (Chromium security severity: High),Apply vendor security patches.,https://nvd.nist.gov/vuln/detail/CVE-2026-19557
IN-VULN-2026-0150,11-08-2026,CVE-2026-19558,General Enterprise Technology,General Enterprise / Indian Attack Surface,CWE-416,CVSS v3.1: 7.5 — High,Theoretical / no exploitation evidence,Use after free in Extensions in Google Chrome prior to 151.0.7922.137 allowed an attacker who convinced a user to install a malicious extension to execute arbitrary code inside a sandbox via a crafted Chrome Extension. (Chromium security severity: Hi...,Apply vendor security patches.,https://nvd.nist.gov/vuln/detail/CVE-2026-19558
IN-VULN-2026-0151,11-08-2026,CVE-2026-19559,General Enterprise Technology,General Enterprise / Indian Attack Surface,CWE-416,CVSS v3.1: 8.8 — High,Theoretical / no exploitation evidence,Use after free in HTML in Google Chrome prior to 151.0.7922.137 allowed a remote attacker to execute arbitrary code inside a sandbox via a crafted HTML page. (Chromium security severity: High),Apply vendor security patches.,https://nvd.nist.gov/vuln/detail/CVE-2026-19559
IN-VULN-2026-0152,11-08-2026,CVE-2026-19560,General Enterprise Technology,General Enterprise / Indian Attack Surface,CWE-416,CVSS v3.1: 8.8 — High,Theoretical / no exploitation evidence,Use after free in Blink in Google Chrome prior to 151.0.7922.137 allowed a remote attacker to execute arbitrary code inside a sandbox via a crafted HTML page. (Chromium security severity: High),Apply vendor security patches.,https://nvd.nist.gov/vuln/detail/CVE-2026-19560
IN-VULN-2026-0153,12-08-2026,CVE-2026-70465,General Enterprise Technology,General Enterprise / Indian Attack Surface,CWE-120,CVSS v3.1: 8.1 — High,Theoretical / no exploitation evidence,"A buffer copy without checking size of input ('classic buffer overflow') vulnerability in Fortinet FortiClientWindows 7.4.0 through 7.4.3, FortiClientWindows 7.2.0 through 7.2.11 may allow an unauthenticated attacker in a position to alter or craft D...",Apply vendor security patches.,https://nvd.nist.gov/vuln/detail/CVE-2026-70465
IN-VULN-2026-0154,12-08-2026,CVE-2026-26035,General Enterprise Technology,General Enterprise / Indian Attack Surface,CWE-287,CVSS v3.1: 9.8 — Critical,Theoretical / no exploitation evidence,"An Improper Authentication vulnerability [CWE-287] vulnerability in Fortinet FortiWeb 8.0.0 through 8.0.2, FortiWeb 7.6.0 through 7.6.6, FortiWeb 7.4.0 through 7.4.11, FortiWeb 7.2.0 through 7.2.12, FortiWeb 7.0.0 through 7.0.12 may allow a remote un...",Apply vendor security patches.,https://nvd.nist.gov/vuln/detail/CVE-2026-26035
IN-VULN-2026-0155,12-08-2026,CVE-2026-70468,General Enterprise Technology,General Enterprise / Indian Attack Surface,CWE-288,CVSS v3.1: 8.1 — High,Theoretical / no exploitation evidence,"A authentication bypass using an alternate path or channel vulnerability in Fortinet FortiManager 7.6.1, FortiManager 7.4.3 through 7.4.5, FortiManager 7.2.5 through 7.2.9, FortiManager Cloud 7.6.1, FortiManager Cloud 7.4.3 through 7.4.5, FortiManage...",Apply vendor security patches.,https://nvd.nist.gov/vuln/detail/CVE-2026-70468
IN-VULN-2026-0156,12-08-2026,CVE-2026-73296,General Enterprise Technology,General Enterprise / Indian Attack Surface,CWE-306,CVSS v3.1: 9.4 — Critical,Theoretical / no exploitation evidence,"Microsoft UFO open-source framework for intelligent automation across devices and platforms. Prior to 3.0.8, create_mobile_data_collection_server and create_mobile_action_server in ufo/client/mcp/http_servers/mobile_mcp_server.py exposed Streamable H...",Apply vendor security patches.,https://nvd.nist.gov/vuln/detail/CVE-2026-73296
IN-VULN-2026-0157,13-08-2026,CVE-2026-0299,General Enterprise Technology,General Enterprise / Indian Attack Surface,CWE-426,CVSS v3.1: 7.8 — High,Theoretical / no exploitation evidence,"Local privilege escalation vulnerabilities in the Palo Alto Networks GlobalProtect™ app enable a local user to escalate their privileges to NT AUTHORITY\SYSTEM on Windows, and root on macOS and Linux. This enables a non-administrative user to execute...",Apply vendor security patches.,https://nvd.nist.gov/vuln/detail/CVE-2026-0299
IN-VULN-2026-0158,13-08-2026,CVE-2026-0301,General Enterprise Technology,General Enterprise / Indian Attack Surface,CWE-908,CVSS v3.1: 7.5 — High,Theoretical / no exploitation evidence,"An information disclosure vulnerability in the URL Filtering feature of Palo Alto Networks PAN-OS® software enables an unauthenticated user with network access to obtain sensitive information.

Panorama is not impacted by this vulnerability.",Apply vendor security patches.,https://nvd.nist.gov/vuln/detail/CVE-2026-0301
IN-VULN-2026-0159,13-08-2026,CVE-2026-28185,General Enterprise Technology,General Enterprise / Indian Attack Surface,CWE-345,CVSS v3.1: 9.8 — Critical,Theoretical / no exploitation evidence,Unauthenticated Broken Authentication in Log in with Google <= 1.4.2 versions.,Apply vendor security patches.,https://nvd.nist.gov/vuln/detail/CVE-2026-28185
IN-VULN-2026-0160,13-08-2026,CVE-2024-58374,General Enterprise Technology,General Enterprise / Indian Attack Surface,CWE-89,CVSS v3.1: 7.5 — High,Theoretical / no exploitation evidence,Hongjing e-HR contains an unauthenticated SQL injection vulnerability in the getSdutyTree servlet endpoint that allows remote unauthenticated attackers to access protected resources by supplying a path traversal sequence in the request URI to bypass ...,Apply vendor security patches.,https://nvd.nist.gov/vuln/detail/CVE-2024-58374
IN-VULN-2026-0161,13-08-2026,CVE-2026-73655,General Enterprise Technology,General Enterprise / Indian Attack Surface,CWE-287,CVSS v3.1: 7.4 — High,Theoretical / no exploitation evidence,"Trigger.dev is a platform for building and deploying fully managed AI agents and workflows. Prior to 4.5.2, addGoogleStrategy() in apps/webapp/app/services/googleAuth.server.ts passes a Google profile email to findOrCreateGoogleUser() in apps/webapp/...",Apply vendor security patches.,https://nvd.nist.gov/vuln/detail/CVE-2026-73655
IN-VULN-2026-0162,13-08-2026,CVE-2026-72853,General Enterprise Technology,General Enterprise / Indian Attack Surface,CWE-89,CVSS v3.1: 7.6 — High,Theoretical / no exploitation evidence,Budibase before 3.40.0 contains a SQL injection vulnerability in the Oracle datasource connector's post-write row lookup that fails to escape table names in identifiers. Attackers with write permission on a table with a double-quote in its name can i...,Apply vendor security patches.,https://nvd.nist.gov/vuln/detail/CVE-2026-72853
IN-VULN-2026-0163,14-08-2026,CVE-2026-72970,General Enterprise Technology,General Enterprise / Indian Attack Surface,CWE-122,CVSS v3.1: 8.3 — High,Theoretical / no exploitation evidence,Heap-based buffer overflow in Microsoft Edge (Chromium-based) allows an unauthorized attacker to execute code over a network.,Apply vendor security patches.,https://nvd.nist.gov/vuln/detail/CVE-2026-72970
IN-VULN-2026-0164,14-08-2026,CVE-2026-50523,General Enterprise Technology,General Enterprise / Indian Attack Surface,CWE-77,CVSS v3.1: 7.8 — High,Theoretical / no exploitation evidence,Improper neutralization of special elements used in a command ('command injection') in Microsoft PowerShell allows an authorized attacker to execute code locally.,Apply vendor security patches.,https://nvd.nist.gov/vuln/detail/CVE-2026-50523
IN-VULN-2026-0165,14-08-2026,CVE-2026-69414,General Enterprise Technology,General Enterprise / Indian Attack Surface,CWE-284,CVSS v3.1: 7.8 — High,Theoretical / no exploitation evidence,Microsoft is aware of an elevation of privilege in the Microsoft Malware Protection Engine in Microsoft Defender publicly referred to as &quot;ShieldBreak &quot;.,Apply vendor security patches.,https://nvd.nist.gov/vuln/detail/CVE-2026-69414
IN-VULN-2026-0166,15-08-2026,CVE-2026-13360,General Enterprise Technology,General Enterprise / Indian Attack Surface,CWE-79,CVSS v3.1: 7.2 — High,Theoretical / no exploitation evidence,"The Cookie Banner for GDPR / CCPA – WPLP Cookie Consent plugin for WordPress is vulnerable to Stored Cross-Site Scripting via the 'regionArray' parameter in all versions up to, and including, 4.3.5 due to insufficient input sanitization and output es...",Apply vendor security patches.,https://nvd.nist.gov/vuln/detail/CVE-2026-13360
IN-VULN-2026-0167,15-08-2026,CVE-2026-72289,General Enterprise Technology,General Enterprise / Indian Attack Surface,Not publicly specified,CVSS v3.1: 9.3 — Critical,Theoretical / no exploitation evidence,"In the Linux kernel, the following vulnerability has been resolved:

KVM: arm64: vgic: Check the interrupt is still ours before migrating it

vgic_prune_ap_list() drops both ap_list_lock and irq_lock while migrating
an interrupt to another vCPU. Afte...",Apply vendor security patches.,https://nvd.nist.gov/vuln/detail/CVE-2026-72289
IN-VULN-2026-0168,15-08-2026,CVE-2026-74255,General Enterprise Technology,General Enterprise / Indian Attack Surface,Not publicly specified,CVSS v3.1: 9.8 — Critical,Theoretical / no exploitation evidence,"In the Linux kernel, the following vulnerability has been resolved:

tipc: fix UAF in tipc_l2_send_msg()

Syzbot reported a slab-use-after-free in ipvlan_hard_header() when
called from tipc_l2_send_msg().

The root cause is that tipc_disable_l2_media...",Apply vendor security patches.,https://nvd.nist.gov/vuln/detail/CVE-2026-74255
IN-VULN-2026-0169,15-08-2026,CVE-2026-74257,General Enterprise Technology,General Enterprise / Indian Attack Surface,Not publicly specified,CVSS v3.1: 7.8 — High,Theoretical / no exploitation evidence,"In the Linux kernel, the following vulnerability has been resolved:

sockmap: Fix use-after-free in udp_bpf_recvmsg()

syzbot reported use-after-free of struct sk_msg in sk_msg_recvmsg(). [0]

sk_msg_recvmsg() peeks sk_msg from psock->ingress_msg und...",Apply vendor security patches.,https://nvd.nist.gov/vuln/detail/CVE-2026-74257
IN-VULN-2026-0170,15-08-2026,CVE-2026-74264,General Enterprise Technology,General Enterprise / Indian Attack Surface,Not publicly specified,CVSS v3.1: 7.8 — High,Theoretical / no exploitation evidence,"In the Linux kernel, the following vulnerability has been resolved:

net: watchdog: fix refcount tracking races

Blamed commit converted the untracked dev_hold()/dev_put() calls
in the watchdog code to use the tracked dev_hold_track()/dev_put_track()...",Apply vendor security patches.,https://nvd.nist.gov/vuln/detail/CVE-2026-74264
IN-VULN-2026-0171,15-08-2026,CVE-2026-74289,General Enterprise Technology,General Enterprise / Indian Attack Surface,Not publicly specified,CVSS v3.1: 7.8 — High,Theoretical / no exploitation evidence,"In the Linux kernel, the following vulnerability has been resolved:

ipv4: fib: Don't dump dying fib_info in fib_leaf_notify().

syzbot reported use-after-free in nsim_fib4_prepare_event(). [0]

The problem is that the following functions call fib_in...",Apply vendor security patches.,https://nvd.nist.gov/vuln/detail/CVE-2026-74289
IN-VULN-2026-0172,15-08-2026,CVE-2026-74481,General Enterprise Technology,General Enterprise / Indian Attack Surface,Not publicly specified,CVSS v3.1: 7.8 — High,Theoretical / no exploitation evidence,"In the Linux kernel, the following vulnerability has been resolved:

mm/page_reporting: use system_freezable_wq to fix UAF during suspend

During PM freeze (e.g.  S3 suspend or S4 hibernation), device drivers like
virtio_balloon reset their underlyin...",Apply vendor security patches.,https://nvd.nist.gov/vuln/detail/CVE-2026-74481
IN-VULN-2026-0173,15-08-2026,CVE-2026-74516,General Enterprise Technology,General Enterprise / Indian Attack Surface,Not publicly specified,CVSS v3.1: 8.2 — High,Theoretical / no exploitation evidence,"In the Linux kernel, the following vulnerability has been resolved:

KVM: SVM: Update x2APIC MSR intercepts if AVIC is inhibited while L2 is active

Always update x2APIC MSR intercepts for L1 when AVIC is deactivated, even
if L2 is active and KVM is ...",Apply vendor security patches.,https://nvd.nist.gov/vuln/detail/CVE-2026-74516
IN-VULN-2026-0174,16-08-2026,CVE-2026-19714,General Enterprise Technology,General Enterprise / Indian Attack Surface,CWE-287,CVSS v3.1: 9.1 — Critical,Theoretical / no exploitation evidence,"The Simple JWT Login  WordPress plugin before 3.6.8 does not validate the audience of the Google identity tokens it accepts, allowing unauthenticated users to authenticate as any user whose email address such a token carries, up to and including an a...",Apply vendor security patches.,https://nvd.nist.gov/vuln/detail/CVE-2026-19714
IN-VULN-2026-0175,17-08-2026,CVE-2026-74801,General Enterprise Technology,General Enterprise / Indian Attack Surface,CWE-78,CVSS v3.1: 8.2 — High,Theoretical / no exploitation evidence,SiYuan before 3.7.4 fails to properly escape workspace directory paths when constructing command-line arguments for the elevated elevator.exe helper process. Attackers can create a malicious workspace directory with command metacharacters in its path...,Apply vendor security patches.,https://nvd.nist.gov/vuln/detail/CVE-2026-74801
IN-VULN-2026-0176,18-08-2026,CVE-2026-24301,General Enterprise Technology,General Enterprise / Indian Attack Surface,CWE-77,CVSS v3.1: 8.8 — High,Theoretical / no exploitation evidence,Improper neutralization of special elements used in a command ('command injection') in Microsoft Copilot allows an unauthorized attacker to disclose information over a network.,Apply vendor security patches.,https://nvd.nist.gov/vuln/detail/CVE-2026-24301
IN-VULN-2026-0177,18-08-2026,CVE-2026-73366,General Enterprise Technology,General Enterprise / Indian Attack Surface,CWE-502,CVSS v3.1: 9.8 — Critical,Theoretical / no exploitation evidence,Unauthenticated PHP Object Injection in Easy Google Maps <= 1.13.0 versions.,Apply vendor security patches.,https://nvd.nist.gov/vuln/detail/CVE-2026-73366
IN-VULN-2026-0178,18-08-2026,CVE-2026-73367,General Enterprise Technology,General Enterprise / Indian Attack Surface,CWE-829,CVSS v3.1: 7.2 — High,Theoretical / no exploitation evidence,Unauthenticated Remote File Inclusion in Easy Google Maps < 1.14.2 versions.,Apply vendor security patches.,https://nvd.nist.gov/vuln/detail/CVE-2026-73367
IN-VULN-2026-0179,18-08-2026,CVE-2026-47719,General Enterprise Technology,General Enterprise / Indian Attack Surface,CWE-918,CVSS v3.1: 8.2 — High,Theoretical / no exploitation evidence,"FUXA is a web-based Process Visualization (SCADA/HMI/Dashboard) software. Prior to 1.3.2, the DEVICE_WEBAPI_REQUEST and DEVICE_PROPERTY Socket.IO handlers in server/runtime/index.js omit isSocketWriteAuthorized and accept attacker-controlled property...",Apply vendor security patches.,https://nvd.nist.gov/vuln/detail/CVE-2026-47719
IN-VULN-2026-0180,18-08-2026,CVE-2026-60391,General Enterprise Technology,General Enterprise / Indian Attack Surface,CWE-284,CVSS v3.1: 7.5 — High,Theoretical / no exploitation evidence,Vulnerability in the Oracle Hyperion Financial Reporting product of Oracle Hyperion (component: Server).   The supported version that is affected is 11.2.25.0.000. Easily exploitable vulnerability allows unauthenticated attacker with network access v...,Apply vendor security patches.,https://nvd.nist.gov/vuln/detail/CVE-2026-60391
IN-VULN-2026-0181,18-08-2026,CVE-2026-60392,General Enterprise Technology,General Enterprise / Indian Attack Surface,CWE-502,CVSS v3.1: 7.8 — High,Theoretical / no exploitation evidence,Vulnerability in the Oracle Outside In Technology product of Oracle Fusion Middleware (component: Outside In PDF Export SDK).   The supported version that is affected is 8.5.8. Easily exploitable vulnerability allows unauthenticated attacker with log...,Apply vendor security patches.,https://nvd.nist.gov/vuln/detail/CVE-2026-60392
IN-VULN-2026-0182,18-08-2026,CVE-2026-60393,General Enterprise Technology,General Enterprise / Indian Attack Surface,CWE-200,CVSS v3.1: 7.5 — High,Theoretical / no exploitation evidence,Vulnerability in the Oracle Hyperion Infrastructure Technology product of Oracle Hyperion (component: Lifecycle Management).   The supported version that is affected is 11.2.25.0.000. Easily exploitable vulnerability allows unauthenticated attacker w...,Apply vendor security patches.,https://nvd.nist.gov/vuln/detail/CVE-2026-60393
IN-VULN-2026-0183,18-08-2026,CVE-2026-60412,General Enterprise Technology,General Enterprise / Indian Attack Surface,CWE-502,CVSS v3.1: 7.8 — High,Theoretical / no exploitation evidence,Vulnerability in the Oracle Outside In Technology product of Oracle Fusion Middleware (component: Outside In Core).   The supported version that is affected is 8.5.8. Easily exploitable vulnerability allows unauthenticated attacker with logon to the ...,Apply vendor security patches.,https://nvd.nist.gov/vuln/detail/CVE-2026-60412
IN-VULN-2026-0184,18-08-2026,CVE-2026-60413,General Enterprise Technology,General Enterprise / Indian Attack Surface,CWE-200,CVSS v3.1: 7.8 — High,Theoretical / no exploitation evidence,Vulnerability in the Oracle Outside In Technology product of Oracle Fusion Middleware (component: Outside In Core).   The supported version that is affected is 8.5.8. Easily exploitable vulnerability allows unauthenticated attacker with logon to the ...,Apply vendor security patches.,https://nvd.nist.gov/vuln/detail/CVE-2026-60413
IN-VULN-2026-0185,18-08-2026,CVE-2026-60414,General Enterprise Technology,General Enterprise / Indian Attack Surface,CWE-200,CVSS v3.1: 7.8 — High,Theoretical / no exploitation evidence,Vulnerability in the Oracle Outside In Technology product of Oracle Fusion Middleware (component: Outside In Core).   The supported version that is affected is 8.5.8. Easily exploitable vulnerability allows unauthenticated attacker with logon to the ...,Apply vendor security patches.,https://nvd.nist.gov/vuln/detail/CVE-2026-60414
IN-VULN-2026-0186,18-08-2026,CVE-2026-60415,General Enterprise Technology,General Enterprise / Indian Attack Surface,CWE-200,CVSS v3.1: 8.1 — High,Theoretical / no exploitation evidence,"Vulnerability in the Oracle WebLogic Server product of Oracle Fusion Middleware (component: Core).  Supported versions that are affected are 12.2.1.4.0, 14.1.1.0.0, 14.1.2.0.0 and  15.1.1.0.0. Difficult to exploit vulnerability allows unauthenticated...",Apply vendor security patches.,https://nvd.nist.gov/vuln/detail/CVE-2026-60415
IN-VULN-2026-0187,18-08-2026,CVE-2026-60590,General Enterprise Technology,General Enterprise / Indian Attack Surface,CWE-284,CVSS v3.1: 7.5 — High,Theoretical / no exploitation evidence,"Vulnerability in the Oracle Hospitality Simphony product of Oracle Food and Beverage Applications (component: POS).  Supported versions that are affected are 19.8-19.8.5, 19.9-19.9.3 and  19.10-19.10.1. Easily exploitable vulnerability allows unauthe...",Apply vendor security patches.,https://nvd.nist.gov/vuln/detail/CVE-2026-60590
IN-VULN-2026-0188,18-08-2026,CVE-2026-60591,General Enterprise Technology,General Enterprise / Indian Attack Surface,CWE-306,CVSS v3.1: 9.1 — Critical,Theoretical / no exploitation evidence,"Vulnerability in the Oracle Hospitality Simphony product of Oracle Food and Beverage Applications (component: POS).  Supported versions that are affected are 19.8-19.8.5, 19.9-19.9.3 and  19.10-19.10.1. Easily exploitable vulnerability allows unauthe...",Apply vendor security patches.,https://nvd.nist.gov/vuln/detail/CVE-2026-60591
IN-VULN-2026-0189,18-08-2026,CVE-2026-60592,General Enterprise Technology,General Enterprise / Indian Attack Surface,CWE-284,CVSS v3.1: 8.2 — High,Theoretical / no exploitation evidence,"Vulnerability in the MySQL Cluster product of Oracle MySQL (component: Cluster: NDB Operator).  Supported versions that are affected are 8.0.0-8.0.47, 8.4.0-8.4.10 and  9.7.0-9.7.1. Easily exploitable vulnerability allows unauthenticated attacker wit...",Apply vendor security patches.,https://nvd.nist.gov/vuln/detail/CVE-2026-60592
IN-VULN-2026-0190,18-08-2026,CVE-2026-60672,General Enterprise Technology,General Enterprise / Indian Attack Surface,CWE-306,CVSS v3.1: 9.8 — Critical,Theoretical / no exploitation evidence,"Vulnerability in the Oracle WebLogic Server product of Oracle Fusion Middleware (component: Core).  Supported versions that are affected are 12.2.1.4.0, 14.1.1.0.0, 14.1.2.0.0 and  15.1.1.0.0. Easily exploitable vulnerability allows unauthenticated a...",Apply vendor security patches.,https://nvd.nist.gov/vuln/detail/CVE-2026-60672
IN-VULN-2026-0191,18-08-2026,CVE-2026-60679,General Enterprise Technology,General Enterprise / Indian Attack Surface,CWE-287,CVSS v3.1: 7.5 — High,Theoretical / no exploitation evidence,"Vulnerability in the Oracle WebLogic Server product of Oracle Fusion Middleware (component: Core).  Supported versions that are affected are 12.2.1.4.0, 14.1.1.0.0, 14.1.2.0.0 and  15.1.1.0.0. Difficult to exploit vulnerability allows low privileged ...",Apply vendor security patches.,https://nvd.nist.gov/vuln/detail/CVE-2026-60679
IN-VULN-2026-0192,18-08-2026,CVE-2026-60680,General Enterprise Technology,General Enterprise / Indian Attack Surface,CWE-284,CVSS v3.1: 8.1 — High,Theoretical / no exploitation evidence,"Vulnerability in the Oracle WebLogic Server product of Oracle Fusion Middleware (component: Core).  Supported versions that are affected are 12.2.1.4.0, 14.1.1.0.0, 14.1.2.0.0 and  15.1.1.0.0. Easily exploitable vulnerability allows low privileged at...",Apply vendor security patches.,https://nvd.nist.gov/vuln/detail/CVE-2026-60680
IN-VULN-2026-0193,18-08-2026,CVE-2026-60693,General Enterprise Technology,General Enterprise / Indian Attack Surface,CWE-284,CVSS v3.1: 7.1 — High,Theoretical / no exploitation evidence,Vulnerability in the Oracle General Ledger product of Oracle E-Business Suite (component: Internal Operations).  Supported versions that are affected are 12.2.3-12.2.15. Difficult to exploit vulnerability allows low privileged attacker with network a...,Apply vendor security patches.,https://nvd.nist.gov/vuln/detail/CVE-2026-60693
IN-VULN-2026-0194,18-08-2026,CVE-2026-60696,General Enterprise Technology,General Enterprise / Indian Attack Surface,CWE-306,CVSS v3.1: 9.8 — Critical,Theoretical / no exploitation evidence,"Vulnerability in the Oracle WebLogic Server product of Oracle Fusion Middleware (component: Core).  Supported versions that are affected are 12.2.1.4.0, 14.1.1.0.0, 14.1.2.0.0 and  15.1.1.0.0. Easily exploitable vulnerability allows unauthenticated a...",Apply vendor security patches.,https://nvd.nist.gov/vuln/detail/CVE-2026-60696
IN-VULN-2026-0195,18-08-2026,CVE-2026-60698,General Enterprise Technology,General Enterprise / Indian Attack Surface,CWE-306,CVSS v3.1: 9.8 — Critical,Theoretical / no exploitation evidence,"Vulnerability in the Oracle WebLogic Server product of Oracle Fusion Middleware (component: Core).  Supported versions that are affected are 12.2.1.4.0, 14.1.1.0.0, 14.1.2.0.0 and  15.1.1.0.0. Easily exploitable vulnerability allows unauthenticated a...",Apply vendor security patches.,https://nvd.nist.gov/vuln/detail/CVE-2026-60698
IN-VULN-2026-0196,18-08-2026,CVE-2026-60699,General Enterprise Technology,General Enterprise / Indian Attack Surface,CWE-284,CVSS v3.1: 8.6 — High,Theoretical / no exploitation evidence,"Vulnerability in the Oracle WebLogic Server product of Oracle Fusion Middleware (component: Core).  Supported versions that are affected are 12.2.1.4.0, 14.1.1.0.0, 14.1.2.0.0 and  15.1.1.0.0. Easily exploitable vulnerability allows unauthenticated a...",Apply vendor security patches.,https://nvd.nist.gov/vuln/detail/CVE-2026-60699
IN-VULN-2026-0197,18-08-2026,CVE-2026-60702,General Enterprise Technology,General Enterprise / Indian Attack Surface,CWE-284,CVSS v3.1: 9.9 — Critical,Theoretical / no exploitation evidence,"Vulnerability in the Oracle WebLogic Server product of Oracle Fusion Middleware (component: Core).  Supported versions that are affected are 12.2.1.4.0, 14.1.1.0.0, 14.1.2.0.0 and  15.1.1.0.0. Easily exploitable vulnerability allows low privileged at...",Apply vendor security patches.,https://nvd.nist.gov/vuln/detail/CVE-2026-60702
IN-VULN-2026-0198,18-08-2026,CVE-2026-60707,General Enterprise Technology,General Enterprise / Indian Attack Surface,CWE-284,CVSS v3.1: 8.7 — High,Theoretical / no exploitation evidence,Vulnerability in the Oracle Identity Manager product of Oracle Fusion Middleware (component: Security).  Supported versions that are affected are 12.2.1.4.0 and  14.1.2.1.0. Easily exploitable vulnerability allows high privileged attacker with networ...,Apply vendor security patches.,https://nvd.nist.gov/vuln/detail/CVE-2026-60707
IN-VULN-2026-0199,18-08-2026,CVE-2026-60715,General Enterprise Technology,General Enterprise / Indian Attack Surface,CWE-284,CVSS v3.1: 8.8 — High,Theoretical / no exploitation evidence,Vulnerability in the Oracle Identity Manager product of Oracle Fusion Middleware (component: OIM Legacy UI).  Supported versions that are affected are 12.2.1.4.0 and  14.1.2.1.0. Easily exploitable vulnerability allows low privileged attacker with ne...,Apply vendor security patches.,https://nvd.nist.gov/vuln/detail/CVE-2026-60715
IN-VULN-2026-0200,18-08-2026,CVE-2026-60716,General Enterprise Technology,General Enterprise / Indian Attack Surface,NVD-CWE-noinfo,CVSS v3.1: 8.8 — High,Theoretical / no exploitation evidence,Vulnerability in the Oracle Identity Manager product of Oracle Fusion Middleware (component: OIM Legacy UI).  Supported versions that are affected are 12.2.1.4.0 and  14.1.2.1.0. Easily exploitable vulnerability allows low privileged attacker with ne...,Apply vendor security patches.,https://nvd.nist.gov/vuln/detail/CVE-2026-60716
IN-VULN-2026-0201,18-08-2026,CVE-2026-60720,General Enterprise Technology,General Enterprise / Indian Attack Surface,NVD-CWE-noinfo,CVSS v3.1: 9.9 — Critical,Theoretical / no exploitation evidence,Vulnerability in the Oracle Identity Manager product of Oracle Fusion Middleware (component: OIM Legacy UI).  Supported versions that are affected are 12.2.1.4.0 and  14.1.2.1.0. Easily exploitable vulnerability allows low privileged attacker with ne...,Apply vendor security patches.,https://nvd.nist.gov/vuln/detail/CVE-2026-60720
IN-VULN-2026-0202,18-08-2026,CVE-2026-60721,General Enterprise Technology,General Enterprise / Indian Attack Surface,NVD-CWE-noinfo,CVSS v3.1: 9.8 — Critical,Theoretical / no exploitation evidence,Vulnerability in the Oracle Identity Manager product of Oracle Fusion Middleware (component: OIM Legacy UI).  Supported versions that are affected are 12.2.1.4.0 and  14.1.2.1.0. Easily exploitable vulnerability allows unauthenticated attacker with n...,Apply vendor security patches.,https://nvd.nist.gov/vuln/detail/CVE-2026-60721
IN-VULN-2026-0203,18-08-2026,CVE-2026-60722,General Enterprise Technology,General Enterprise / Indian Attack Surface,NVD-CWE-noinfo,CVSS v3.1: 8.8 — High,Theoretical / no exploitation evidence,Vulnerability in the Oracle Identity Manager product of Oracle Fusion Middleware (component: OIM Legacy UI).  Supported versions that are affected are 12.2.1.4.0 and  14.1.2.1.0. Easily exploitable vulnerability allows low privileged attacker with ne...,Apply vendor security patches.,https://nvd.nist.gov/vuln/detail/CVE-2026-60722
IN-VULN-2026-0204,18-08-2026,CVE-2026-60726,General Enterprise Technology,General Enterprise / Indian Attack Surface,CWE-284,CVSS v3.1: 8.8 — High,Theoretical / no exploitation evidence,Vulnerability in the Oracle Access Manager product of Oracle Fusion Middleware (component: Authentication Engine).  Supported versions that are affected are 12.2.1.4.0 and  14.1.2.1.0. Easily exploitable vulnerability allows low privileged attacker w...,Apply vendor security patches.,https://nvd.nist.gov/vuln/detail/CVE-2026-60726
IN-VULN-2026-0205,18-08-2026,CVE-2026-60727,General Enterprise Technology,General Enterprise / Indian Attack Surface,CWE-284,CVSS v3.1: 9.8 — Critical,Theoretical / no exploitation evidence,Vulnerability in the Oracle Identity Manager product of Oracle Fusion Middleware (component: OIM Legacy UI).  Supported versions that are affected are 12.2.1.4.0 and  14.1.2.1.0. Easily exploitable vulnerability allows unauthenticated attacker with n...,Apply vendor security patches.,https://nvd.nist.gov/vuln/detail/CVE-2026-60727
IN-VULN-2026-0206,18-08-2026,CVE-2026-60728,General Enterprise Technology,General Enterprise / Indian Attack Surface,CWE-284,CVSS v3.1: 9.1 — Critical,Theoretical / no exploitation evidence,Vulnerability in the Oracle WebCenter Portal product of Oracle Fusion Middleware (component: Portlet Services).  Supported versions that are affected are 12.2.1.4.0 and  14.1.2.0.0. Easily exploitable vulnerability allows unauthenticated attacker wit...,Apply vendor security patches.,https://nvd.nist.gov/vuln/detail/CVE-2026-60728
IN-VULN-2026-0207,18-08-2026,CVE-2026-60729,General Enterprise Technology,General Enterprise / Indian Attack Surface,CWE-284,CVSS v3.1: 8.8 — High,Theoretical / no exploitation evidence,Vulnerability in the Oracle WebCenter Portal product of Oracle Fusion Middleware (component: Composer).  Supported versions that are affected are 12.2.1.4.0 and  14.1.2.0.0. Easily exploitable vulnerability allows low privileged attacker with network...,Apply vendor security patches.,https://nvd.nist.gov/vuln/detail/CVE-2026-60729
IN-VULN-2026-0208,18-08-2026,CVE-2026-60730,General Enterprise Technology,General Enterprise / Indian Attack Surface,CWE-284,CVSS v3.1: 9.9 — Critical,Theoretical / no exploitation evidence,Vulnerability in the Oracle WebCenter Portal product of Oracle Fusion Middleware (component: Composer).  Supported versions that are affected are 12.2.1.4.0 and  14.1.2.0.0. Easily exploitable vulnerability allows low privileged attacker with network...,Apply vendor security patches.,https://nvd.nist.gov/vuln/detail/CVE-2026-60730
IN-VULN-2026-0209,18-08-2026,CVE-2026-60731,General Enterprise Technology,General Enterprise / Indian Attack Surface,CWE-306,CVSS v3.1: 8.8 — High,Theoretical / no exploitation evidence,Vulnerability in the Oracle WebCenter Portal product of Oracle Fusion Middleware (component: Composer).  Supported versions that are affected are 12.2.1.4.0 and  14.1.2.0.0. Easily exploitable vulnerability allows low privileged attacker with network...,Apply vendor security patches.,https://nvd.nist.gov/vuln/detail/CVE-2026-60731
IN-VULN-2026-0210,18-08-2026,CVE-2026-60733,General Enterprise Technology,General Enterprise / Indian Attack Surface,CWE-284,CVSS v3.1: 7.7 — High,Theoretical / no exploitation evidence,Vulnerability in the Oracle WebCenter Portal product of Oracle Fusion Middleware (component: Composer).  Supported versions that are affected are 12.2.1.4.0 and  14.1.2.0.0. Difficult to exploit vulnerability allows low privileged attacker with netwo...,Apply vendor security patches.,https://nvd.nist.gov/vuln/detail/CVE-2026-60733
IN-VULN-2026-0211,18-08-2026,CVE-2026-60737,General Enterprise Technology,General Enterprise / Indian Attack Surface,NVD-CWE-noinfo,CVSS v3.1: 9.1 — Critical,Theoretical / no exploitation evidence,Vulnerability in the Oracle Web Services Manager product of Oracle Fusion Middleware (component: Web Services Security).  Supported versions that are affected are 12.2.1.4.0 and  14.1.2.0.0. Easily exploitable vulnerability allows unauthenticated att...,Apply vendor security patches.,https://nvd.nist.gov/vuln/detail/CVE-2026-60737
IN-VULN-2026-0212,18-08-2026,CVE-2026-60742,General Enterprise Technology,General Enterprise / Indian Attack Surface,CWE-284,CVSS v3.1: 8.1 — High,Theoretical / no exploitation evidence,Vulnerability in the PeopleSoft Enterprise PeopleTools product of Oracle PeopleSoft (component: PIA Core Technology).  Supported versions that are affected are 8.61-8.63. Difficult to exploit vulnerability allows unauthenticated attacker with network...,Apply vendor security patches.,https://nvd.nist.gov/vuln/detail/CVE-2026-60742
IN-VULN-2026-0213,18-08-2026,CVE-2026-60748,General Enterprise Technology,General Enterprise / Indian Attack Surface,CWE-284,CVSS v3.1: 7.6 — High,Theoretical / no exploitation evidence,Vulnerability in the Oracle General Ledger product of Oracle E-Business Suite (component: Internal Operations).  Supported versions that are affected are 12.2.3-12.2.15. Easily exploitable vulnerability allows high privileged attacker with network ac...,Apply vendor security patches.,https://nvd.nist.gov/vuln/detail/CVE-2026-60748
IN-VULN-2026-0214,18-08-2026,CVE-2026-60751,General Enterprise Technology,General Enterprise / Indian Attack Surface,CWE-306,CVSS v3.1: 8.8 — High,Theoretical / no exploitation evidence,Vulnerability in the Siebel Apps - Marketing product of Oracle Siebel CRM (component: Marketing).  Supported versions that are affected are 17.0-26.6. Easily exploitable vulnerability allows low privileged attacker with network access via HTTP to com...,Apply vendor security patches.,https://nvd.nist.gov/vuln/detail/CVE-2026-60751
IN-VULN-2026-0215,18-08-2026,CVE-2026-60752,General Enterprise Technology,General Enterprise / Indian Attack Surface,CWE-284,CVSS v3.1: 7.1 — High,Theoretical / no exploitation evidence,Vulnerability in the Siebel Apps - Marketing product of Oracle Siebel CRM (component: Marketing).  Supported versions that are affected are 17.0-26.6. Easily exploitable vulnerability allows low privileged attacker with network access via HTTP to com...,Apply vendor security patches.,https://nvd.nist.gov/vuln/detail/CVE-2026-60752
IN-VULN-2026-0216,18-08-2026,CVE-2026-60753,General Enterprise Technology,General Enterprise / Indian Attack Surface,CWE-284,CVSS v3.1: 7.8 — High,Theoretical / no exploitation evidence,Vulnerability in the Siebel CRM Deployment product of Oracle Siebel CRM (component: Installation).  Supported versions that are affected are 17.0-26.6. Easily exploitable vulnerability allows low privileged attacker with logon to the infrastructure w...,Apply vendor security patches.,https://nvd.nist.gov/vuln/detail/CVE-2026-60753
IN-VULN-2026-0217,18-08-2026,CVE-2026-60754,General Enterprise Technology,General Enterprise / Indian Attack Surface,CWE-284,CVSS v3.1: 9.1 — Critical,Theoretical / no exploitation evidence,Vulnerability in the Siebel Apps - Marketing product of Oracle Siebel CRM (component: Marketing).  Supported versions that are affected are 17.0-26.6. Easily exploitable vulnerability allows unauthenticated attacker with network access via HTTP to co...,Apply vendor security patches.,https://nvd.nist.gov/vuln/detail/CVE-2026-60754
IN-VULN-2026-0218,18-08-2026,CVE-2026-60757,General Enterprise Technology,General Enterprise / Indian Attack Surface,CWE-284,CVSS v3.1: 8.1 — High,Theoretical / no exploitation evidence,Vulnerability in the Siebel CRM End User product of Oracle Siebel CRM (component: Search).  Supported versions that are affected are 17.0-26.6. Easily exploitable vulnerability allows unauthenticated attacker with access to the physical communication...,Apply vendor security patches.,https://nvd.nist.gov/vuln/detail/CVE-2026-60757
IN-VULN-2026-0219,18-08-2026,CVE-2026-60758,General Enterprise Technology,General Enterprise / Indian Attack Surface,CWE-284,CVSS v3.1: 8.5 — High,Theoretical / no exploitation evidence,Vulnerability in the Siebel Artificial Intelligence product of Oracle Siebel CRM (component: AI).  Supported versions that are affected are 25.12-26.6. Easily exploitable vulnerability allows low privileged attacker with network access via HTTP to co...,Apply vendor security patches.,https://nvd.nist.gov/vuln/detail/CVE-2026-60758
IN-VULN-2026-0220,18-08-2026,CVE-2026-60759,General Enterprise Technology,General Enterprise / Indian Attack Surface,CWE-284,CVSS v3.1: 7.4 — High,Theoretical / no exploitation evidence,Vulnerability in the Oracle Internet Procurement Connector product of Oracle E-Business Suite (component: Internal Operations).  Supported versions that are affected are 12.2.3-12.2.15. Difficult to exploit vulnerability allows unauthenticated attack...,Apply vendor security patches.,https://nvd.nist.gov/vuln/detail/CVE-2026-60759
IN-VULN-2026-0221,18-08-2026,CVE-2026-60765,General Enterprise Technology,General Enterprise / Indian Attack Surface,CWE-346,CVSS v3.1: 7.5 — High,Theoretical / no exploitation evidence,Vulnerability in the Siebel Apps - Marketing product of Oracle Siebel CRM (component: Marketing).  Supported versions that are affected are 17.0-26.6. Difficult to exploit vulnerability allows low privileged attacker with network access via HTTP to c...,Apply vendor security patches.,https://nvd.nist.gov/vuln/detail/CVE-2026-60765
IN-VULN-2026-0222,18-08-2026,CVE-2026-60766,General Enterprise Technology,General Enterprise / Indian Attack Surface,CWE-284,CVSS v3.1: 7.4 — High,Theoretical / no exploitation evidence,Vulnerability in the Siebel CRM Integration product of Oracle Siebel CRM (component: REST).  Supported versions that are affected are 17.0-26.6. Difficult to exploit vulnerability allows unauthenticated attacker with network access via HTTPS to compr...,Apply vendor security patches.,https://nvd.nist.gov/vuln/detail/CVE-2026-60766
IN-VULN-2026-0223,18-08-2026,CVE-2026-60767,General Enterprise Technology,General Enterprise / Indian Attack Surface,CWE-284,CVSS v3.1: 8.8 — High,Theoretical / no exploitation evidence,Vulnerability in the Siebel Apps - Marketing product of Oracle Siebel CRM (component: Marketing).  Supported versions that are affected are 17.0-26.6. Easily exploitable vulnerability allows low privileged attacker with network access via HTTP to com...,Apply vendor security patches.,https://nvd.nist.gov/vuln/detail/CVE-2026-60767
IN-VULN-2026-0224,18-08-2026,CVE-2026-60769,General Enterprise Technology,General Enterprise / Indian Attack Surface,CWE-306,CVSS v3.1: 7.5 — High,Theoretical / no exploitation evidence,Vulnerability in the Oracle General Ledger product of Oracle E-Business Suite (component: Internal Operations).  Supported versions that are affected are 12.2.3-12.2.15. Difficult to exploit vulnerability allows low privileged attacker with network a...,Apply vendor security patches.,https://nvd.nist.gov/vuln/detail/CVE-2026-60769
IN-VULN-2026-0225,18-08-2026,CVE-2026-60779,General Enterprise Technology,General Enterprise / Indian Attack Surface,CWE-284,CVSS v3.1: 8.1 — High,Theoretical / no exploitation evidence,Vulnerability in the Siebel Apps - Marketing product of Oracle Siebel CRM (component: Marketing).  Supported versions that are affected are 17.0-26.6. Easily exploitable vulnerability allows low privileged attacker with network access via HTTP to com...,Apply vendor security patches.,https://nvd.nist.gov/vuln/detail/CVE-2026-60779
IN-VULN-2026-0226,18-08-2026,CVE-2026-60781,General Enterprise Technology,General Enterprise / Indian Attack Surface,CWE-306,CVSS v3.1: 7.1 — High,Theoretical / no exploitation evidence,Vulnerability in the Oracle Payments product of Oracle E-Business Suite (component: File Transmission).  Supported versions that are affected are 12.2.3-12.2.15. Easily exploitable vulnerability allows low privileged attacker with network access via ...,Apply vendor security patches.,https://nvd.nist.gov/vuln/detail/CVE-2026-60781
IN-VULN-2026-0227,18-08-2026,CVE-2026-60782,General Enterprise Technology,General Enterprise / Indian Attack Surface,CWE-306,CVSS v3.1: 9.8 — Critical,Theoretical / no exploitation evidence,Vulnerability in the Oracle Payments product of Oracle E-Business Suite (component: File Transmission).  Supported versions that are affected are 12.2.3-12.2.15. Easily exploitable vulnerability allows unauthenticated attacker with network access via...,Apply vendor security patches.,https://nvd.nist.gov/vuln/detail/CVE-2026-60782
IN-VULN-2026-0228,18-08-2026,CVE-2026-60791,General Enterprise Technology,General Enterprise / Indian Attack Surface,CWE-284,CVSS v3.1: 8.1 — High,Theoretical / no exploitation evidence,Vulnerability in the Siebel CRM Deployment product of Oracle Siebel CRM (component: Application Interface).  Supported versions that are affected are 17.0-26.6. Easily exploitable vulnerability allows unauthenticated attacker with access to the physi...,Apply vendor security patches.,https://nvd.nist.gov/vuln/detail/CVE-2026-60791
IN-VULN-2026-0229,18-08-2026,CVE-2026-60792,General Enterprise Technology,General Enterprise / Indian Attack Surface,CWE-284,CVSS v3.1: 7.4 — High,Theoretical / no exploitation evidence,Vulnerability in the Siebel CRM Deployment product of Oracle Siebel CRM (component: Server Infrastructure).  Supported versions that are affected are 17.0-26.6. Difficult to exploit vulnerability allows unauthenticated attacker with network access vi...,Apply vendor security patches.,https://nvd.nist.gov/vuln/detail/CVE-2026-60792
IN-VULN-2026-0230,18-08-2026,CVE-2026-60796,General Enterprise Technology,General Enterprise / Indian Attack Surface,CWE-284,CVSS v3.1: 8.2 — High,Theoretical / no exploitation evidence,Vulnerability in the Siebel CRM Integration product of Oracle Siebel CRM (component: REST).  Supported versions that are affected are 17.0-26.6. Easily exploitable vulnerability allows unauthenticated attacker with network access via HTTP to compromi...,Apply vendor security patches.,https://nvd.nist.gov/vuln/detail/CVE-2026-60796
IN-VULN-2026-0231,18-08-2026,CVE-2026-60797,General Enterprise Technology,General Enterprise / Indian Attack Surface,CWE-284,CVSS v3.1: 7.4 — High,Theoretical / no exploitation evidence,Vulnerability in the Siebel CRM Integration product of Oracle Siebel CRM (component: REST).  Supported versions that are affected are 17.0-26.6. Difficult to exploit vulnerability allows unauthenticated attacker with network access via HTTPS to compr...,Apply vendor security patches.,https://nvd.nist.gov/vuln/detail/CVE-2026-60797
IN-VULN-2026-0232,18-08-2026,CVE-2026-60798,General Enterprise Technology,General Enterprise / Indian Attack Surface,CWE-284,CVSS v3.1: 8.5 — High,Theoretical / no exploitation evidence,Vulnerability in the Siebel CRM Deployment product of Oracle Siebel CRM (component: Migration).  Supported versions that are affected are 17.0-26.6. Easily exploitable vulnerability allows low privileged attacker with network access via HTTP to compr...,Apply vendor security patches.,https://nvd.nist.gov/vuln/detail/CVE-2026-60798
IN-VULN-2026-0233,18-08-2026,CVE-2026-60803,General Enterprise Technology,General Enterprise / Indian Attack Surface,CWE-284,CVSS v3.1: 7.4 — High,Theoretical / no exploitation evidence,Vulnerability in the Siebel Apps - Marketing product of Oracle Siebel CRM (component: Marketing).  Supported versions that are affected are 17.0-26.6. Difficult to exploit vulnerability allows unauthenticated attacker with network access via HTTP to ...,Apply vendor security patches.,https://nvd.nist.gov/vuln/detail/CVE-2026-60803
IN-VULN-2026-0234,18-08-2026,CVE-2026-60808,General Enterprise Technology,General Enterprise / Indian Attack Surface,CWE-284,CVSS v3.1: 7.5 — High,Theoretical / no exploitation evidence,Vulnerability in the Siebel Apps - Marketing product of Oracle Siebel CRM (component: Email Marketing).  Supported versions that are affected are 17.0-26.6. Difficult to exploit vulnerability allows low privileged attacker with logon to the infrastru...,Apply vendor security patches.,https://nvd.nist.gov/vuln/detail/CVE-2026-60808
IN-VULN-2026-0235,18-08-2026,CVE-2026-60820,General Enterprise Technology,General Enterprise / Indian Attack Surface,CWE-1284,CVSS v3.1: 7.4 — High,Theoretical / no exploitation evidence,Vulnerability in the Siebel CRM Integration product of Oracle Siebel CRM (component: REST).  Supported versions that are affected are 17.0-26.6. Difficult to exploit vulnerability allows unauthenticated attacker with network access via HTTP to compro...,Apply vendor security patches.,https://nvd.nist.gov/vuln/detail/CVE-2026-60820
IN-VULN-2026-0236,18-08-2026,CVE-2026-60821,General Enterprise Technology,General Enterprise / Indian Attack Surface,CWE-284,CVSS v3.1: 9.8 — Critical,Theoretical / no exploitation evidence,Vulnerability in the PeopleSoft Enterprise PeopleTools product of Oracle PeopleSoft (component: Business Interlink).  Supported versions that are affected are 8.61-8.63. Easily exploitable vulnerability allows unauthenticated attacker with network ac...,Apply vendor security patches.,https://nvd.nist.gov/vuln/detail/CVE-2026-60821
IN-VULN-2026-0237,18-08-2026,CVE-2026-60822,General Enterprise Technology,General Enterprise / Indian Attack Surface,CWE-284,CVSS v3.1: 7.8 — High,Theoretical / no exploitation evidence,Vulnerability in the Oracle Enterprise Manager for Systems Infrastructure product of Oracle Enterprise Manager (component: Agent).  Supported versions that are affected are 13.5 and  24.1. Easily exploitable vulnerability allows low privileged attack...,Apply vendor security patches.,https://nvd.nist.gov/vuln/detail/CVE-2026-60822
IN-VULN-2026-0238,18-08-2026,CVE-2026-60831,General Enterprise Technology,General Enterprise / Indian Attack Surface,CWE-284,CVSS v3.1: 8.1 — High,Theoretical / no exploitation evidence,Vulnerability in the PeopleSoft Enterprise PeopleTools product of Oracle PeopleSoft (component: Integration Broker).  Supported versions that are affected are 8.61-8.63. Difficult to exploit vulnerability allows unauthenticated attacker with network ...,Apply vendor security patches.,https://nvd.nist.gov/vuln/detail/CVE-2026-60831
IN-VULN-2026-0239,18-08-2026,CVE-2026-60841,General Enterprise Technology,General Enterprise / Indian Attack Surface,NVD-CWE-noinfo,CVSS v3.1: 8.5 — High,Theoretical / no exploitation evidence,Vulnerability in the Oracle Unified Directory product of Oracle Fusion Middleware (component: OUD Core).  Supported versions that are affected are 12.2.1.4.0 and  14.1.2.1.0. Difficult to exploit vulnerability allows low privileged attacker with netw...,Apply vendor security patches.,https://nvd.nist.gov/vuln/detail/CVE-2026-60841
IN-VULN-2026-0240,18-08-2026,CVE-2026-60849,General Enterprise Technology,General Enterprise / Indian Attack Surface,NVD-CWE-noinfo,CVSS v3.1: 8.5 — High,Theoretical / no exploitation evidence,Vulnerability in the Oracle Unified Directory product of Oracle Fusion Middleware (component: OUD Core).  Supported versions that are affected are 12.2.1.4.0 and  14.1.2.1.0. Difficult to exploit vulnerability allows low privileged attacker with netw...,Apply vendor security patches.,https://nvd.nist.gov/vuln/detail/CVE-2026-60849
IN-VULN-2026-0241,18-08-2026,CVE-2026-60850,General Enterprise Technology,General Enterprise / Indian Attack Surface,NVD-CWE-noinfo,CVSS v3.1: 7.5 — High,Theoretical / no exploitation evidence,Vulnerability in the Oracle Unified Directory product of Oracle Fusion Middleware (component: OUD Core).  Supported versions that are affected are 12.2.1.4.0 and  14.1.2.1.0. Easily exploitable vulnerability allows unauthenticated attacker with netwo...,Apply vendor security patches.,https://nvd.nist.gov/vuln/detail/CVE-2026-60850
IN-VULN-2026-0242,18-08-2026,CVE-2026-60856,General Enterprise Technology,General Enterprise / Indian Attack Surface,CWE-284,CVSS v3.1: 7.4 — High,Theoretical / no exploitation evidence,Vulnerability in the PeopleSoft Enterprise PeopleTools product of Oracle PeopleSoft (component: Install and Packaging).  Supported versions that are affected are 8.61-8.63. Difficult to exploit vulnerability allows unauthenticated attacker with netwo...,Apply vendor security patches.,https://nvd.nist.gov/vuln/detail/CVE-2026-60856
IN-VULN-2026-0243,18-08-2026,CVE-2026-60858,General Enterprise Technology,General Enterprise / Indian Attack Surface,CWE-306,CVSS v3.1: 9.8 — Critical,Theoretical / no exploitation evidence,Vulnerability in the Oracle Hyperion Calculation Manager product of Oracle Hyperion (component: Security).   The supported version that is affected is 11.2.25.0.000. Easily exploitable vulnerability allows unauthenticated attacker with network access...,Apply vendor security patches.,https://nvd.nist.gov/vuln/detail/CVE-2026-60858
IN-VULN-2026-0244,18-08-2026,CVE-2026-60860,General Enterprise Technology,General Enterprise / Indian Attack Surface,CWE-284,CVSS v3.1: 8.7 — High,Theoretical / no exploitation evidence,Vulnerability in the Service Delivery Platform product of Oracle Fusion Middleware (component: Messaging Enabler).  Supported versions that are affected are 14.1.2.0.0 and  12.2.1.4.0. Difficult to exploit vulnerability allows unauthenticated attacke...,Apply vendor security patches.,https://nvd.nist.gov/vuln/detail/CVE-2026-60860
IN-VULN-2026-0245,18-08-2026,CVE-2026-60861,General Enterprise Technology,General Enterprise / Indian Attack Surface,CWE-284,CVSS v3.1: 9.6 — Critical,Theoretical / no exploitation evidence,Vulnerability in the Service Delivery Platform product of Oracle Fusion Middleware (component: Messaging Enabler).  Supported versions that are affected are 14.1.2.0.0 and  12.2.1.4.0. Easily exploitable vulnerability allows low privileged attacker w...,Apply vendor security patches.,https://nvd.nist.gov/vuln/detail/CVE-2026-60861
IN-VULN-2026-0246,18-08-2026,CVE-2026-60873,General Enterprise Technology,General Enterprise / Indian Attack Surface,CWE-284,CVSS v3.1: 7.2 — High,Theoretical / no exploitation evidence,Vulnerability in the PeopleSoft Enterprise PeopleTools product of Oracle PeopleSoft (component: Data Mover).  Supported versions that are affected are 8.61-8.63. Difficult to exploit vulnerability allows high privileged attacker with logon to the inf...,Apply vendor security patches.,https://nvd.nist.gov/vuln/detail/CVE-2026-60873
IN-VULN-2026-0247,18-08-2026,CVE-2026-60879,General Enterprise Technology,General Enterprise / Indian Attack Surface,CWE-284,CVSS v3.1: 8.8 — High,Theoretical / no exploitation evidence,Vulnerability in the PeopleSoft Enterprise PeopleTools product of Oracle PeopleSoft (component: Configuration Manager).  Supported versions that are affected are 8.61-8.63. Easily exploitable vulnerability allows low privileged attacker with network ...,Apply vendor security patches.,https://nvd.nist.gov/vuln/detail/CVE-2026-60879
IN-VULN-2026-0248,18-08-2026,CVE-2026-60883,General Enterprise Technology,General Enterprise / Indian Attack Surface,CWE-284,CVSS v3.1: 7.2 — High,Theoretical / no exploitation evidence,Vulnerability in the PeopleSoft Enterprise PeopleTools product of Oracle PeopleSoft (component: PeopleCode).  Supported versions that are affected are 8.61-8.63. Easily exploitable vulnerability allows high privileged attacker with network access via...,Apply vendor security patches.,https://nvd.nist.gov/vuln/detail/CVE-2026-60883
IN-VULN-2026-0249,18-08-2026,CVE-2026-60889,General Enterprise Technology,General Enterprise / Indian Attack Surface,NVD-CWE-noinfo,CVSS v3.1: 7.5 — High,Theoretical / no exploitation evidence,Vulnerability in the Oracle Unified Directory product of Oracle Fusion Middleware (component: OUD Core).  Supported versions that are affected are 12.2.1.4.0 and  14.1.2.1.0. Easily exploitable vulnerability allows unauthenticated attacker with netwo...,Apply vendor security patches.,https://nvd.nist.gov/vuln/detail/CVE-2026-60889
IN-VULN-2026-0250,18-08-2026,CVE-2026-60902,General Enterprise Technology,General Enterprise / Indian Attack Surface,CWE-284,CVSS v3.1: 7.0 — High,Theoretical / no exploitation evidence,Vulnerability in the PeopleSoft Enterprise PeopleTools product of Oracle PeopleSoft (component: Tuxedo).  Supported versions that are affected are 8.61-8.63. Difficult to exploit vulnerability allows low privileged attacker with logon to the infrastr...,Apply vendor security patches.,https://nvd.nist.gov/vuln/detail/CVE-2026-60902
IN-VULN-2026-0251,18-08-2026,CVE-2026-60903,General Enterprise Technology,General Enterprise / Indian Attack Surface,CWE-284,CVSS v3.1: 8.7 — High,Theoretical / no exploitation evidence,Vulnerability in the Oracle WebCenter Content product of Oracle Fusion Middleware (component: Content Server).  Supported versions that are affected are 12.2.1.4.0 and  14.1.2.0.0. Difficult to exploit vulnerability allows unauthenticated attacker wi...,Apply vendor security patches.,https://nvd.nist.gov/vuln/detail/CVE-2026-60903
IN-VULN-2026-0252,18-08-2026,CVE-2026-60905,General Enterprise Technology,General Enterprise / Indian Attack Surface,CWE-284,CVSS v3.1: 9.6 — Critical,Theoretical / no exploitation evidence,Vulnerability in the Oracle WebCenter Content product of Oracle Fusion Middleware (component: Content Server).  Supported versions that are affected are 12.2.1.4.0 and  14.1.2.0.0. Easily exploitable vulnerability allows unauthenticated attacker with...,Apply vendor security patches.,https://nvd.nist.gov/vuln/detail/CVE-2026-60905
IN-VULN-2026-0253,18-08-2026,CVE-2026-60906,General Enterprise Technology,General Enterprise / Indian Attack Surface,CWE-284,CVSS v3.1: 7.5 — High,Theoretical / no exploitation evidence,Vulnerability in the Oracle WebCenter Content product of Oracle Fusion Middleware (component: Content Server).  Supported versions that are affected are 12.2.1.4.0 and  14.1.2.0.0. Easily exploitable vulnerability allows unauthenticated attacker with...,Apply vendor security patches.,https://nvd.nist.gov/vuln/detail/CVE-2026-60906
IN-VULN-2026-0254,18-08-2026,CVE-2026-60909,General Enterprise Technology,General Enterprise / Indian Attack Surface,CWE-284,CVSS v3.1: 7.6 — High,Theoretical / no exploitation evidence,Vulnerability in the Oracle WebCenter Content product of Oracle Fusion Middleware (component: Content Server).  Supported versions that are affected are 12.2.1.4.0 and  14.1.2.0.0. Easily exploitable vulnerability allows low privileged attacker with ...,Apply vendor security patches.,https://nvd.nist.gov/vuln/detail/CVE-2026-60909
IN-VULN-2026-0255,18-08-2026,CVE-2026-60914,General Enterprise Technology,General Enterprise / Indian Attack Surface,NVD-CWE-noinfo,CVSS v3.1: 7.5 — High,Theoretical / no exploitation evidence,Vulnerability in the Oracle Unified Directory product of Oracle Fusion Middleware (component: OUD Core).  Supported versions that are affected are 12.2.1.4.0 and  14.1.2.1.0. Easily exploitable vulnerability allows unauthenticated attacker with netwo...,Apply vendor security patches.,https://nvd.nist.gov/vuln/detail/CVE-2026-60914
IN-VULN-2026-0256,18-08-2026,CVE-2026-60915,General Enterprise Technology,General Enterprise / Indian Attack Surface,CWE-284,CVSS v3.1: 7.4 — High,Theoretical / no exploitation evidence,Vulnerability in the Helidon product of Oracle Fusion Middleware (component: Imperative Web Server).  Supported versions that are affected are 3.0.0-3.2.17 and  4.0.0-4.4.1. Difficult to exploit vulnerability allows unauthenticated attacker with netw...,Apply vendor security patches.,https://nvd.nist.gov/vuln/detail/CVE-2026-60915
IN-VULN-2026-0257,18-08-2026,CVE-2026-60916,General Enterprise Technology,General Enterprise / Indian Attack Surface,CWE-284,CVSS v3.1: 9.9 — Critical,Theoretical / no exploitation evidence,Vulnerability in the Oracle WebCenter Enterprise Capture product of Oracle Fusion Middleware (component: Client Bundle).  Supported versions that are affected are 12.2.1.4.0 and  14.1.2.0.0. Easily exploitable vulnerability allows unauthenticated att...,Apply vendor security patches.,https://nvd.nist.gov/vuln/detail/CVE-2026-60916
IN-VULN-2026-0258,18-08-2026,CVE-2026-60921,General Enterprise Technology,General Enterprise / Indian Attack Surface,CWE-284,CVSS v3.1: 9.8 — Critical,Theoretical / no exploitation evidence,Vulnerability in the Oracle WebCenter Enterprise Capture product of Oracle Fusion Middleware (component: Client Bundle).  Supported versions that are affected are 12.2.1.4.0 and  14.1.2.0.0. Easily exploitable vulnerability allows unauthenticated att...,Apply vendor security patches.,https://nvd.nist.gov/vuln/detail/CVE-2026-60921
IN-VULN-2026-0259,18-08-2026,CVE-2026-60928,General Enterprise Technology,General Enterprise / Indian Attack Surface,CWE-284,CVSS v3.1: 8.4 — High,Theoretical / no exploitation evidence,Vulnerability in the Oracle WebCenter Content product of Oracle Fusion Middleware (component: Content Server).   The supported version that is affected is 14.1.2.0.0. Easily exploitable vulnerability allows low privileged attacker with logon to the i...,Apply vendor security patches.,https://nvd.nist.gov/vuln/detail/CVE-2026-60928
IN-VULN-2026-0260,18-08-2026,CVE-2026-60933,General Enterprise Technology,General Enterprise / Indian Attack Surface,CWE-284,CVSS v3.1: 7.4 — High,Theoretical / no exploitation evidence,Vulnerability in the Oracle WebCenter Content product of Oracle Fusion Middleware (component: Content Server).  Supported versions that are affected are 12.2.1.4.0 and  14.1.2.0.0. Difficult to exploit vulnerability allows unauthenticated attacker wi...,Apply vendor security patches.,https://nvd.nist.gov/vuln/detail/CVE-2026-60933
IN-VULN-2026-0261,18-08-2026,CVE-2026-60934,General Enterprise Technology,General Enterprise / Indian Attack Surface,CWE-284,CVSS v3.1: 8.7 — High,Theoretical / no exploitation evidence,Vulnerability in the Oracle WebCenter Content product of Oracle Fusion Middleware (component: Content Server).  Supported versions that are affected are 12.2.1.4.0 and  14.1.2.0.0. Difficult to exploit vulnerability allows unauthenticated attacker wi...,Apply vendor security patches.,https://nvd.nist.gov/vuln/detail/CVE-2026-60934
IN-VULN-2026-0262,18-08-2026,CVE-2026-60935,General Enterprise Technology,General Enterprise / Indian Attack Surface,CWE-284,CVSS v3.1: 8.7 — High,Theoretical / no exploitation evidence,Vulnerability in the Oracle WebCenter Content product of Oracle Fusion Middleware (component: Content Server).  Supported versions that are affected are 12.2.1.4.0 and  14.1.2.0.0. Difficult to exploit vulnerability allows unauthenticated attacker wi...,Apply vendor security patches.,https://nvd.nist.gov/vuln/detail/CVE-2026-60935
IN-VULN-2026-0263,18-08-2026,CVE-2026-60944,General Enterprise Technology,General Enterprise / Indian Attack Surface,CWE-284,CVSS v3.1: 8.2 — High,Theoretical / no exploitation evidence,Vulnerability in the Oracle WebCenter Content product of Oracle Fusion Middleware (component: Content Server).  Supported versions that are affected are 12.2.1.4.0 and  14.1.2.0.0. Easily exploitable vulnerability allows unauthenticated attacker with...,Apply vendor security patches.,https://nvd.nist.gov/vuln/detail/CVE-2026-60944
IN-VULN-2026-0264,18-08-2026,CVE-2026-60946,General Enterprise Technology,General Enterprise / Indian Attack Surface,CWE-284,CVSS v3.1: 9.8 — Critical,Theoretical / no exploitation evidence,Vulnerability in the Oracle WebCenter Enterprise Capture product of Oracle Fusion Middleware (component: Client Bundle).  Supported versions that are affected are 12.2.1.4.0 and  14.1.2.0.0. Easily exploitable vulnerability allows unauthenticated att...,Apply vendor security patches.,https://nvd.nist.gov/vuln/detail/CVE-2026-60946
IN-VULN-2026-0265,18-08-2026,CVE-2026-60947,General Enterprise Technology,General Enterprise / Indian Attack Surface,CWE-284,CVSS v3.1: 9.8 — Critical,Theoretical / no exploitation evidence,Vulnerability in the Oracle WebCenter Enterprise Capture product of Oracle Fusion Middleware (component: Client Bundle).  Supported versions that are affected are 12.2.1.4.0 and  14.1.2.0.0. Easily exploitable vulnerability allows unauthenticated att...,Apply vendor security patches.,https://nvd.nist.gov/vuln/detail/CVE-2026-60947
IN-VULN-2026-0266,18-08-2026,CVE-2026-60949,General Enterprise Technology,General Enterprise / Indian Attack Surface,CWE-284,CVSS v3.1: 7.1 — High,Theoretical / no exploitation evidence,Vulnerability in the Oracle WebCenter Content product of Oracle Fusion Middleware (component: Content Server).  Supported versions that are affected are 12.2.1.4.0 and  14.1.2.0.0. Difficult to exploit vulnerability allows low privileged attacker wit...,Apply vendor security patches.,https://nvd.nist.gov/vuln/detail/CVE-2026-60949
IN-VULN-2026-0267,18-08-2026,CVE-2026-60954,General Enterprise Technology,General Enterprise / Indian Attack Surface,CWE-284,CVSS v3.1: 8.7 — High,Theoretical / no exploitation evidence,Vulnerability in the Oracle WebCenter Content product of Oracle Fusion Middleware (component: Content Server).  Supported versions that are affected are 12.2.1.4.0 and  14.1.2.0.0. Difficult to exploit vulnerability allows unauthenticated attacker wi...,Apply vendor security patches.,https://nvd.nist.gov/vuln/detail/CVE-2026-60954
IN-VULN-2026-0268,18-08-2026,CVE-2026-60955,General Enterprise Technology,General Enterprise / Indian Attack Surface,CWE-284,CVSS v3.1: 8.2 — High,Theoretical / no exploitation evidence,Vulnerability in the Oracle WebCenter Content product of Oracle Fusion Middleware (component: Content Server).  Supported versions that are affected are 12.2.1.4.0 and  14.1.2.0.0. Easily exploitable vulnerability allows high privileged attacker with...,Apply vendor security patches.,https://nvd.nist.gov/vuln/detail/CVE-2026-60955
IN-VULN-2026-0269,18-08-2026,CVE-2026-60956,General Enterprise Technology,General Enterprise / Indian Attack Surface,CWE-284,CVSS v3.1: 7.5 — High,Theoretical / no exploitation evidence,Vulnerability in the JD Edwards EnterpriseOne US Payroll product of Oracle JD Edwards (component: Payroll).   The supported version that is affected is 9.2. Difficult to exploit vulnerability allows low privileged attacker with network access via JDE...,Apply vendor security patches.,https://nvd.nist.gov/vuln/detail/CVE-2026-60956
IN-VULN-2026-0270,18-08-2026,CVE-2026-60958,General Enterprise Technology,General Enterprise / Indian Attack Surface,CWE-284,CVSS v3.1: 9.8 — Critical,Theoretical / no exploitation evidence,Vulnerability in the Oracle WebCenter Enterprise Capture product of Oracle Fusion Middleware (component: Client Bundle).  Supported versions that are affected are 12.2.1.4.0 and  14.1.2.0.0. Easily exploitable vulnerability allows unauthenticated att...,Apply vendor security patches.,https://nvd.nist.gov/vuln/detail/CVE-2026-60958
IN-VULN-2026-0271,18-08-2026,CVE-2026-60961,General Enterprise Technology,General Enterprise / Indian Attack Surface,CWE-284,CVSS v3.1: 8.0 — High,Theoretical / no exploitation evidence,Vulnerability in the Oracle WebCenter Content product of Oracle Fusion Middleware (component: Content Server).  Supported versions that are affected are 12.2.1.4.0 and  14.1.2.0.0. Difficult to exploit vulnerability allows unauthenticated attacker wi...,Apply vendor security patches.,https://nvd.nist.gov/vuln/detail/CVE-2026-60961
IN-VULN-2026-0272,18-08-2026,CVE-2026-60967,General Enterprise Technology,General Enterprise / Indian Attack Surface,CWE-284,CVSS v3.1: 8.8 — High,Theoretical / no exploitation evidence,Vulnerability in the PeopleSoft Enterprise PeopleTools product of Oracle PeopleSoft (component: nVision).  Supported versions that are affected are 8.61-8.63. Easily exploitable vulnerability allows unauthenticated attacker with network access via HT...,Apply vendor security patches.,https://nvd.nist.gov/vuln/detail/CVE-2026-60967
IN-VULN-2026-0273,18-08-2026,CVE-2026-60969,General Enterprise Technology,General Enterprise / Indian Attack Surface,NVD-CWE-noinfo,CVSS v3.1: 7.7 — High,Theoretical / no exploitation evidence,Vulnerability in the Oracle Unified Directory product of Oracle Fusion Middleware (component: OUD Core).  Supported versions that are affected are 12.2.1.4.0 and  14.1.2.1.0. Easily exploitable vulnerability allows low privileged attacker with networ...,Apply vendor security patches.,https://nvd.nist.gov/vuln/detail/CVE-2026-60969
IN-VULN-2026-0274,18-08-2026,CVE-2026-60970,General Enterprise Technology,General Enterprise / Indian Attack Surface,CWE-284,CVSS v3.1: 9.8 — Critical,Theoretical / no exploitation evidence,Vulnerability in the Oracle WebCenter Enterprise Capture product of Oracle Fusion Middleware (component: Client Bundle).  Supported versions that are affected are 12.2.1.4.0 and  14.1.2.0.0. Easily exploitable vulnerability allows unauthenticated att...,Apply vendor security patches.,https://nvd.nist.gov/vuln/detail/CVE-2026-60970
IN-VULN-2026-0275,18-08-2026,CVE-2026-60971,General Enterprise Technology,General Enterprise / Indian Attack Surface,CWE-284,CVSS v3.1: 9.8 — Critical,Theoretical / no exploitation evidence,Vulnerability in the Oracle WebCenter Enterprise Capture product of Oracle Fusion Middleware (component: Client Bundle).  Supported versions that are affected are 12.2.1.4.0 and  14.1.2.0.0. Easily exploitable vulnerability allows unauthenticated att...,Apply vendor security patches.,https://nvd.nist.gov/vuln/detail/CVE-2026-60971
IN-VULN-2026-0276,18-08-2026,CVE-2026-60975,General Enterprise Technology,General Enterprise / Indian Attack Surface,CWE-284,CVSS v3.1: 7.5 — High,Theoretical / no exploitation evidence,Vulnerability in the PeopleSoft Enterprise PeopleTools product of Oracle PeopleSoft (component: Security).  Supported versions that are affected are 8.61 and  8.62. Difficult to exploit vulnerability allows low privileged attacker with logon to the i...,Apply vendor security patches.,https://nvd.nist.gov/vuln/detail/CVE-2026-60975
IN-VULN-2026-0277,18-08-2026,CVE-2026-60976,General Enterprise Technology,General Enterprise / Indian Attack Surface,CWE-284,CVSS v3.1: 8.8 — High,Theoretical / no exploitation evidence,Vulnerability in the Oracle Scripting product of Oracle E-Business Suite (component: Internal Operations).  Supported versions that are affected are 12.2.3-12.2.15. Easily exploitable vulnerability allows low privileged attacker with network access v...,Apply vendor security patches.,https://nvd.nist.gov/vuln/detail/CVE-2026-60976
IN-VULN-2026-0278,18-08-2026,CVE-2026-60977,General Enterprise Technology,General Enterprise / Indian Attack Surface,NVD-CWE-noinfo,CVSS v3.1: 9.8 — Critical,Theoretical / no exploitation evidence,"Vulnerability in the Oracle WebLogic Server product of Oracle Fusion Middleware (component: WLS Core Components).  Supported versions that are affected are 12.2.1.4.0, 14.1.1.0.0 and  14.1.2.0.0. Easily exploitable vulnerability allows unauthenticate...",Apply vendor security patches.,https://nvd.nist.gov/vuln/detail/CVE-2026-60977
IN-VULN-2026-0279,18-08-2026,CVE-2026-60980,General Enterprise Technology,General Enterprise / Indian Attack Surface,CWE-284,CVSS v3.1: 8.7 — High,Theoretical / no exploitation evidence,Vulnerability in the Oracle WebCenter Content product of Oracle Fusion Middleware (component: Content Server).  Supported versions that are affected are 12.2.1.4.0 and  14.1.2.0.0. Difficult to exploit vulnerability allows unauthenticated attacker wi...,Apply vendor security patches.,https://nvd.nist.gov/vuln/detail/CVE-2026-60980
IN-VULN-2026-0280,18-08-2026,CVE-2026-60981,General Enterprise Technology,General Enterprise / Indian Attack Surface,CWE-284,CVSS v3.1: 8.7 — High,Theoretical / no exploitation evidence,Vulnerability in the Oracle WebCenter Content product of Oracle Fusion Middleware (component: Content Server).  Supported versions that are affected are 14.1.2.0.0 and  12.2.1.4.0. Easily exploitable vulnerability allows low privileged attacker with ...,Apply vendor security patches.,https://nvd.nist.gov/vuln/detail/CVE-2026-60981
IN-VULN-2026-0281,18-08-2026,CVE-2026-60983,General Enterprise Technology,General Enterprise / Indian Attack Surface,CWE-284,CVSS v3.1: 7.7 — High,Theoretical / no exploitation evidence,Vulnerability in the Oracle WebCenter Content product of Oracle Fusion Middleware (component: Content Server).  Supported versions that are affected are 14.1.2.0.0 and  12.2.1.4.0. Easily exploitable vulnerability allows low privileged attacker with ...,Apply vendor security patches.,https://nvd.nist.gov/vuln/detail/CVE-2026-60983
IN-VULN-2026-0282,18-08-2026,CVE-2026-60990,General Enterprise Technology,General Enterprise / Indian Attack Surface,NVD-CWE-noinfo,CVSS v3.1: 9.9 — Critical,Theoretical / no exploitation evidence,Vulnerability in the Oracle Identity Manager Connector product of Oracle Fusion Middleware (component: Core).  Supported versions that are affected are 12.2.1.4.0 and  14.1.2.1.0. Easily exploitable vulnerability allows low privileged attacker with n...,Apply vendor security patches.,https://nvd.nist.gov/vuln/detail/CVE-2026-60990
IN-VULN-2026-0283,18-08-2026,CVE-2026-60991,General Enterprise Technology,General Enterprise / Indian Attack Surface,NVD-CWE-noinfo,CVSS v3.1: 7.8 — High,Theoretical / no exploitation evidence,Vulnerability in the Oracle Identity Manager Connector product of Oracle Fusion Middleware (component: Core).  Supported versions that are affected are 12.2.1.4.0 and  14.1.2.1.0. Easily exploitable vulnerability allows low privileged attacker with l...,Apply vendor security patches.,https://nvd.nist.gov/vuln/detail/CVE-2026-60991
IN-VULN-2026-0284,18-08-2026,CVE-2026-60992,General Enterprise Technology,General Enterprise / Indian Attack Surface,NVD-CWE-noinfo,CVSS v3.1: 8.1 — High,Theoretical / no exploitation evidence,Vulnerability in the Oracle Identity Manager Connector product of Oracle Fusion Middleware (component: Core).  Supported versions that are affected are 12.2.1.4.0 and  14.1.2.1.0. Difficult to exploit vulnerability allows unauthenticated attacker wit...,Apply vendor security patches.,https://nvd.nist.gov/vuln/detail/CVE-2026-60992
IN-VULN-2026-0285,18-08-2026,CVE-2026-60993,General Enterprise Technology,General Enterprise / Indian Attack Surface,NVD-CWE-noinfo,CVSS v3.1: 7.5 — High,Theoretical / no exploitation evidence,Vulnerability in the Oracle Identity Manager Connector product of Oracle Fusion Middleware (component: Core).  Supported versions that are affected are 12.2.1.4.0 and  14.1.2.1.0. Difficult to exploit vulnerability allows unauthenticated attacker wit...,Apply vendor security patches.,https://nvd.nist.gov/vuln/detail/CVE-2026-60993
IN-VULN-2026-0286,18-08-2026,CVE-2026-60994,General Enterprise Technology,General Enterprise / Indian Attack Surface,CWE-284,CVSS v3.1: 7.2 — High,Theoretical / no exploitation evidence,Vulnerability in the Oracle Identity Manager Connector product of Oracle Fusion Middleware (component: Core).  Supported versions that are affected are 12.2.1.4.0 and  14.1.2.1.0. Difficult to exploit vulnerability allows low privileged attacker with...,Apply vendor security patches.,https://nvd.nist.gov/vuln/detail/CVE-2026-60994
IN-VULN-2026-0287,18-08-2026,CVE-2026-60995,General Enterprise Technology,General Enterprise / Indian Attack Surface,CWE-284,CVSS v3.1: 9.9 — Critical,Theoretical / no exploitation evidence,Vulnerability in the Oracle Identity Manager Connector product of Oracle Fusion Middleware (component: Core).  Supported versions that are affected are 12.2.1.4.0 and  14.1.2.1.0. Easily exploitable vulnerability allows low privileged attacker with n...,Apply vendor security patches.,https://nvd.nist.gov/vuln/detail/CVE-2026-60995
IN-VULN-2026-0288,18-08-2026,CVE-2026-60996,General Enterprise Technology,General Enterprise / Indian Attack Surface,CWE-284,CVSS v3.1: 8.7 — High,Theoretical / no exploitation evidence,Vulnerability in the Oracle Identity Manager Connector product of Oracle Fusion Middleware (component: Connectors and Connector Server).  Supported versions that are affected are 12.2.1.4.0 and  14.1.2.1.0. Easily exploitable vulnerability allows hig...,Apply vendor security patches.,https://nvd.nist.gov/vuln/detail/CVE-2026-60996
IN-VULN-2026-0289,18-08-2026,CVE-2026-60998,General Enterprise Technology,General Enterprise / Indian Attack Surface,NVD-CWE-noinfo,CVSS v3.1: 8.0 — High,Theoretical / no exploitation evidence,Vulnerability in the Oracle Identity Manager Connector product of Oracle Fusion Middleware (component: Microsoft Active Directory).  Supported versions that are affected are 12.2.1.4.0 and  14.1.2.1.0. Difficult to exploit vulnerability allows high p...,Apply vendor security patches.,https://nvd.nist.gov/vuln/detail/CVE-2026-60998
IN-VULN-2026-0290,18-08-2026,CVE-2026-61001,General Enterprise Technology,General Enterprise / Indian Attack Surface,NVD-CWE-noinfo,CVSS v3.1: 9.6 — Critical,Theoretical / no exploitation evidence,Vulnerability in the Oracle Web Services Manager product of Oracle Fusion Middleware (component: Web Services Security).  Supported versions that are affected are 12.2.1.4.0 and  14.1.2.0.0. Easily exploitable vulnerability allows low privileged atta...,Apply vendor security patches.,https://nvd.nist.gov/vuln/detail/CVE-2026-61001
IN-VULN-2026-0291,18-08-2026,CVE-2026-61002,General Enterprise Technology,General Enterprise / Indian Attack Surface,CWE-284,CVSS v3.1: 8.8 — High,Theoretical / no exploitation evidence,Vulnerability in the Oracle SOA Suite product of Oracle Fusion Middleware (component: B2B Engine).  Supported versions that are affected are 12.2.1.4.0 and  14.1.2.0.0. Easily exploitable vulnerability allows low privileged attacker with network acce...,Apply vendor security patches.,https://nvd.nist.gov/vuln/detail/CVE-2026-61002
IN-VULN-2026-0292,18-08-2026,CVE-2026-61003,General Enterprise Technology,General Enterprise / Indian Attack Surface,NVD-CWE-noinfo,CVSS v3.1: 9.9 — Critical,Theoretical / no exploitation evidence,Vulnerability in the Oracle Managed File Transfer product of Oracle Fusion Middleware (component: MFT Runtime Server).  Supported versions that are affected are 12.2.1.4.0 and  14.1.2.0.0. Easily exploitable vulnerability allows low privileged attack...,Apply vendor security patches.,https://nvd.nist.gov/vuln/detail/CVE-2026-61003
IN-VULN-2026-0293,18-08-2026,CVE-2026-61007,General Enterprise Technology,General Enterprise / Indian Attack Surface,CWE-284,CVSS v3.1: 7.5 — High,Theoretical / no exploitation evidence,Vulnerability in the Oracle WebCenter Sites product of Oracle Fusion Middleware (component: WebCenter Sites).  Supported versions that are affected are 12.2.1.4.0 and  14.1.2.0.0. Easily exploitable vulnerability allows unauthenticated attacker with ...,Apply vendor security patches.,https://nvd.nist.gov/vuln/detail/CVE-2026-61007
IN-VULN-2026-0294,18-08-2026,CVE-2026-61008,General Enterprise Technology,General Enterprise / Indian Attack Surface,CWE-284,CVSS v3.1: 9.1 — Critical,Theoretical / no exploitation evidence,Vulnerability in the Oracle WebCenter Sites product of Oracle Fusion Middleware (component: WebCenter Sites).  Supported versions that are affected are 12.2.1.4.0 and  14.1.2.0.0. Easily exploitable vulnerability allows unauthenticated attacker with ...,Apply vendor security patches.,https://nvd.nist.gov/vuln/detail/CVE-2026-61008
IN-VULN-2026-0295,18-08-2026,CVE-2026-61011,General Enterprise Technology,General Enterprise / Indian Attack Surface,CWE-284,CVSS v3.1: 8.2 — High,Theoretical / no exploitation evidence,Vulnerability in the Oracle WebCenter Sites product of Oracle Fusion Middleware (component: WebCenter Sites).  Supported versions that are affected are 12.2.1.4.0 and  14.1.2.0.0. Easily exploitable vulnerability allows unauthenticated attacker with ...,Apply vendor security patches.,https://nvd.nist.gov/vuln/detail/CVE-2026-61011
IN-VULN-2026-0296,18-08-2026,CVE-2026-61016,General Enterprise Technology,General Enterprise / Indian Attack Surface,CWE-284,CVSS v3.1: 8.2 — High,Theoretical / no exploitation evidence,Vulnerability in the Oracle WebCenter Sites product of Oracle Fusion Middleware (component: WebCenter Sites).  Supported versions that are affected are 12.2.1.4.0 and  14.1.2.0.0. Easily exploitable vulnerability allows unauthenticated attacker with ...,Apply vendor security patches.,https://nvd.nist.gov/vuln/detail/CVE-2026-61016
IN-VULN-2026-0297,18-08-2026,CVE-2026-61017,General Enterprise Technology,General Enterprise / Indian Attack Surface,CWE-284,CVSS v3.1: 8.8 — High,Theoretical / no exploitation evidence,Vulnerability in the Oracle WebCenter Sites product of Oracle Fusion Middleware (component: WebCenter Sites).  Supported versions that are affected are 12.2.1.4.0 and  14.1.2.0.0. Easily exploitable vulnerability allows low privileged attacker with n...,Apply vendor security patches.,https://nvd.nist.gov/vuln/detail/CVE-2026-61017
IN-VULN-2026-0298,18-08-2026,CVE-2026-61018,General Enterprise Technology,General Enterprise / Indian Attack Surface,CWE-284,CVSS v3.1: 9.8 — Critical,Theoretical / no exploitation evidence,Vulnerability in the Oracle WebCenter Sites product of Oracle Fusion Middleware (component: WebCenter Sites).  Supported versions that are affected are 12.2.1.4.0 and  14.1.2.0.0. Easily exploitable vulnerability allows unauthenticated attacker with ...,Apply vendor security patches.,https://nvd.nist.gov/vuln/detail/CVE-2026-61018
IN-VULN-2026-0299,18-08-2026,CVE-2026-61021,General Enterprise Technology,General Enterprise / Indian Attack Surface,CWE-284,CVSS v3.1: 9.9 — Critical,Theoretical / no exploitation evidence,Vulnerability in the Oracle WebCenter Sites product of Oracle Fusion Middleware (component: WebCenter Sites).  Supported versions that are affected are 12.2.1.4.0 and  14.1.2.0.0. Easily exploitable vulnerability allows low privileged attacker with n...,Apply vendor security patches.,https://nvd.nist.gov/vuln/detail/CVE-2026-61021
IN-VULN-2026-0300,18-08-2026,CVE-2026-61022,General Enterprise Technology,General Enterprise / Indian Attack Surface,CWE-284,CVSS v3.1: 8.8 — High,Theoretical / no exploitation evidence,Vulnerability in the Oracle WebCenter Sites product of Oracle Fusion Middleware (component: WebCenter Sites).  Supported versions that are affected are 12.2.1.4.0 and  14.1.2.0.0. Easily exploitable vulnerability allows low privileged attacker with n...,Apply vendor security patches.,https://nvd.nist.gov/vuln/detail/CVE-2026-61022
IN-VULN-2026-0301,18-08-2026,CVE-2026-61029,General Enterprise Technology,General Enterprise / Indian Attack Surface,CWE-284,CVSS v3.1: 9.0 — Critical,Theoretical / no exploitation evidence,Vulnerability in the Oracle WebCenter Sites product of Oracle Fusion Middleware (component: WebCenter Sites).  Supported versions that are affected are 12.2.1.4.0 and  14.1.2.0.0. Difficult to exploit vulnerability allows unauthenticated attacker wit...,Apply vendor security patches.,https://nvd.nist.gov/vuln/detail/CVE-2026-61029
IN-VULN-2026-0302,18-08-2026,CVE-2026-61032,General Enterprise Technology,General Enterprise / Indian Attack Surface,CWE-284,CVSS v3.1: 8.8 — High,Theoretical / no exploitation evidence,Vulnerability in the Oracle WebCenter Sites product of Oracle Fusion Middleware (component: WebCenter Sites).  Supported versions that are affected are 12.2.1.4.0 and  14.1.2.0.0. Easily exploitable vulnerability allows low privileged attacker with n...,Apply vendor security patches.,https://nvd.nist.gov/vuln/detail/CVE-2026-61032
IN-VULN-2026-0303,18-08-2026,CVE-2026-61033,General Enterprise Technology,General Enterprise / Indian Attack Surface,CWE-284,CVSS v3.1: 8.6 — High,Theoretical / no exploitation evidence,Vulnerability in the Oracle WebCenter Sites product of Oracle Fusion Middleware (component: WebCenter Sites).  Supported versions that are affected are 12.2.1.4.0 and  14.1.2.0.0. Easily exploitable vulnerability allows unauthenticated attacker with ...,Apply vendor security patches.,https://nvd.nist.gov/vuln/detail/CVE-2026-61033
IN-VULN-2026-0304,18-08-2026,CVE-2026-61034,General Enterprise Technology,General Enterprise / Indian Attack Surface,CWE-284,CVSS v3.1: 9.1 — Critical,Theoretical / no exploitation evidence,Vulnerability in the Oracle WebCenter Sites product of Oracle Fusion Middleware (component: WebCenter Sites).  Supported versions that are affected are 12.2.1.4.0 and  14.1.2.0.0. Easily exploitable vulnerability allows high privileged attacker with ...,Apply vendor security patches.,https://nvd.nist.gov/vuln/detail/CVE-2026-61034
IN-VULN-2026-0305,18-08-2026,CVE-2026-61038,General Enterprise Technology,General Enterprise / Indian Attack Surface,CWE-284,CVSS v3.1: 8.2 — High,Theoretical / no exploitation evidence,Vulnerability in the Oracle WebCenter Sites product of Oracle Fusion Middleware (component: WebCenter Sites).  Supported versions that are affected are 12.2.1.4.0 and  14.1.2.0.0. Easily exploitable vulnerability allows unauthenticated attacker with ...,Apply vendor security patches.,https://nvd.nist.gov/vuln/detail/CVE-2026-61038
IN-VULN-2026-0306,18-08-2026,CVE-2026-61040,General Enterprise Technology,General Enterprise / Indian Attack Surface,CWE-284,CVSS v3.1: 8.8 — High,Theoretical / no exploitation evidence,Vulnerability in the Oracle WebCenter Sites product of Oracle Fusion Middleware (component: WebCenter Sites).  Supported versions that are affected are 12.2.1.4.0 and  14.1.2.0.0. Easily exploitable vulnerability allows low privileged attacker with n...,Apply vendor security patches.,https://nvd.nist.gov/vuln/detail/CVE-2026-61040
IN-VULN-2026-0307,18-08-2026,CVE-2026-61042,General Enterprise Technology,General Enterprise / Indian Attack Surface,CWE-284,CVSS v3.1: 8.8 — High,Theoretical / no exploitation evidence,Vulnerability in the Oracle WebCenter Sites product of Oracle Fusion Middleware (component: WebCenter Sites).  Supported versions that are affected are 12.2.1.4.0 and  14.1.2.0.0. Easily exploitable vulnerability allows low privileged attacker with n...,Apply vendor security patches.,https://nvd.nist.gov/vuln/detail/CVE-2026-61042
IN-VULN-2026-0308,18-08-2026,CVE-2026-61045,General Enterprise Technology,General Enterprise / Indian Attack Surface,CWE-284,CVSS v3.1: 8.6 — High,Theoretical / no exploitation evidence,Vulnerability in the Oracle WebCenter Sites product of Oracle Fusion Middleware (component: WebCenter Sites).  Supported versions that are affected are 12.2.1.4.0 and  14.1.2.0.0. Easily exploitable vulnerability allows unauthenticated attacker with ...,Apply vendor security patches.,https://nvd.nist.gov/vuln/detail/CVE-2026-61045
IN-VULN-2026-0309,18-08-2026,CVE-2026-61054,General Enterprise Technology,General Enterprise / Indian Attack Surface,CWE-284,CVSS v3.1: 8.2 — High,Theoretical / no exploitation evidence,Vulnerability in the Oracle WebCenter Sites product of Oracle Fusion Middleware (component: WebCenter Sites).  Supported versions that are affected are 12.2.1.4.0 and  14.1.2.0.0. Easily exploitable vulnerability allows unauthenticated attacker with ...,Apply vendor security patches.,https://nvd.nist.gov/vuln/detail/CVE-2026-61054
IN-VULN-2026-0310,18-08-2026,CVE-2026-61058,General Enterprise Technology,General Enterprise / Indian Attack Surface,CWE-284,CVSS v3.1: 8.8 — High,Theoretical / no exploitation evidence,Vulnerability in the Oracle WebCenter Sites product of Oracle Fusion Middleware (component: WebCenter Sites).  Supported versions that are affected are 12.2.1.4.0 and  14.1.2.0.0. Easily exploitable vulnerability allows low privileged attacker with n...,Apply vendor security patches.,https://nvd.nist.gov/vuln/detail/CVE-2026-61058
IN-VULN-2026-0311,18-08-2026,CVE-2026-61066,General Enterprise Technology,General Enterprise / Indian Attack Surface,NVD-CWE-noinfo,CVSS v3.1: 9.9 — Critical,Theoretical / no exploitation evidence,Vulnerability in the Oracle Identity Manager product of Oracle Fusion Middleware (component: OIM Legacy UI).  Supported versions that are affected are 12.2.1.4.0 and  14.1.2.1.0. Easily exploitable vulnerability allows low privileged attacker with ne...,Apply vendor security patches.,https://nvd.nist.gov/vuln/detail/CVE-2026-61066
IN-VULN-2026-0312,18-08-2026,CVE-2026-61118,General Enterprise Technology,General Enterprise / Indian Attack Surface,NVD-CWE-noinfo,CVSS v3.1: 8.8 — High,Theoretical / no exploitation evidence,Vulnerability in the Oracle Identity Manager product of Oracle Fusion Middleware (component: OIM Legacy UI).  Supported versions that are affected are 12.2.1.4.0 and  14.1.2.1.0. Easily exploitable vulnerability allows low privileged attacker with ne...,Apply vendor security patches.,https://nvd.nist.gov/vuln/detail/CVE-2026-61118
IN-VULN-2026-0313,18-08-2026,CVE-2026-61124,General Enterprise Technology,General Enterprise / Indian Attack Surface,CWE-284,CVSS v3.1: 7.1 — High,Theoretical / no exploitation evidence,Vulnerability in the Oracle WebCenter Portal product of Oracle Fusion Middleware (component: Runtime Tools).  Supported versions that are affected are 12.2.1.4.0 and  14.1.2.0.0. Easily exploitable vulnerability allows unauthenticated attacker with n...,Apply vendor security patches.,https://nvd.nist.gov/vuln/detail/CVE-2026-61124
IN-VULN-2026-0314,18-08-2026,CVE-2026-61177,General Enterprise Technology,General Enterprise / Indian Attack Surface,CWE-284,CVSS v3.1: 8.1 — High,Theoretical / no exploitation evidence,Vulnerability in the Oracle WebCenter Portal product of Oracle Fusion Middleware (component: Runtime Tools).  Supported versions that are affected are 12.2.1.4.0 and  14.1.2.0.0. Easily exploitable vulnerability allows low privileged attacker with ne...,Apply vendor security patches.,https://nvd.nist.gov/vuln/detail/CVE-2026-61177
IN-VULN-2026-0315,18-08-2026,CVE-2026-61193,General Enterprise Technology,General Enterprise / Indian Attack Surface,CWE-284,CVSS v3.1: 8.7 — High,Theoretical / no exploitation evidence,Vulnerability in the Oracle WebCenter Portal product of Oracle Fusion Middleware (component: Runtime Tools).  Supported versions that are affected are 12.2.1.4.0 and  14.1.2.0.0. Difficult to exploit vulnerability allows unauthenticated attacker with...,Apply vendor security patches.,https://nvd.nist.gov/vuln/detail/CVE-2026-61193
IN-VULN-2026-0316,18-08-2026,CVE-2026-61199,General Enterprise Technology,General Enterprise / Indian Attack Surface,CWE-284,CVSS v3.1: 7.7 — High,Theoretical / no exploitation evidence,Vulnerability in the Oracle WebCenter Portal product of Oracle Fusion Middleware (component: Runtime Tools).   The supported version that is affected is 14.1.2.0.0. Easily exploitable vulnerability allows low privileged attacker with network access v...,Apply vendor security patches.,https://nvd.nist.gov/vuln/detail/CVE-2026-61199
IN-VULN-2026-0317,18-08-2026,CVE-2026-61206,General Enterprise Technology,General Enterprise / Indian Attack Surface,CWE-284,CVSS v3.1: 9.9 — Critical,Theoretical / no exploitation evidence,Vulnerability in the Oracle Hyperion Calculation Manager product of Oracle Hyperion (component: Security).   The supported version that is affected is 11.2.25.0.000. Easily exploitable vulnerability allows low privileged attacker with network access ...,Apply vendor security patches.,https://nvd.nist.gov/vuln/detail/CVE-2026-61206
IN-VULN-2026-0318,18-08-2026,CVE-2026-61208,General Enterprise Technology,General Enterprise / Indian Attack Surface,CWE-284,CVSS v3.1: 7.6 — High,Theoretical / no exploitation evidence,Vulnerability in the Oracle WebCenter Portal product of Oracle Fusion Middleware (component: Runtime Tools).  Supported versions that are affected are 12.2.1.4.0 and  14.1.2.0.0. Easily exploitable vulnerability allows low privileged attacker with ne...,Apply vendor security patches.,https://nvd.nist.gov/vuln/detail/CVE-2026-61208
IN-VULN-2026-0319,18-08-2026,CVE-2026-61212,General Enterprise Technology,General Enterprise / Indian Attack Surface,CWE-284,CVSS v3.1: 8.5 — High,Theoretical / no exploitation evidence,Vulnerability in the Oracle WebCenter Portal product of Oracle Fusion Middleware (component: Runtime Tools).  Supported versions that are affected are 12.2.1.4.0 and  14.1.2.0.0. Difficult to exploit vulnerability allows low privileged attacker with ...,Apply vendor security patches.,https://nvd.nist.gov/vuln/detail/CVE-2026-61212
IN-VULN-2026-0320,18-08-2026,CVE-2026-61213,General Enterprise Technology,General Enterprise / Indian Attack Surface,CWE-284,CVSS v3.1: 8.8 — High,Theoretical / no exploitation evidence,Vulnerability in the Oracle WebCenter Portal product of Oracle Fusion Middleware (component: Runtime Tools).  Supported versions that are affected are 12.2.1.4.0 and  14.1.2.0.0. Easily exploitable vulnerability allows low privileged attacker with ne...,Apply vendor security patches.,https://nvd.nist.gov/vuln/detail/CVE-2026-61213
IN-VULN-2026-0321,18-08-2026,CVE-2026-61215,General Enterprise Technology,General Enterprise / Indian Attack Surface,CWE-284,CVSS v3.1: 8.7 — High,Theoretical / no exploitation evidence,Vulnerability in the Oracle WebCenter Portal product of Oracle Fusion Middleware (component: Runtime Tools).  Supported versions that are affected are 12.2.1.4.0 and  14.1.2.0.0. Easily exploitable vulnerability allows low privileged attacker with ne...,Apply vendor security patches.,https://nvd.nist.gov/vuln/detail/CVE-2026-61215
IN-VULN-2026-0322,18-08-2026,CVE-2026-61219,General Enterprise Technology,General Enterprise / Indian Attack Surface,CWE-284,CVSS v3.1: 8.7 — High,Theoretical / no exploitation evidence,Vulnerability in the Oracle WebCenter Portal product of Oracle Fusion Middleware (component: Runtime Tools).  Supported versions that are affected are 12.2.1.4.0 and  14.1.2.0.0. Easily exploitable vulnerability allows low privileged attacker with ne...,Apply vendor security patches.,https://nvd.nist.gov/vuln/detail/CVE-2026-61219
IN-VULN-2026-0323,18-08-2026,CVE-2026-61222,General Enterprise Technology,General Enterprise / Indian Attack Surface,CWE-284,CVSS v3.1: 8.2 — High,Theoretical / no exploitation evidence,Vulnerability in the Oracle WebCenter Portal product of Oracle Fusion Middleware (component: Runtime Tools).  Supported versions that are affected are 12.2.1.4.0 and  14.1.2.0.0. Easily exploitable vulnerability allows unauthenticated attacker with n...,Apply vendor security patches.,https://nvd.nist.gov/vuln/detail/CVE-2026-61222
IN-VULN-2026-0324,18-08-2026,CVE-2026-61227,General Enterprise Technology,General Enterprise / Indian Attack Surface,CWE-284,CVSS v3.1: 7.6 — High,Theoretical / no exploitation evidence,Vulnerability in the Oracle WebCenter Portal product of Oracle Fusion Middleware (component: Runtime Tools).  Supported versions that are affected are 12.2.1.4.0 and  14.1.2.0.0. Easily exploitable vulnerability allows low privileged attacker with ne...,Apply vendor security patches.,https://nvd.nist.gov/vuln/detail/CVE-2026-61227
IN-VULN-2026-0325,18-08-2026,CVE-2026-61228,General Enterprise Technology,General Enterprise / Indian Attack Surface,CWE-284,CVSS v3.1: 8.6 — High,Theoretical / no exploitation evidence,Vulnerability in the Oracle WebCenter Portal product of Oracle Fusion Middleware (component: Runtime Tools).  Supported versions that are affected are 12.2.1.4.0 and  14.1.2.0.0. Easily exploitable vulnerability allows unauthenticated attacker with n...,Apply vendor security patches.,https://nvd.nist.gov/vuln/detail/CVE-2026-61228
IN-VULN-2026-0326,18-08-2026,CVE-2026-61229,General Enterprise Technology,General Enterprise / Indian Attack Surface,CWE-284,CVSS v3.1: 8.1 — High,Theoretical / no exploitation evidence,Vulnerability in the Oracle WebCenter Portal product of Oracle Fusion Middleware (component: Runtime Tools).  Supported versions that are affected are 12.2.1.4.0 and  14.1.2.0.0. Difficult to exploit vulnerability allows unauthenticated attacker with...,Apply vendor security patches.,https://nvd.nist.gov/vuln/detail/CVE-2026-61229
IN-VULN-2026-0327,18-08-2026,CVE-2026-61230,General Enterprise Technology,General Enterprise / Indian Attack Surface,CWE-284,CVSS v3.1: 8.6 — High,Theoretical / no exploitation evidence,Vulnerability in the Oracle WebCenter Portal product of Oracle Fusion Middleware (component: Runtime Tools).  Supported versions that are affected are 12.2.1.4.0 and  14.1.2.0.0. Easily exploitable vulnerability allows unauthenticated attacker with n...,Apply vendor security patches.,https://nvd.nist.gov/vuln/detail/CVE-2026-61230
IN-VULN-2026-0328,18-08-2026,CVE-2026-61231,General Enterprise Technology,General Enterprise / Indian Attack Surface,NVD-CWE-noinfo,CVSS v3.1: 8.8 — High,Theoretical / no exploitation evidence,Vulnerability in the Oracle Virtual Directory product of Oracle Fusion Middleware (component: Virtual Directory Server).  Supported versions that are affected are 12.2.1.4.0 and  14.1.2.0.0. Easily exploitable vulnerability allows low privileged atta...,Apply vendor security patches.,https://nvd.nist.gov/vuln/detail/CVE-2026-61231
IN-VULN-2026-0329,18-08-2026,CVE-2026-61241,General Enterprise Technology,General Enterprise / Indian Attack Surface,NVD-CWE-noinfo,CVSS v3.1: 10.0 — Critical,Theoretical / no exploitation evidence,Vulnerability in the Oracle Internet Directory product of Oracle Fusion Middleware (component: OID LDAP Server).  Supported versions that are affected are 12.2.1.4.0 and  14.1.2.1.0. Easily exploitable vulnerability allows unauthenticated attacker wi...,Apply vendor security patches.,https://nvd.nist.gov/vuln/detail/CVE-2026-61241
IN-VULN-2026-0330,18-08-2026,CVE-2026-61248,General Enterprise Technology,General Enterprise / Indian Attack Surface,NVD-CWE-noinfo,CVSS v3.1: 9.9 — Critical,Theoretical / no exploitation evidence,Vulnerability in the Oracle Internet Directory product of Oracle Fusion Middleware (component: OID LDAP Server).  Supported versions that are affected are 12.2.1.4.0 and  14.1.2.1.0. Easily exploitable vulnerability allows low privileged attacker wit...,Apply vendor security patches.,https://nvd.nist.gov/vuln/detail/CVE-2026-61248
IN-VULN-2026-0331,18-08-2026,CVE-2026-61258,General Enterprise Technology,General Enterprise / Indian Attack Surface,NVD-CWE-noinfo,CVSS v3.1: 9.8 — Critical,Theoretical / no exploitation evidence,Vulnerability in the Oracle Internet Directory product of Oracle Fusion Middleware (component: OID LDAP Server).  Supported versions that are affected are 12.2.1.4.0 and  14.1.2.1.0. Easily exploitable vulnerability allows unauthenticated attacker wi...,Apply vendor security patches.,https://nvd.nist.gov/vuln/detail/CVE-2026-61258
IN-VULN-2026-0332,18-08-2026,CVE-2026-61259,General Enterprise Technology,General Enterprise / Indian Attack Surface,CWE-284,CVSS v3.1: 7.1 — High,Theoretical / no exploitation evidence,Vulnerability in the Oracle Hyperion Calculation Manager product of Oracle Hyperion (component: Security).   The supported version that is affected is 11.2.25.0.000. Easily exploitable vulnerability allows low privileged attacker with network access ...,Apply vendor security patches.,https://nvd.nist.gov/vuln/detail/CVE-2026-61259
IN-VULN-2026-0333,18-08-2026,CVE-2026-61265,General Enterprise Technology,General Enterprise / Indian Attack Surface,CWE-284,CVSS v3.1: 8.1 — High,Theoretical / no exploitation evidence,Vulnerability in the JD Edwards EnterpriseOne Orchestrator product of Oracle JD Edwards (component: E1 IOT Orchestrator Security).  Supported versions that are affected are 9.2.0.0-9.2.26.4. Difficult to exploit vulnerability allows unauthenticated a...,Apply vendor security patches.,https://nvd.nist.gov/vuln/detail/CVE-2026-61265
IN-VULN-2026-0334,18-08-2026,CVE-2026-61268,General Enterprise Technology,General Enterprise / Indian Attack Surface,CWE-284,CVSS v3.1: 8.1 — High,Theoretical / no exploitation evidence,Vulnerability in the JD Edwards EnterpriseOne Tools product of Oracle JD Edwards (component: Business Logic Infra SEC).  Supported versions that are affected are 9.2.0.0-9.2.26.4. Easily exploitable vulnerability allows low privileged attacker with n...,Apply vendor security patches.,https://nvd.nist.gov/vuln/detail/CVE-2026-61268
IN-VULN-2026-0335,18-08-2026,CVE-2026-61270,General Enterprise Technology,General Enterprise / Indian Attack Surface,CWE-284,CVSS v3.1: 8.1 — High,Theoretical / no exploitation evidence,Vulnerability in the JD Edwards EnterpriseOne Orchestrator product of Oracle JD Edwards (component: E1 IOT Orchestrator Security).  Supported versions that are affected are 9.2.0.0-9.2.26.4. Easily exploitable vulnerability allows low privileged atta...,Apply vendor security patches.,https://nvd.nist.gov/vuln/detail/CVE-2026-61270
IN-VULN-2026-0336,18-08-2026,CVE-2026-61272,General Enterprise Technology,General Enterprise / Indian Attack Surface,CWE-284,CVSS v3.1: 9.8 — Critical,Theoretical / no exploitation evidence,Vulnerability in the JD Edwards EnterpriseOne Tools product of Oracle JD Edwards (component: Web Runtime SEC).  Supported versions that are affected are 9.2.0.0-9.2.26.4. Easily exploitable vulnerability allows unauthenticated attacker with network a...,Apply vendor security patches.,https://nvd.nist.gov/vuln/detail/CVE-2026-61272
IN-VULN-2026-0337,18-08-2026,CVE-2026-61273,General Enterprise Technology,General Enterprise / Indian Attack Surface,CWE-284,CVSS v3.1: 8.8 — High,Theoretical / no exploitation evidence,Vulnerability in the JD Edwards EnterpriseOne Tools product of Oracle JD Edwards (component: Installation Security).  Supported versions that are affected are 9.2.0.0-9.2.26.4. Easily exploitable vulnerability allows low privileged attacker with netw...,Apply vendor security patches.,https://nvd.nist.gov/vuln/detail/CVE-2026-61273
IN-VULN-2026-0338,18-08-2026,CVE-2026-61276,General Enterprise Technology,General Enterprise / Indian Attack Surface,CWE-284,CVSS v3.1: 8.8 — High,Theoretical / no exploitation evidence,Vulnerability in the Oracle Hyperion Calculation Manager product of Oracle Hyperion (component: Security).   The supported version that is affected is 11.2.25.0.000. Easily exploitable vulnerability allows low privileged attacker with network access ...,Apply vendor security patches.,https://nvd.nist.gov/vuln/detail/CVE-2026-61276
IN-VULN-2026-0339,18-08-2026,CVE-2026-61281,General Enterprise Technology,General Enterprise / Indian Attack Surface,CWE-284,CVSS v3.1: 8.1 — High,Theoretical / no exploitation evidence,Vulnerability in the Oracle Hyperion Calculation Manager product of Oracle Hyperion (component: Security).   The supported version that is affected is 11.2.25.0.000. Easily exploitable vulnerability allows unauthenticated attacker with network access...,Apply vendor security patches.,https://nvd.nist.gov/vuln/detail/CVE-2026-61281
IN-VULN-2026-0340,18-08-2026,CVE-2026-61284,General Enterprise Technology,General Enterprise / Indian Attack Surface,CWE-284,CVSS v3.1: 8.8 — High,Theoretical / no exploitation evidence,Vulnerability in the Oracle Enterprise Manager Base Platform product of Oracle Enterprise Manager (component: Application Config Console).  Supported versions that are affected are 13.5 and  24.1. Easily exploitable vulnerability allows low privilege...,Apply vendor security patches.,https://nvd.nist.gov/vuln/detail/CVE-2026-61284
IN-VULN-2026-0341,18-08-2026,CVE-2026-61286,General Enterprise Technology,General Enterprise / Indian Attack Surface,CWE-284,CVSS v3.1: 8.6 — High,Theoretical / no exploitation evidence,Vulnerability in the Oracle Enterprise Manager Base Platform product of Oracle Enterprise Manager (component: Event Management).  Supported versions that are affected are 13.5 and  24.1. Easily exploitable vulnerability allows unauthenticated attacke...,Apply vendor security patches.,https://nvd.nist.gov/vuln/detail/CVE-2026-61286
IN-VULN-2026-0342,18-08-2026,CVE-2026-61288,General Enterprise Technology,General Enterprise / Indian Attack Surface,CWE-284,CVSS v3.1: 7.1 — High,Theoretical / no exploitation evidence,Vulnerability in the Oracle WebCenter Content product of Oracle Fusion Middleware (component: Content Server).  Supported versions that are affected are 12.2.1.4.0 and  14.1.2.0.0. Easily exploitable vulnerability allows unauthenticated attacker with...,Apply vendor security patches.,https://nvd.nist.gov/vuln/detail/CVE-2026-61288
IN-VULN-2026-0343,18-08-2026,CVE-2026-61290,General Enterprise Technology,General Enterprise / Indian Attack Surface,CWE-284,CVSS v3.1: 7.1 — High,Theoretical / no exploitation evidence,Vulnerability in the Oracle WebCenter Content product of Oracle Fusion Middleware (component: Content Server).  Supported versions that are affected are 12.2.1.4.0 and  14.1.2.0.0. Difficult to exploit vulnerability allows low privileged attacker wit...,Apply vendor security patches.,https://nvd.nist.gov/vuln/detail/CVE-2026-61290
IN-VULN-2026-0344,18-08-2026,CVE-2026-61291,General Enterprise Technology,General Enterprise / Indian Attack Surface,CWE-284,CVSS v3.1: 7.8 — High,Theoretical / no exploitation evidence,Vulnerability in the Oracle WebCenter Content product of Oracle Fusion Middleware (component: Content Server).  Supported versions that are affected are 12.2.1.4.0 and  14.1.2.0.0. Easily exploitable vulnerability allows low privileged attacker with ...,Apply vendor security patches.,https://nvd.nist.gov/vuln/detail/CVE-2026-61291
IN-VULN-2026-0345,18-08-2026,CVE-2026-61293,General Enterprise Technology,General Enterprise / Indian Attack Surface,CWE-284,CVSS v3.1: 8.1 — High,Theoretical / no exploitation evidence,Vulnerability in the Oracle Hyperion Calculation Manager product of Oracle Hyperion (component: Security).   The supported version that is affected is 11.2.25.0.000. Difficult to exploit vulnerability allows unauthenticated attacker with network acce...,Apply vendor security patches.,https://nvd.nist.gov/vuln/detail/CVE-2026-61293
IN-VULN-2026-0346,18-08-2026,CVE-2026-61295,General Enterprise Technology,General Enterprise / Indian Attack Surface,CWE-284,CVSS v3.1: 7.1 — High,Theoretical / no exploitation evidence,Vulnerability in the Oracle WebCenter Content product of Oracle Fusion Middleware (component: Content Server).  Supported versions that are affected are 12.2.1.4.0 and  14.1.2.0.0. Easily exploitable vulnerability allows unauthenticated attacker with...,Apply vendor security patches.,https://nvd.nist.gov/vuln/detail/CVE-2026-61295
IN-VULN-2026-0347,18-08-2026,CVE-2026-61296,General Enterprise Technology,General Enterprise / Indian Attack Surface,CWE-284,CVSS v3.1: 7.6 — High,Theoretical / no exploitation evidence,Vulnerability in the Oracle Enterprise Asset Management product of Oracle E-Business Suite (component: Linear Asset Management).  Supported versions that are affected are 12.2.3-12.2.15. Easily exploitable vulnerability allows low privileged attacker...,Apply vendor security patches.,https://nvd.nist.gov/vuln/detail/CVE-2026-61296
IN-VULN-2026-0348,18-08-2026,CVE-2026-61300,General Enterprise Technology,General Enterprise / Indian Attack Surface,CWE-284,CVSS v3.1: 7.8 — High,Theoretical / no exploitation evidence,Vulnerability in the Oracle Enterprise Manager Base Platform product of Oracle Enterprise Manager (component: Agent Next Gen).  Supported versions that are affected are 13.5 and  24.1. Easily exploitable vulnerability allows low privileged attacker w...,Apply vendor security patches.,https://nvd.nist.gov/vuln/detail/CVE-2026-61300
IN-VULN-2026-0349,18-08-2026,CVE-2026-61302,General Enterprise Technology,General Enterprise / Indian Attack Surface,CWE-284,CVSS v3.1: 8.2 — High,Theoretical / no exploitation evidence,Vulnerability in the Oracle Business Intelligence Enterprise Edition product of Oracle Analytics (component: Pod Admin).  Supported versions that are affected are 8.2.0.0.0 and  26.01.0.0.0. Easily exploitable vulnerability allows unauthenticated att...,Apply vendor security patches.,https://nvd.nist.gov/vuln/detail/CVE-2026-61302
IN-VULN-2026-0350,18-08-2026,CVE-2026-61305,General Enterprise Technology,General Enterprise / Indian Attack Surface,CWE-284,CVSS v3.1: 8.3 — High,Theoretical / no exploitation evidence,"Vulnerability in the Oracle BI Publisher product of Oracle Analytics (component: BI Platform Security).  Supported versions that are affected are 8.2.0.0.0, 12.2.1.4.0 and  26.01.0.0.0. Easily exploitable vulnerability allows low privileged attacker ...",Apply vendor security patches.,https://nvd.nist.gov/vuln/detail/CVE-2026-61305
IN-VULN-2026-0351,18-08-2026,CVE-2026-61306,General Enterprise Technology,General Enterprise / Indian Attack Surface,CWE-284,CVSS v3.1: 7.1 — High,Theoretical / no exploitation evidence,"Vulnerability in the Oracle Complex Maintenance, Repair and Overhaul product of Oracle E-Business Suite (component: Production).  Supported versions that are affected are 12.2.3-12.2.15. Difficult to exploit vulnerability allows low privileged attack...",Apply vendor security patches.,https://nvd.nist.gov/vuln/detail/CVE-2026-61306
IN-VULN-2026-0352,18-08-2026,CVE-2026-61307,General Enterprise Technology,General Enterprise / Indian Attack Surface,CWE-284,CVSS v3.1: 8.1 — High,Theoretical / no exploitation evidence,Vulnerability in the PeopleSoft Enterprise CC Common Application Objects product of Oracle PeopleSoft (component: Common Application Objects).   The supported version that is affected is 9.2. Difficult to exploit vulnerability allows unauthenticated ...,Apply vendor security patches.,https://nvd.nist.gov/vuln/detail/CVE-2026-61307
IN-VULN-2026-0353,18-08-2026,CVE-2026-61317,General Enterprise Technology,General Enterprise / Indian Attack Surface,CWE-284,CVSS v3.1: 9.9 — Critical,Theoretical / no exploitation evidence,Vulnerability in the Siebel CRM Cloud Applications product of Oracle Siebel CRM (component: Siebel Cloud Manager).  Supported versions that are affected are 22.3-26.6. Easily exploitable vulnerability allows low privileged attacker with network acces...,Apply vendor security patches.,https://nvd.nist.gov/vuln/detail/CVE-2026-61317
IN-VULN-2026-0354,18-08-2026,CVE-2026-61318,General Enterprise Technology,General Enterprise / Indian Attack Surface,CWE-284,CVSS v3.1: 9.8 — Critical,Theoretical / no exploitation evidence,Vulnerability in the Siebel CRM Cloud Applications product of Oracle Siebel CRM (component: Siebel Cloud Manager).  Supported versions that are affected are 22.3-26.6. Easily exploitable vulnerability allows unauthenticated attacker with network acce...,Apply vendor security patches.,https://nvd.nist.gov/vuln/detail/CVE-2026-61318
IN-VULN-2026-0355,18-08-2026,CVE-2026-61319,General Enterprise Technology,General Enterprise / Indian Attack Surface,CWE-284,CVSS v3.1: 8.8 — High,Theoretical / no exploitation evidence,Vulnerability in the Oracle U.S. Federal Financials product of Oracle E-Business Suite (component: Internal Operations).  Supported versions that are affected are 12.2.3-12.2.15. Easily exploitable vulnerability allows low privileged attacker with ne...,Apply vendor security patches.,https://nvd.nist.gov/vuln/detail/CVE-2026-61319
IN-VULN-2026-0356,18-08-2026,CVE-2026-61321,General Enterprise Technology,General Enterprise / Indian Attack Surface,CWE-284,CVSS v3.1: 8.1 — High,Theoretical / no exploitation evidence,Vulnerability in the Siebel CRM Cloud Applications product of Oracle Siebel CRM (component: Siebel Cloud Manager).  Supported versions that are affected are 22.3-26.6. Easily exploitable vulnerability allows low privileged attacker with network acces...,Apply vendor security patches.,https://nvd.nist.gov/vuln/detail/CVE-2026-61321
IN-VULN-2026-0357,18-08-2026,CVE-2026-61326,General Enterprise Technology,General Enterprise / Indian Attack Surface,CWE-284,CVSS v3.1: 8.5 — High,Theoretical / no exploitation evidence,Vulnerability in the Siebel CRM Cloud Applications product of Oracle Siebel CRM (component: Siebel Cloud Manager).  Supported versions that are affected are 22.3-26.6. Easily exploitable vulnerability allows low privileged attacker with network acces...,Apply vendor security patches.,https://nvd.nist.gov/vuln/detail/CVE-2026-61326
IN-VULN-2026-0358,18-08-2026,CVE-2026-61330,General Enterprise Technology,General Enterprise / Indian Attack Surface,CWE-284,CVSS v3.1: 8.8 — High,Theoretical / no exploitation evidence,Vulnerability in the Siebel CRM Cloud Applications product of Oracle Siebel CRM (component: Siebel Cloud Manager).  Supported versions that are affected are 22.3-26.6. Easily exploitable vulnerability allows low privileged attacker with network acces...,Apply vendor security patches.,https://nvd.nist.gov/vuln/detail/CVE-2026-61330
IN-VULN-2026-0359,18-08-2026,CVE-2026-61331,General Enterprise Technology,General Enterprise / Indian Attack Surface,CWE-284,CVSS v3.1: 7.7 — High,Theoretical / no exploitation evidence,Vulnerability in the Oracle Financials Common Modules product of Oracle E-Business Suite (component: Common Components).  Supported versions that are affected are 12.2.3-12.2.15. Easily exploitable vulnerability allows low privileged attacker with ne...,Apply vendor security patches.,https://nvd.nist.gov/vuln/detail/CVE-2026-61331
IN-VULN-2026-0360,18-08-2026,CVE-2026-61332,General Enterprise Technology,General Enterprise / Indian Attack Surface,CWE-284,CVSS v3.1: 8.7 — High,Theoretical / no exploitation evidence,Vulnerability in the Siebel CRM Cloud Applications product of Oracle Siebel CRM (component: Siebel Cloud Manager).  Supported versions that are affected are 22.3-26.6. Easily exploitable vulnerability allows high privileged attacker with network acce...,Apply vendor security patches.,https://nvd.nist.gov/vuln/detail/CVE-2026-61332
IN-VULN-2026-0361,18-08-2026,CVE-2026-61339,General Enterprise Technology,General Enterprise / Indian Attack Surface,CWE-284,CVSS v3.1: 7.3 — High,Theoretical / no exploitation evidence,Vulnerability in the Siebel CRM Cloud Applications product of Oracle Siebel CRM (component: Siebel Cloud Manager).  Supported versions that are affected are 22.3-26.6. Easily exploitable vulnerability allows low privileged attacker with logon to the ...,Apply vendor security patches.,https://nvd.nist.gov/vuln/detail/CVE-2026-61339
IN-VULN-2026-0362,18-08-2026,CVE-2026-61340,General Enterprise Technology,General Enterprise / Indian Attack Surface,CWE-284,CVSS v3.1: 8.2 — High,Theoretical / no exploitation evidence,Vulnerability in the Oracle MES for Process Manufacturing product of Oracle E-Business Suite (component: Internal Operations).  Supported versions that are affected are 12.2.3-12.2.15. Easily exploitable vulnerability allows unauthenticated attacker ...,Apply vendor security patches.,https://nvd.nist.gov/vuln/detail/CVE-2026-61340
IN-VULN-2026-0363,18-08-2026,CVE-2026-61341,General Enterprise Technology,General Enterprise / Indian Attack Surface,CWE-284,CVSS v3.1: 8.8 — High,Theoretical / no exploitation evidence,Vulnerability in the Siebel CRM Cloud Applications product of Oracle Siebel CRM (component: Siebel Cloud Manager).  Supported versions that are affected are 22.3-26.6. Easily exploitable vulnerability allows low privileged attacker with network acces...,Apply vendor security patches.,https://nvd.nist.gov/vuln/detail/CVE-2026-61341
IN-VULN-2026-0364,18-08-2026,CVE-2026-62442,General Enterprise Technology,General Enterprise / Indian Attack Surface,CWE-346,CVSS v3.1: 8.1 — High,Theoretical / no exploitation evidence,Vulnerability in the Siebel CRM Cloud Applications product of Oracle Siebel CRM (component: Siebel Cloud Manager).  Supported versions that are affected are 22.3-26.6. Easily exploitable vulnerability allows unauthenticated attacker with access to th...,Apply vendor security patches.,https://nvd.nist.gov/vuln/detail/CVE-2026-62442
IN-VULN-2026-0365,18-08-2026,CVE-2026-62448,General Enterprise Technology,General Enterprise / Indian Attack Surface,CWE-284,CVSS v3.1: 8.2 — High,Theoretical / no exploitation evidence,Vulnerability in the Oracle Email Center product of Oracle E-Business Suite (component: Message Component).  Supported versions that are affected are 12.2.3-12.2.15. Easily exploitable vulnerability allows unauthenticated attacker with network access...,Apply vendor security patches.,https://nvd.nist.gov/vuln/detail/CVE-2026-62448
IN-VULN-2026-0366,18-08-2026,CVE-2026-62449,General Enterprise Technology,General Enterprise / Indian Attack Surface,CWE-284,CVSS v3.1: 7.0 — High,Theoretical / no exploitation evidence,Vulnerability in the Oracle Work in Process product of Oracle E-Business Suite (component: Internal Operations).  Supported versions that are affected are 12.2.3-12.2.15. Difficult to exploit vulnerability allows low privileged attacker with logon to...,Apply vendor security patches.,https://nvd.nist.gov/vuln/detail/CVE-2026-62449
IN-VULN-2026-0367,18-08-2026,CVE-2026-62450,General Enterprise Technology,General Enterprise / Indian Attack Surface,CWE-284,CVSS v3.1: 8.8 — High,Theoretical / no exploitation evidence,Vulnerability in the Oracle Flow Manufacturing product of Oracle E-Business Suite (component: Internal Operations).  Supported versions that are affected are 12.2.3-12.2.15. Easily exploitable vulnerability allows low privileged attacker with network...,Apply vendor security patches.,https://nvd.nist.gov/vuln/detail/CVE-2026-62450
IN-VULN-2026-0368,18-08-2026,CVE-2026-62452,General Enterprise Technology,General Enterprise / Indian Attack Surface,CWE-284,CVSS v3.1: 9.9 — Critical,Theoretical / no exploitation evidence,Vulnerability in the Siebel CRM Cloud Applications product of Oracle Siebel CRM (component: Siebel Cloud Manager).  Supported versions that are affected are 22.3-26.6. Easily exploitable vulnerability allows unauthenticated attacker with network acce...,Apply vendor security patches.,https://nvd.nist.gov/vuln/detail/CVE-2026-62452
IN-VULN-2026-0369,18-08-2026,CVE-2026-62454,General Enterprise Technology,General Enterprise / Indian Attack Surface,CWE-284,CVSS v3.1: 7.8 — High,Theoretical / no exploitation evidence,Vulnerability in the Siebel CRM Cloud Applications product of Oracle Siebel CRM (component: Siebel Cloud Manager).  Supported versions that are affected are 22.3-26.6. Easily exploitable vulnerability allows low privileged attacker with logon to the ...,Apply vendor security patches.,https://nvd.nist.gov/vuln/detail/CVE-2026-62454
IN-VULN-2026-0370,18-08-2026,CVE-2026-62455,General Enterprise Technology,General Enterprise / Indian Attack Surface,CWE-284,CVSS v3.1: 8.3 — High,Theoretical / no exploitation evidence,Vulnerability in the Siebel CRM Cloud Applications product of Oracle Siebel CRM (component: Siebel Cloud Manager).  Supported versions that are affected are 22.3-26.6. Easily exploitable vulnerability allows low privileged attacker with network acces...,Apply vendor security patches.,https://nvd.nist.gov/vuln/detail/CVE-2026-62455
IN-VULN-2026-0371,18-08-2026,CVE-2026-62457,General Enterprise Technology,General Enterprise / Indian Attack Surface,CWE-284,CVSS v3.1: 9.8 — Critical,Theoretical / no exploitation evidence,Vulnerability in the Oracle Hyperion Infrastructure Technology product of Oracle Hyperion (component: Common Events).   The supported version that is affected is 11.2.25.0.000. Easily exploitable vulnerability allows unauthenticated attacker with net...,Apply vendor security patches.,https://nvd.nist.gov/vuln/detail/CVE-2026-62457
IN-VULN-2026-0372,18-08-2026,CVE-2026-62458,General Enterprise Technology,General Enterprise / Indian Attack Surface,CWE-284,CVSS v3.1: 7.1 — High,Theoretical / no exploitation evidence,Vulnerability in the Oracle Work in Process product of Oracle E-Business Suite (component: Internal Operations).  Supported versions that are affected are 12.2.3-12.2.15. Easily exploitable vulnerability allows low privileged attacker with network ac...,Apply vendor security patches.,https://nvd.nist.gov/vuln/detail/CVE-2026-62458
IN-VULN-2026-0373,18-08-2026,CVE-2026-62459,General Enterprise Technology,General Enterprise / Indian Attack Surface,CWE-284,CVSS v3.1: 7.2 — High,Theoretical / no exploitation evidence,Vulnerability in the Oracle Hyperion Calculation Manager product of Oracle Hyperion (component: Security).   The supported version that is affected is 11.2.25.0.000. Difficult to exploit vulnerability allows high privileged attacker with network acce...,Apply vendor security patches.,https://nvd.nist.gov/vuln/detail/CVE-2026-62459
IN-VULN-2026-0374,18-08-2026,CVE-2026-62462,General Enterprise Technology,General Enterprise / Indian Attack Surface,CWE-284,CVSS v3.1: 8.8 — High,Theoretical / no exploitation evidence,Vulnerability in the Oracle Work in Process product of Oracle E-Business Suite (component: Internal Operations).  Supported versions that are affected are 12.2.3-12.2.15. Easily exploitable vulnerability allows low privileged attacker with network ac...,Apply vendor security patches.,https://nvd.nist.gov/vuln/detail/CVE-2026-62462
IN-VULN-2026-0375,18-08-2026,CVE-2026-62463,General Enterprise Technology,General Enterprise / Indian Attack Surface,NVD-CWE-noinfo,CVSS v3.1: 9.6 — Critical,Theoretical / no exploitation evidence,Vulnerability in the Oracle Hyperion Infrastructure Technology product of Oracle Hyperion (component: Lifecycle Management).   The supported version that is affected is 11.2.25.0.000. Easily exploitable vulnerability allows low privileged attacker wi...,Apply vendor security patches.,https://nvd.nist.gov/vuln/detail/CVE-2026-62463
IN-VULN-2026-0376,18-08-2026,CVE-2026-62467,General Enterprise Technology,General Enterprise / Indian Attack Surface,NVD-CWE-noinfo,CVSS v3.1: 7.7 — High,Theoretical / no exploitation evidence,Vulnerability in the Oracle Hyperion Infrastructure Technology product of Oracle Hyperion (component: Common Events).   The supported version that is affected is 11.2.25.0.000. Easily exploitable vulnerability allows low privileged attacker with netw...,Apply vendor security patches.,https://nvd.nist.gov/vuln/detail/CVE-2026-62467
IN-VULN-2026-0377,18-08-2026,CVE-2026-62471,General Enterprise Technology,General Enterprise / Indian Attack Surface,NVD-CWE-noinfo,CVSS v3.1: 8.1 — High,Theoretical / no exploitation evidence,Vulnerability in the Oracle Hyperion Infrastructure Technology product of Oracle Hyperion (component: Common Events).   The supported version that is affected is 11.2.25.0.000. Difficult to exploit vulnerability allows unauthenticated attacker with n...,Apply vendor security patches.,https://nvd.nist.gov/vuln/detail/CVE-2026-62471
IN-VULN-2026-0378,18-08-2026,CVE-2026-62477,General Enterprise Technology,General Enterprise / Indian Attack Surface,CWE-284,CVSS v3.1: 8.1 — High,Theoretical / no exploitation evidence,Vulnerability in the Oracle Hyperion Infrastructure Technology product of Oracle Hyperion (component: Common Security).   The supported version that is affected is 11.2.25.0.000. Easily exploitable vulnerability allows low privileged attacker with ne...,Apply vendor security patches.,https://nvd.nist.gov/vuln/detail/CVE-2026-62477
IN-VULN-2026-0379,18-08-2026,CVE-2026-62481,General Enterprise Technology,General Enterprise / Indian Attack Surface,CWE-284,CVSS v3.1: 7.5 — High,Theoretical / no exploitation evidence,Vulnerability in the Oracle Hyperion Infrastructure Technology product of Oracle Hyperion (component: Common Events).   The supported version that is affected is 11.2.25.0.000. Difficult to exploit vulnerability allows low privileged attacker with ne...,Apply vendor security patches.,https://nvd.nist.gov/vuln/detail/CVE-2026-62481
IN-VULN-2026-0380,18-08-2026,CVE-2026-62485,General Enterprise Technology,General Enterprise / Indian Attack Surface,CWE-284,CVSS v3.1: 8.2 — High,Theoretical / no exploitation evidence,Vulnerability in the Oracle Hyperion Infrastructure Technology product of Oracle Hyperion (component: Common Events).   The supported version that is affected is 11.2.25.0.000. Easily exploitable vulnerability allows unauthenticated attacker with net...,Apply vendor security patches.,https://nvd.nist.gov/vuln/detail/CVE-2026-62485
IN-VULN-2026-0381,18-08-2026,CVE-2026-62491,General Enterprise Technology,General Enterprise / Indian Attack Surface,CWE-284,CVSS v3.1: 8.1 — High,Theoretical / no exploitation evidence,Vulnerability in the Oracle Purchasing product of Oracle E-Business Suite (component: Internal Operations).  Supported versions that are affected are 12.2.3-12.2.15. Easily exploitable vulnerability allows low privileged attacker with network access ...,Apply vendor security patches.,https://nvd.nist.gov/vuln/detail/CVE-2026-62491
IN-VULN-2026-0382,18-08-2026,CVE-2026-62492,General Enterprise Technology,General Enterprise / Indian Attack Surface,CWE-284,CVSS v3.1: 7.4 — High,Theoretical / no exploitation evidence,Vulnerability in the Oracle Hyperion Infrastructure Technology product of Oracle Hyperion (component: Common Security).   The supported version that is affected is 11.2.25.0.000. Difficult to exploit vulnerability allows unauthenticated attacker with...,Apply vendor security patches.,https://nvd.nist.gov/vuln/detail/CVE-2026-62492
IN-VULN-2026-0383,18-08-2026,CVE-2026-62500,General Enterprise Technology,General Enterprise / Indian Attack Surface,CWE-284,CVSS v3.1: 8.8 — High,Theoretical / no exploitation evidence,Vulnerability in the Oracle Hyperion Infrastructure Technology product of Oracle Hyperion (component: Common Events).   The supported version that is affected is 11.2.25.0.000. Easily exploitable vulnerability allows low privileged attacker with netw...,Apply vendor security patches.,https://nvd.nist.gov/vuln/detail/CVE-2026-62500
IN-VULN-2026-0384,18-08-2026,CVE-2026-62501,General Enterprise Technology,General Enterprise / Indian Attack Surface,CWE-284,CVSS v3.1: 8.1 — High,Theoretical / no exploitation evidence,Vulnerability in the Oracle Hyperion Infrastructure Technology product of Oracle Hyperion (component: Common Events).   The supported version that is affected is 11.2.25.0.000. Difficult to exploit vulnerability allows unauthenticated attacker with n...,Apply vendor security patches.,https://nvd.nist.gov/vuln/detail/CVE-2026-62501
IN-VULN-2026-0385,18-08-2026,CVE-2026-62502,General Enterprise Technology,General Enterprise / Indian Attack Surface,CWE-284,CVSS v3.1: 8.1 — High,Theoretical / no exploitation evidence,Vulnerability in the Oracle Hyperion Infrastructure Technology product of Oracle Hyperion (component: Common Events).   The supported version that is affected is 11.2.25.0.000. Easily exploitable vulnerability allows low privileged attacker with netw...,Apply vendor security patches.,https://nvd.nist.gov/vuln/detail/CVE-2026-62502
IN-VULN-2026-0386,18-08-2026,CVE-2026-62512,General Enterprise Technology,General Enterprise / Indian Attack Surface,CWE-284,CVSS v3.1: 9.9 — Critical,Theoretical / no exploitation evidence,Vulnerability in the Siebel CRM Cloud Applications product of Oracle Siebel CRM (component: Siebel Cloud Manager).  Supported versions that are affected are 22.3-26.6. Easily exploitable vulnerability allows low privileged attacker with network acces...,Apply vendor security patches.,https://nvd.nist.gov/vuln/detail/CVE-2026-62512
IN-VULN-2026-0387,18-08-2026,CVE-2026-62522,General Enterprise Technology,General Enterprise / Indian Attack Surface,CWE-284,CVSS v3.1: 7.1 — High,Theoretical / no exploitation evidence,Vulnerability in the Oracle Hyperion Infrastructure Technology product of Oracle Hyperion (component: Common Security).   The supported version that is affected is 11.2.25.0.000. Difficult to exploit vulnerability allows low privileged attacker with ...,Apply vendor security patches.,https://nvd.nist.gov/vuln/detail/CVE-2026-62522
IN-VULN-2026-0388,18-08-2026,CVE-2026-62531,General Enterprise Technology,General Enterprise / Indian Attack Surface,CWE-284,CVSS v3.1: 8.1 — High,Theoretical / no exploitation evidence,Vulnerability in the Oracle Hyperion Infrastructure Technology product of Oracle Hyperion (component: Lifecycle Management).   The supported version that is affected is 11.2.25.0.000. Difficult to exploit vulnerability allows unauthenticated attacker...,Apply vendor security patches.,https://nvd.nist.gov/vuln/detail/CVE-2026-62531
IN-VULN-2026-0389,18-08-2026,CVE-2026-62535,General Enterprise Technology,General Enterprise / Indian Attack Surface,NVD-CWE-noinfo,CVSS v3.1: 8.6 — High,Theoretical / no exploitation evidence,Vulnerability in the Oracle Hyperion Infrastructure Technology product of Oracle Hyperion (component: Installation and Configuration).   The supported version that is affected is 11.2.25.0.000. Easily exploitable vulnerability allows unauthenticated ...,Apply vendor security patches.,https://nvd.nist.gov/vuln/detail/CVE-2026-62535
IN-VULN-2026-0390,18-08-2026,CVE-2026-62536,General Enterprise Technology,General Enterprise / Indian Attack Surface,NVD-CWE-noinfo,CVSS v3.1: 7.1 — High,Theoretical / no exploitation evidence,Vulnerability in the Oracle Hyperion Infrastructure Technology product of Oracle Hyperion (component: Installation and Configuration).   The supported version that is affected is 11.2.25.0.000. Easily exploitable vulnerability allows low privileged a...,Apply vendor security patches.,https://nvd.nist.gov/vuln/detail/CVE-2026-62536
IN-VULN-2026-0391,18-08-2026,CVE-2026-62537,General Enterprise Technology,General Enterprise / Indian Attack Surface,NVD-CWE-noinfo,CVSS v3.1: 7.1 — High,Theoretical / no exploitation evidence,Vulnerability in the Oracle Hyperion Infrastructure Technology product of Oracle Hyperion (component: Installation and Configuration).   The supported version that is affected is 11.2.25.0.000. Easily exploitable vulnerability allows low privileged a...,Apply vendor security patches.,https://nvd.nist.gov/vuln/detail/CVE-2026-62537
IN-VULN-2026-0392,18-08-2026,CVE-2026-62538,General Enterprise Technology,General Enterprise / Indian Attack Surface,NVD-CWE-noinfo,CVSS v3.1: 7.4 — High,Theoretical / no exploitation evidence,Vulnerability in the Oracle Hyperion Infrastructure Technology product of Oracle Hyperion (component: Installation and Configuration).   The supported version that is affected is 11.2.25.0.000. Difficult to exploit vulnerability allows unauthenticate...,Apply vendor security patches.,https://nvd.nist.gov/vuln/detail/CVE-2026-62538
IN-VULN-2026-0393,18-08-2026,CVE-2026-62539,General Enterprise Technology,General Enterprise / Indian Attack Surface,CWE-284,CVSS v3.1: 9.8 — Critical,Theoretical / no exploitation evidence,Vulnerability in the Oracle Hyperion Infrastructure Technology product of Oracle Hyperion (component: Installation and Configuration).   The supported version that is affected is 11.2.25.0.000. Easily exploitable vulnerability allows unauthenticated ...,Apply vendor security patches.,https://nvd.nist.gov/vuln/detail/CVE-2026-62539
IN-VULN-2026-0394,18-08-2026,CVE-2026-62540,General Enterprise Technology,General Enterprise / Indian Attack Surface,CWE-284,CVSS v3.1: 7.2 — High,Theoretical / no exploitation evidence,Vulnerability in the Oracle Cost Management product of Oracle E-Business Suite (component: Cost Planning).  Supported versions that are affected are 12.2.3-12.2.15. Easily exploitable vulnerability allows high privileged attacker with network access ...,Apply vendor security patches.,https://nvd.nist.gov/vuln/detail/CVE-2026-62540
IN-VULN-2026-0395,18-08-2026,CVE-2026-62541,General Enterprise Technology,General Enterprise / Indian Attack Surface,NVD-CWE-noinfo,CVSS v3.1: 9.8 — Critical,Theoretical / no exploitation evidence,Vulnerability in the Oracle Hyperion Infrastructure Technology product of Oracle Hyperion (component: Installation and Configuration).   The supported version that is affected is 11.2.25.0.000. Easily exploitable vulnerability allows unauthenticated ...,Apply vendor security patches.,https://nvd.nist.gov/vuln/detail/CVE-2026-62541
IN-VULN-2026-0396,18-08-2026,CVE-2026-62543,General Enterprise Technology,General Enterprise / Indian Attack Surface,NVD-CWE-noinfo,CVSS v3.1: 9.8 — Critical,Theoretical / no exploitation evidence,Vulnerability in the Oracle Hyperion Infrastructure Technology product of Oracle Hyperion (component: Installation and Configuration).   The supported version that is affected is 11.2.25.0.000. Easily exploitable vulnerability allows unauthenticated ...,Apply vendor security patches.,https://nvd.nist.gov/vuln/detail/CVE-2026-62543
IN-VULN-2026-0397,18-08-2026,CVE-2026-62544,General Enterprise Technology,General Enterprise / Indian Attack Surface,NVD-CWE-noinfo,CVSS v3.1: 9.8 — Critical,Theoretical / no exploitation evidence,Vulnerability in the Oracle Hyperion Infrastructure Technology product of Oracle Hyperion (component: Installation and Configuration).   The supported version that is affected is 11.2.25.0.000. Easily exploitable vulnerability allows unauthenticated ...,Apply vendor security patches.,https://nvd.nist.gov/vuln/detail/CVE-2026-62544
IN-VULN-2026-0398,18-08-2026,CVE-2026-62545,General Enterprise Technology,General Enterprise / Indian Attack Surface,NVD-CWE-noinfo,CVSS v3.1: 7.5 — High,Theoretical / no exploitation evidence,Vulnerability in the Oracle Hyperion Infrastructure Technology product of Oracle Hyperion (component: Installation and Configuration).   The supported version that is affected is 11.2.25.0.000. Difficult to exploit vulnerability allows unauthenticate...,Apply vendor security patches.,https://nvd.nist.gov/vuln/detail/CVE-2026-62545
IN-VULN-2026-0399,18-08-2026,CVE-2026-62550,General Enterprise Technology,General Enterprise / Indian Attack Surface,NVD-CWE-noinfo,CVSS v3.1: 7.5 — High,Theoretical / no exploitation evidence,Vulnerability in the Oracle Hyperion Infrastructure Technology product of Oracle Hyperion (component: Installation and Configuration).   The supported version that is affected is 11.2.25.0.000. Easily exploitable vulnerability allows unauthenticated ...,Apply vendor security patches.,https://nvd.nist.gov/vuln/detail/CVE-2026-62550
IN-VULN-2026-0400,18-08-2026,CVE-2026-62551,General Enterprise Technology,General Enterprise / Indian Attack Surface,CWE-284,CVSS v3.1: 7.3 — High,Theoretical / no exploitation evidence,Vulnerability in the Oracle Hyperion Infrastructure Technology product of Oracle Hyperion (component: Installation and Configuration).   The supported version that is affected is 11.2.25.0.000. Easily exploitable vulnerability allows unauthenticated ...,Apply vendor security patches.,https://nvd.nist.gov/vuln/detail/CVE-2026-62551
IN-VULN-2026-0401,18-08-2026,CVE-2026-62552,General Enterprise Technology,General Enterprise / Indian Attack Surface,NVD-CWE-noinfo,CVSS v3.1: 7.5 — High,Theoretical / no exploitation evidence,Vulnerability in the Oracle Hyperion Infrastructure Technology product of Oracle Hyperion (component: Installation and Configuration).   The supported version that is affected is 11.2.25.0.000. Easily exploitable vulnerability allows unauthenticated ...,Apply vendor security patches.,https://nvd.nist.gov/vuln/detail/CVE-2026-62552
IN-VULN-2026-0402,18-08-2026,CVE-2026-62554,General Enterprise Technology,General Enterprise / Indian Attack Surface,NVD-CWE-noinfo,CVSS v3.1: 7.5 — High,Theoretical / no exploitation evidence,Vulnerability in the Oracle Hyperion Infrastructure Technology product of Oracle Hyperion (component: Installation and Configuration).   The supported version that is affected is 11.2.25.0.000. Easily exploitable vulnerability allows unauthenticated ...,Apply vendor security patches.,https://nvd.nist.gov/vuln/detail/CVE-2026-62554
IN-VULN-2026-0403,18-08-2026,CVE-2026-62571,General Enterprise Technology,General Enterprise / Indian Attack Surface,NVD-CWE-noinfo,CVSS v3.1: 7.7 — High,Theoretical / no exploitation evidence,Vulnerability in the Oracle Hyperion Calculation Manager product of Oracle Hyperion (component: Security).   The supported version that is affected is 11.2.25.0.000. Easily exploitable vulnerability allows low privileged attacker with network access ...,Apply vendor security patches.,https://nvd.nist.gov/vuln/detail/CVE-2026-62571
IN-VULN-2026-0404,18-08-2026,CVE-2026-62581,General Enterprise Technology,General Enterprise / Indian Attack Surface,NVD-CWE-noinfo,CVSS v3.1: 7.8 — High,Theoretical / no exploitation evidence,Vulnerability in the Oracle Hyperion Infrastructure Technology product of Oracle Hyperion (component: Installation and Configuration).   The supported version that is affected is 11.2.25.0.000. Easily exploitable vulnerability allows low privileged a...,Apply vendor security patches.,https://nvd.nist.gov/vuln/detail/CVE-2026-62581
IN-VULN-2026-0405,18-08-2026,CVE-2026-62582,General Enterprise Technology,General Enterprise / Indian Attack Surface,NVD-CWE-noinfo,CVSS v3.1: 9.6 — Critical,Theoretical / no exploitation evidence,Vulnerability in the Oracle Hyperion Calculation Manager product of Oracle Hyperion (component: Security).   The supported version that is affected is 11.2.25.0.000. Easily exploitable vulnerability allows low privileged attacker with network access ...,Apply vendor security patches.,https://nvd.nist.gov/vuln/detail/CVE-2026-62582
IN-VULN-2026-0406,18-08-2026,CVE-2026-62585,General Enterprise Technology,General Enterprise / Indian Attack Surface,CWE-284,CVSS v3.1: 9.8 — Critical,Theoretical / no exploitation evidence,Vulnerability in the Siebel CRM Administration product of Oracle Siebel CRM (component: Data Archival).  Supported versions that are affected are 25.12-26.6. Easily exploitable vulnerability allows unauthenticated attacker with network access via HTT...,Apply vendor security patches.,https://nvd.nist.gov/vuln/detail/CVE-2026-62585
IN-VULN-2026-0407,18-08-2026,CVE-2026-62586,General Enterprise Technology,General Enterprise / Indian Attack Surface,CWE-284,CVSS v3.1: 8.6 — High,Theoretical / no exploitation evidence,Vulnerability in the Siebel CRM Administration product of Oracle Siebel CRM (component: Data Archival).  Supported versions that are affected are 25.12-26.6. Easily exploitable vulnerability allows unauthenticated attacker with network access via HTT...,Apply vendor security patches.,https://nvd.nist.gov/vuln/detail/CVE-2026-62586
IN-VULN-2026-0408,18-08-2026,CVE-2026-62587,General Enterprise Technology,General Enterprise / Indian Attack Surface,CWE-284,CVSS v3.1: 7.1 — High,Theoretical / no exploitation evidence,Vulnerability in the Siebel CRM Administration product of Oracle Siebel CRM (component: Data Archival).  Supported versions that are affected are 25.12-26.6. Easily exploitable vulnerability allows low privileged attacker with network access via HTTP...,Apply vendor security patches.,https://nvd.nist.gov/vuln/detail/CVE-2026-62587
IN-VULN-2026-0409,18-08-2026,CVE-2026-62588,General Enterprise Technology,General Enterprise / Indian Attack Surface,CWE-284,CVSS v3.1: 9.9 — Critical,Theoretical / no exploitation evidence,Vulnerability in the Siebel CRM Integration product of Oracle Siebel CRM (component: Open Integration).  Supported versions that are affected are 25.12-26.6. Easily exploitable vulnerability allows low privileged attacker with network access via HTTP...,Apply vendor security patches.,https://nvd.nist.gov/vuln/detail/CVE-2026-62588
IN-VULN-2026-0410,18-08-2026,CVE-2026-62589,General Enterprise Technology,General Enterprise / Indian Attack Surface,CWE-284,CVSS v3.1: 8.7 — High,Theoretical / no exploitation evidence,Vulnerability in the Siebel CRM Integration product of Oracle Siebel CRM (component: Open Integration).  Supported versions that are affected are 25.12-26.6. Difficult to exploit vulnerability allows unauthenticated attacker with network access via H...,Apply vendor security patches.,https://nvd.nist.gov/vuln/detail/CVE-2026-62589
IN-VULN-2026-0411,18-08-2026,CVE-2026-62590,General Enterprise Technology,General Enterprise / Indian Attack Surface,CWE-284,CVSS v3.1: 8.5 — High,Theoretical / no exploitation evidence,Vulnerability in the Siebel CRM Integration product of Oracle Siebel CRM (component: Open Integration).  Supported versions that are affected are 25.12-26.6. Difficult to exploit vulnerability allows low privileged attacker with network access via HT...,Apply vendor security patches.,https://nvd.nist.gov/vuln/detail/CVE-2026-62590
IN-VULN-2026-0412,18-08-2026,CVE-2026-62591,General Enterprise Technology,General Enterprise / Indian Attack Surface,CWE-284,CVSS v3.1: 8.1 — High,Theoretical / no exploitation evidence,Vulnerability in the Siebel CRM Integration product of Oracle Siebel CRM (component: Open Integration).  Supported versions that are affected are 25.12-26.6. Easily exploitable vulnerability allows unauthenticated attacker with network access via HTT...,Apply vendor security patches.,https://nvd.nist.gov/vuln/detail/CVE-2026-62591
IN-VULN-2026-0413,18-08-2026,CVE-2026-62592,General Enterprise Technology,General Enterprise / Indian Attack Surface,CWE-284,CVSS v3.1: 9.8 — Critical,Theoretical / no exploitation evidence,Vulnerability in the Siebel CRM Integration product of Oracle Siebel CRM (component: Open Integration).  Supported versions that are affected are 25.12-26.6. Easily exploitable vulnerability allows unauthenticated attacker with network access via HTT...,Apply vendor security patches.,https://nvd.nist.gov/vuln/detail/CVE-2026-62592
IN-VULN-2026-0414,18-08-2026,CVE-2026-62593,General Enterprise Technology,General Enterprise / Indian Attack Surface,CWE-284,CVSS v3.1: 7.7 — High,Theoretical / no exploitation evidence,Vulnerability in the Siebel CRM Integration product of Oracle Siebel CRM (component: Open Integration).  Supported versions that are affected are 25.12-26.6. Easily exploitable vulnerability allows low privileged attacker with network access via HTTP...,Apply vendor security patches.,https://nvd.nist.gov/vuln/detail/CVE-2026-62593
IN-VULN-2026-0415,18-08-2026,CVE-2026-62594,General Enterprise Technology,General Enterprise / Indian Attack Surface,CWE-284,CVSS v3.1: 7.7 — High,Theoretical / no exploitation evidence,Vulnerability in the Siebel CRM Integration product of Oracle Siebel CRM (component: Open Integration).  Supported versions that are affected are 25.12-26.6. Difficult to exploit vulnerability allows high privileged attacker with network access via H...,Apply vendor security patches.,https://nvd.nist.gov/vuln/detail/CVE-2026-62594
IN-VULN-2026-0416,18-08-2026,CVE-2026-62595,General Enterprise Technology,General Enterprise / Indian Attack Surface,CWE-284,CVSS v3.1: 8.1 — High,Theoretical / no exploitation evidence,Vulnerability in the Siebel CRM Integration product of Oracle Siebel CRM (component: Open Integration).  Supported versions that are affected are 25.12-26.6. Easily exploitable vulnerability allows unauthenticated attacker with access to the physical...,Apply vendor security patches.,https://nvd.nist.gov/vuln/detail/CVE-2026-62595
IN-VULN-2026-0417,18-08-2026,CVE-2026-62596,General Enterprise Technology,General Enterprise / Indian Attack Surface,CWE-284,CVSS v3.1: 8.5 — High,Theoretical / no exploitation evidence,Vulnerability in the Siebel CRM Integration product of Oracle Siebel CRM (component: Open Integration).  Supported versions that are affected are 25.12-26.6. Easily exploitable vulnerability allows low privileged attacker with network access via HTTP...,Apply vendor security patches.,https://nvd.nist.gov/vuln/detail/CVE-2026-62596
IN-VULN-2026-0418,18-08-2026,CVE-2026-62598,General Enterprise Technology,General Enterprise / Indian Attack Surface,NVD-CWE-noinfo,CVSS v3.1: 8.2 — High,Theoretical / no exploitation evidence,Vulnerability in the Oracle Hyperion Calculation Manager product of Oracle Hyperion (component: Security).   The supported version that is affected is 11.2.25.0.000. Difficult to exploit vulnerability allows low privileged attacker with network acces...,Apply vendor security patches.,https://nvd.nist.gov/vuln/detail/CVE-2026-62598
IN-VULN-2026-0419,18-08-2026,CVE-2026-62599,General Enterprise Technology,General Enterprise / Indian Attack Surface,CWE-284,CVSS v3.1: 8.6 — High,Theoretical / no exploitation evidence,Vulnerability in the Oracle Trading Community product of Oracle E-Business Suite (component: Third Party Data Integration).  Supported versions that are affected are 12.2.3-12.2.15. Easily exploitable vulnerability allows unauthenticated attacker wit...,Apply vendor security patches.,https://nvd.nist.gov/vuln/detail/CVE-2026-62599
IN-VULN-2026-0420,18-08-2026,CVE-2026-62600,General Enterprise Technology,General Enterprise / Indian Attack Surface,CWE-284,CVSS v3.1: 8.1 — High,Theoretical / no exploitation evidence,Vulnerability in the Oracle Sales product of Oracle E-Business Suite (component: Internal Operations).  Supported versions that are affected are 12.2.3-12.2.15. Easily exploitable vulnerability allows low privileged attacker with network access via H...,Apply vendor security patches.,https://nvd.nist.gov/vuln/detail/CVE-2026-62600
IN-VULN-2026-0421,18-08-2026,CVE-2026-62601,General Enterprise Technology,General Enterprise / Indian Attack Surface,CWE-284,CVSS v3.1: 7.1 — High,Theoretical / no exploitation evidence,Vulnerability in the Oracle Sales product of Oracle E-Business Suite (component: Internal Operations).  Supported versions that are affected are 12.2.3-12.2.15. Easily exploitable vulnerability allows low privileged attacker with network access via H...,Apply vendor security patches.,https://nvd.nist.gov/vuln/detail/CVE-2026-62601
IN-VULN-2026-0422,18-08-2026,CVE-2026-62602,General Enterprise Technology,General Enterprise / Indian Attack Surface,NVD-CWE-noinfo,CVSS v3.1: 8.0 — High,Theoretical / no exploitation evidence,Vulnerability in the Oracle Hyperion Calculation Manager product of Oracle Hyperion (component: Security).   The supported version that is affected is 11.2.25.0.000. Difficult to exploit vulnerability allows unauthenticated attacker with access to th...,Apply vendor security patches.,https://nvd.nist.gov/vuln/detail/CVE-2026-62602
IN-VULN-2026-0423,18-08-2026,CVE-2026-62605,General Enterprise Technology,General Enterprise / Indian Attack Surface,CWE-284,CVSS v3.1: 8.2 — High,Theoretical / no exploitation evidence,Vulnerability in the Oracle Partner Management product of Oracle E-Business Suite (component: Internal Operations).  Supported versions that are affected are 12.2.3-12.2.15. Easily exploitable vulnerability allows unauthenticated attacker with networ...,Apply vendor security patches.,https://nvd.nist.gov/vuln/detail/CVE-2026-62605
IN-VULN-2026-0424,18-08-2026,CVE-2026-62607,General Enterprise Technology,General Enterprise / Indian Attack Surface,CWE-284,CVSS v3.1: 8.7 — High,Theoretical / no exploitation evidence,Vulnerability in the Oracle Customer Care product of Oracle E-Business Suite (component: Internal Operations).  Supported versions that are affected are 12.2.3-12.2.15. Easily exploitable vulnerability allows high privileged attacker with network acc...,Apply vendor security patches.,https://nvd.nist.gov/vuln/detail/CVE-2026-62607
IN-VULN-2026-0425,18-08-2026,CVE-2026-62608,General Enterprise Technology,General Enterprise / Indian Attack Surface,NVD-CWE-noinfo,CVSS v3.1: 9.9 — Critical,Theoretical / no exploitation evidence,Vulnerability in the Oracle Reports Developer product of Oracle Fusion Middleware (component: Security and Authentication).   The supported version that is affected is 12.2.1.19.0. Easily exploitable vulnerability allows low privileged attacker with ...,Apply vendor security patches.,https://nvd.nist.gov/vuln/detail/CVE-2026-62608
IN-VULN-2026-0426,18-08-2026,CVE-2026-62609,General Enterprise Technology,General Enterprise / Indian Attack Surface,NVD-CWE-noinfo,CVSS v3.1: 9.8 — Critical,Theoretical / no exploitation evidence,Vulnerability in the Oracle Reports Developer product of Oracle Fusion Middleware (component: Security and Authentication).   The supported version that is affected is 12.2.1.19.0. Easily exploitable vulnerability allows unauthenticated attacker with...,Apply vendor security patches.,https://nvd.nist.gov/vuln/detail/CVE-2026-62609
IN-VULN-2026-0427,18-08-2026,CVE-2026-62610,General Enterprise Technology,General Enterprise / Indian Attack Surface,NVD-CWE-noinfo,CVSS v3.1: 9.1 — Critical,Theoretical / no exploitation evidence,Vulnerability in the Oracle Reports Developer product of Oracle Fusion Middleware (component: Security and Authentication).   The supported version that is affected is 12.2.1.19.0. Easily exploitable vulnerability allows unauthenticated attacker with...,Apply vendor security patches.,https://nvd.nist.gov/vuln/detail/CVE-2026-62610
IN-VULN-2026-0428,18-08-2026,CVE-2026-62611,General Enterprise Technology,General Enterprise / Indian Attack Surface,NVD-CWE-noinfo,CVSS v3.1: 9.8 — Critical,Theoretical / no exploitation evidence,Vulnerability in the Oracle Reports Developer product of Oracle Fusion Middleware (component: Security and Authentication).   The supported version that is affected is 12.2.1.19.0. Easily exploitable vulnerability allows unauthenticated attacker with...,Apply vendor security patches.,https://nvd.nist.gov/vuln/detail/CVE-2026-62611
IN-VULN-2026-0429,18-08-2026,CVE-2026-62612,General Enterprise Technology,General Enterprise / Indian Attack Surface,NVD-CWE-noinfo,CVSS v3.1: 8.8 — High,Theoretical / no exploitation evidence,Vulnerability in the Oracle Reports Developer product of Oracle Fusion Middleware (component: Security and Authentication).   The supported version that is affected is 12.2.1.19.0. Easily exploitable vulnerability allows low privileged attacker with ...,Apply vendor security patches.,https://nvd.nist.gov/vuln/detail/CVE-2026-62612
IN-VULN-2026-0430,18-08-2026,CVE-2026-62613,General Enterprise Technology,General Enterprise / Indian Attack Surface,NVD-CWE-noinfo,CVSS v3.1: 9.3 — Critical,Theoretical / no exploitation evidence,Vulnerability in the Oracle Reports Developer product of Oracle Fusion Middleware (component: Security and Authentication).   The supported version that is affected is 12.2.1.19.0. Easily exploitable vulnerability allows unauthenticated attacker with...,Apply vendor security patches.,https://nvd.nist.gov/vuln/detail/CVE-2026-62613
IN-VULN-2026-0431,18-08-2026,CVE-2026-62614,General Enterprise Technology,General Enterprise / Indian Attack Surface,NVD-CWE-noinfo,CVSS v3.1: 9.8 — Critical,Theoretical / no exploitation evidence,Vulnerability in the Oracle Reports Developer product of Oracle Fusion Middleware (component: Security and Authentication).   The supported version that is affected is 12.2.1.19.0. Easily exploitable vulnerability allows unauthenticated attacker with...,Apply vendor security patches.,https://nvd.nist.gov/vuln/detail/CVE-2026-62614
IN-VULN-2026-0432,18-08-2026,CVE-2026-62615,General Enterprise Technology,General Enterprise / Indian Attack Surface,CWE-284,CVSS v3.1: 8.5 — High,Theoretical / no exploitation evidence,Vulnerability in the Oracle Reports Developer product of Oracle Fusion Middleware (component: Security and Authentication).   The supported version that is affected is 12.2.1.19.0. Difficult to exploit vulnerability allows low privileged attacker wit...,Apply vendor security patches.,https://nvd.nist.gov/vuln/detail/CVE-2026-62615
IN-VULN-2026-0433,18-08-2026,CVE-2026-62616,General Enterprise Technology,General Enterprise / Indian Attack Surface,CWE-284,CVSS v3.1: 7.2 — High,Theoretical / no exploitation evidence,Vulnerability in the Oracle Reports Developer product of Oracle Fusion Middleware (component: Security and Authentication).   The supported version that is affected is 12.2.1.19.0. Easily exploitable vulnerability allows unauthenticated attacker with...,Apply vendor security patches.,https://nvd.nist.gov/vuln/detail/CVE-2026-62616
IN-VULN-2026-0434,18-08-2026,CVE-2026-62617,General Enterprise Technology,General Enterprise / Indian Attack Surface,CWE-284,CVSS v3.1: 9.8 — Critical,Theoretical / no exploitation evidence,Vulnerability in the Oracle Reports Developer product of Oracle Fusion Middleware (component: Security and Authentication).   The supported version that is affected is 12.2.1.19.0. Easily exploitable vulnerability allows unauthenticated attacker with...,Apply vendor security patches.,https://nvd.nist.gov/vuln/detail/CVE-2026-62617
IN-VULN-2026-0435,18-08-2026,CVE-2026-62618,General Enterprise Technology,General Enterprise / Indian Attack Surface,NVD-CWE-noinfo,CVSS v3.1: 9.3 — Critical,Theoretical / no exploitation evidence,Vulnerability in the Oracle Reports Developer product of Oracle Fusion Middleware (component: Security and Authentication).   The supported version that is affected is 12.2.1.19.0. Easily exploitable vulnerability allows unauthenticated attacker with...,Apply vendor security patches.,https://nvd.nist.gov/vuln/detail/CVE-2026-62618
IN-VULN-2026-0436,18-08-2026,CVE-2026-62619,General Enterprise Technology,General Enterprise / Indian Attack Surface,NVD-CWE-noinfo,CVSS v3.1: 8.8 — High,Theoretical / no exploitation evidence,Vulnerability in the Oracle Reports Developer product of Oracle Fusion Middleware (component: Security and Authentication).   The supported version that is affected is 12.2.1.19.0. Easily exploitable vulnerability allows unauthenticated attacker with...,Apply vendor security patches.,https://nvd.nist.gov/vuln/detail/CVE-2026-62619
IN-VULN-2026-0437,18-08-2026,CVE-2026-62620,General Enterprise Technology,General Enterprise / Indian Attack Surface,NVD-CWE-noinfo,CVSS v3.1: 8.6 — High,Theoretical / no exploitation evidence,Vulnerability in the Oracle Reports Developer product of Oracle Fusion Middleware (component: Security and Authentication).   The supported version that is affected is 12.2.1.19.0. Easily exploitable vulnerability allows unauthenticated attacker with...,Apply vendor security patches.,https://nvd.nist.gov/vuln/detail/CVE-2026-62620
IN-VULN-2026-0438,18-08-2026,CVE-2026-62621,General Enterprise Technology,General Enterprise / Indian Attack Surface,NVD-CWE-noinfo,CVSS v3.1: 9.8 — Critical,Theoretical / no exploitation evidence,Vulnerability in the Oracle Reports Developer product of Oracle Fusion Middleware (component: Security and Authentication).   The supported version that is affected is 12.2.1.19.0. Easily exploitable vulnerability allows unauthenticated attacker with...,Apply vendor security patches.,https://nvd.nist.gov/vuln/detail/CVE-2026-62621
IN-VULN-2026-0439,18-08-2026,CVE-2026-62622,General Enterprise Technology,General Enterprise / Indian Attack Surface,NVD-CWE-noinfo,CVSS v3.1: 9.8 — Critical,Theoretical / no exploitation evidence,Vulnerability in the Oracle Reports Developer product of Oracle Fusion Middleware (component: Security and Authentication).   The supported version that is affected is 12.2.1.19.0. Easily exploitable vulnerability allows unauthenticated attacker with...,Apply vendor security patches.,https://nvd.nist.gov/vuln/detail/CVE-2026-62622
IN-VULN-2026-0440,18-08-2026,CVE-2026-62623,General Enterprise Technology,General Enterprise / Indian Attack Surface,CWE-284,CVSS v3.1: 8.8 — High,Theoretical / no exploitation evidence,Vulnerability in the Oracle Reports Developer product of Oracle Fusion Middleware (component: Security and Authentication).   The supported version that is affected is 12.2.1.19.0. Easily exploitable vulnerability allows unauthenticated attacker with...,Apply vendor security patches.,https://nvd.nist.gov/vuln/detail/CVE-2026-62623
IN-VULN-2026-0441,18-08-2026,CVE-2026-62624,General Enterprise Technology,General Enterprise / Indian Attack Surface,CWE-284,CVSS v3.1: 9.8 — Critical,Theoretical / no exploitation evidence,Vulnerability in the Oracle Reports Developer product of Oracle Fusion Middleware (component: Security and Authentication).   The supported version that is affected is 12.2.1.19.0. Easily exploitable vulnerability allows unauthenticated attacker with...,Apply vendor security patches.,https://nvd.nist.gov/vuln/detail/CVE-2026-62624
IN-VULN-2026-0442,18-08-2026,CVE-2026-62625,General Enterprise Technology,General Enterprise / Indian Attack Surface,CWE-284,CVSS v3.1: 8.6 — High,Theoretical / no exploitation evidence,Vulnerability in the Oracle Reports Developer product of Oracle Fusion Middleware (component: Security and Authentication).   The supported version that is affected is 12.2.1.19.0. Easily exploitable vulnerability allows unauthenticated attacker with...,Apply vendor security patches.,https://nvd.nist.gov/vuln/detail/CVE-2026-62625
IN-VULN-2026-0443,18-08-2026,CVE-2026-62626,General Enterprise Technology,General Enterprise / Indian Attack Surface,CWE-284,CVSS v3.1: 9.8 — Critical,Theoretical / no exploitation evidence,Vulnerability in the Oracle Reports Developer product of Oracle Fusion Middleware (component: Security and Authentication).   The supported version that is affected is 12.2.1.19.0. Easily exploitable vulnerability allows unauthenticated attacker with...,Apply vendor security patches.,https://nvd.nist.gov/vuln/detail/CVE-2026-62626
IN-VULN-2026-0444,18-08-2026,CVE-2026-62627,General Enterprise Technology,General Enterprise / Indian Attack Surface,CWE-284,CVSS v3.1: 7.1 — High,Theoretical / no exploitation evidence,Vulnerability in the Oracle Reports Developer product of Oracle Fusion Middleware (component: Security and Authentication).   The supported version that is affected is 12.2.1.19.0. Difficult to exploit vulnerability allows low privileged attacker wit...,Apply vendor security patches.,https://nvd.nist.gov/vuln/detail/CVE-2026-62627
IN-VULN-2026-0445,18-08-2026,CVE-2026-62628,General Enterprise Technology,General Enterprise / Indian Attack Surface,NVD-CWE-noinfo,CVSS v3.1: 8.6 — High,Theoretical / no exploitation evidence,Vulnerability in the Oracle Reports Developer product of Oracle Fusion Middleware (component: Security and Authentication).   The supported version that is affected is 12.2.1.19.0. Easily exploitable vulnerability allows unauthenticated attacker with...,Apply vendor security patches.,https://nvd.nist.gov/vuln/detail/CVE-2026-62628
IN-VULN-2026-0446,18-08-2026,CVE-2026-62629,General Enterprise Technology,General Enterprise / Indian Attack Surface,NVD-CWE-noinfo,CVSS v3.1: 9.4 — Critical,Theoretical / no exploitation evidence,Vulnerability in the Oracle Reports Developer product of Oracle Fusion Middleware (component: Security and Authentication).   The supported version that is affected is 14.1.2.0.0. Easily exploitable vulnerability allows unauthenticated attacker with ...,Apply vendor security patches.,https://nvd.nist.gov/vuln/detail/CVE-2026-62629
IN-VULN-2026-0447,18-08-2026,CVE-2026-62630,General Enterprise Technology,General Enterprise / Indian Attack Surface,NVD-CWE-noinfo,CVSS v3.1: 9.8 — Critical,Theoretical / no exploitation evidence,Vulnerability in the Oracle Reports Developer product of Oracle Fusion Middleware (component: Security and Authentication).   The supported version that is affected is 14.1.2.0.0. Easily exploitable vulnerability allows unauthenticated attacker with ...,Apply vendor security patches.,https://nvd.nist.gov/vuln/detail/CVE-2026-62630
IN-VULN-2026-0448,18-08-2026,CVE-2026-62631,General Enterprise Technology,General Enterprise / Indian Attack Surface,NVD-CWE-noinfo,CVSS v3.1: 8.8 — High,Theoretical / no exploitation evidence,Vulnerability in the Oracle Reports Developer product of Oracle Fusion Middleware (component: Security and Authentication).   The supported version that is affected is 14.1.2.0.0. Easily exploitable vulnerability allows unauthenticated attacker with ...,Apply vendor security patches.,https://nvd.nist.gov/vuln/detail/CVE-2026-62631
IN-VULN-2026-0449,18-08-2026,CVE-2026-62632,General Enterprise Technology,General Enterprise / Indian Attack Surface,NVD-CWE-noinfo,CVSS v3.1: 9.8 — Critical,Theoretical / no exploitation evidence,Vulnerability in the Oracle Reports Developer product of Oracle Fusion Middleware (component: Security and Authentication).   The supported version that is affected is 14.1.2.0.0. Easily exploitable vulnerability allows unauthenticated attacker with ...,Apply vendor security patches.,https://nvd.nist.gov/vuln/detail/CVE-2026-62632
IN-VULN-2026-0450,18-08-2026,CVE-2026-62633,General Enterprise Technology,General Enterprise / Indian Attack Surface,NVD-CWE-noinfo,CVSS v3.1: 9.8 — Critical,Theoretical / no exploitation evidence,Vulnerability in the Oracle Reports Developer product of Oracle Fusion Middleware (component: Security and Authentication).   The supported version that is affected is 14.1.2.0.0. Easily exploitable vulnerability allows unauthenticated attacker with ...,Apply vendor security patches.,https://nvd.nist.gov/vuln/detail/CVE-2026-62633
IN-VULN-2026-0451,18-08-2026,CVE-2026-62634,General Enterprise Technology,General Enterprise / Indian Attack Surface,NVD-CWE-noinfo,CVSS v3.1: 9.8 — Critical,Theoretical / no exploitation evidence,Vulnerability in the Oracle Reports Developer product of Oracle Fusion Middleware (component: Security and Authentication).   The supported version that is affected is 14.1.2.0.0. Easily exploitable vulnerability allows unauthenticated attacker with ...,Apply vendor security patches.,https://nvd.nist.gov/vuln/detail/CVE-2026-62634
IN-VULN-2026-0452,18-08-2026,CVE-2026-62635,General Enterprise Technology,General Enterprise / Indian Attack Surface,NVD-CWE-noinfo,CVSS v3.1: 9.8 — Critical,Theoretical / no exploitation evidence,Vulnerability in the Oracle Reports Developer product of Oracle Fusion Middleware (component: Security and Authentication).   The supported version that is affected is 14.1.2.0.0. Easily exploitable vulnerability allows unauthenticated attacker with ...,Apply vendor security patches.,https://nvd.nist.gov/vuln/detail/CVE-2026-62635
IN-VULN-2026-0453,18-08-2026,CVE-2026-62636,General Enterprise Technology,General Enterprise / Indian Attack Surface,CWE-284,CVSS v3.1: 8.6 — High,Theoretical / no exploitation evidence,Vulnerability in the Oracle Reports Developer product of Oracle Fusion Middleware (component: Security and Authentication).   The supported version that is affected is 14.1.2.0.0. Easily exploitable vulnerability allows unauthenticated attacker with ...,Apply vendor security patches.,https://nvd.nist.gov/vuln/detail/CVE-2026-62636
IN-VULN-2026-0454,18-08-2026,CVE-2026-62637,General Enterprise Technology,General Enterprise / Indian Attack Surface,NVD-CWE-noinfo,CVSS v3.1: 9.3 — Critical,Theoretical / no exploitation evidence,Vulnerability in the Oracle Reports Developer product of Oracle Fusion Middleware (component: Security and Authentication).   The supported version that is affected is 14.1.2.0.0. Easily exploitable vulnerability allows unauthenticated attacker with ...,Apply vendor security patches.,https://nvd.nist.gov/vuln/detail/CVE-2026-62637
IN-VULN-2026-0455,18-08-2026,CVE-2026-62638,General Enterprise Technology,General Enterprise / Indian Attack Surface,NVD-CWE-noinfo,CVSS v3.1: 9.1 — Critical,Theoretical / no exploitation evidence,Vulnerability in the Oracle Reports Developer product of Oracle Fusion Middleware (component: Security and Authentication).   The supported version that is affected is 14.1.2.0.0. Easily exploitable vulnerability allows unauthenticated attacker with ...,Apply vendor security patches.,https://nvd.nist.gov/vuln/detail/CVE-2026-62638
IN-VULN-2026-0456,18-08-2026,CVE-2026-62639,General Enterprise Technology,General Enterprise / Indian Attack Surface,NVD-CWE-noinfo,CVSS v3.1: 9.8 — Critical,Theoretical / no exploitation evidence,Vulnerability in the Oracle Reports Developer product of Oracle Fusion Middleware (component: Security and Authentication).   The supported version that is affected is 14.1.2.0.0. Easily exploitable vulnerability allows unauthenticated attacker with ...,Apply vendor security patches.,https://nvd.nist.gov/vuln/detail/CVE-2026-62639
IN-VULN-2026-0457,18-08-2026,CVE-2026-62640,General Enterprise Technology,General Enterprise / Indian Attack Surface,NVD-CWE-noinfo,CVSS v3.1: 9.8 — Critical,Theoretical / no exploitation evidence,Vulnerability in the Oracle Reports Developer product of Oracle Fusion Middleware (component: Security and Authentication).   The supported version that is affected is 14.1.2.0.0. Easily exploitable vulnerability allows unauthenticated attacker with ...,Apply vendor security patches.,https://nvd.nist.gov/vuln/detail/CVE-2026-62640
IN-VULN-2026-0458,18-08-2026,CVE-2026-70668,General Enterprise Technology,General Enterprise / Indian Attack Surface,NVD-CWE-noinfo,CVSS v3.1: 9.1 — Critical,Theoretical / no exploitation evidence,Vulnerability in the Oracle Reports Developer product of Oracle Fusion Middleware (component: Security and Authentication).   The supported version that is affected is 14.1.2.0.0. Easily exploitable vulnerability allows unauthenticated attacker with ...,Apply vendor security patches.,https://nvd.nist.gov/vuln/detail/CVE-2026-70668
IN-VULN-2026-0459,18-08-2026,CVE-2026-70669,General Enterprise Technology,General Enterprise / Indian Attack Surface,NVD-CWE-noinfo,CVSS v3.1: 9.8 — Critical,Theoretical / no exploitation evidence,Vulnerability in the Oracle Reports Developer product of Oracle Fusion Middleware (component: Security and Authentication).   The supported version that is affected is 14.1.2.0.0. Easily exploitable vulnerability allows unauthenticated attacker with ...,Apply vendor security patches.,https://nvd.nist.gov/vuln/detail/CVE-2026-70669
IN-VULN-2026-0460,18-08-2026,CVE-2026-70670,General Enterprise Technology,General Enterprise / Indian Attack Surface,NVD-CWE-noinfo,CVSS v3.1: 9.6 — Critical,Theoretical / no exploitation evidence,Vulnerability in the Oracle Reports Developer product of Oracle Fusion Middleware (component: Security and Authentication).   The supported version that is affected is 14.1.2.0.0. Easily exploitable vulnerability allows unauthenticated attacker with ...,Apply vendor security patches.,https://nvd.nist.gov/vuln/detail/CVE-2026-70670
IN-VULN-2026-0461,18-08-2026,CVE-2026-70671,General Enterprise Technology,General Enterprise / Indian Attack Surface,NVD-CWE-noinfo,CVSS v3.1: 8.1 — High,Theoretical / no exploitation evidence,Vulnerability in the Oracle Reports Developer product of Oracle Fusion Middleware (component: Security and Authentication).   The supported version that is affected is 14.1.2.0.0. Easily exploitable vulnerability allows low privileged attacker with n...,Apply vendor security patches.,https://nvd.nist.gov/vuln/detail/CVE-2026-70671
IN-VULN-2026-0462,18-08-2026,CVE-2026-70672,General Enterprise Technology,General Enterprise / Indian Attack Surface,NVD-CWE-noinfo,CVSS v3.1: 7.4 — High,Theoretical / no exploitation evidence,Vulnerability in the Oracle Reports Developer product of Oracle Fusion Middleware (component: Security and Authentication).   The supported version that is affected is 14.1.2.0.0. Difficult to exploit vulnerability allows unauthenticated attacker wit...,Apply vendor security patches.,https://nvd.nist.gov/vuln/detail/CVE-2026-70672
IN-VULN-2026-0463,18-08-2026,CVE-2026-70673,General Enterprise Technology,General Enterprise / Indian Attack Surface,NVD-CWE-noinfo,CVSS v3.1: 9.3 — Critical,Theoretical / no exploitation evidence,Vulnerability in the Oracle Reports Developer product of Oracle Fusion Middleware (component: Security and Authentication).   The supported version that is affected is 14.1.2.0.0. Easily exploitable vulnerability allows unauthenticated attacker with ...,Apply vendor security patches.,https://nvd.nist.gov/vuln/detail/CVE-2026-70673
IN-VULN-2026-0464,18-08-2026,CVE-2026-70674,General Enterprise Technology,General Enterprise / Indian Attack Surface,NVD-CWE-noinfo,CVSS v3.1: 8.8 — High,Theoretical / no exploitation evidence,Vulnerability in the Oracle Reports Developer product of Oracle Fusion Middleware (component: Security and Authentication).   The supported version that is affected is 14.1.2.0.0. Easily exploitable vulnerability allows unauthenticated attacker with ...,Apply vendor security patches.,https://nvd.nist.gov/vuln/detail/CVE-2026-70674
IN-VULN-2026-0465,18-08-2026,CVE-2026-70675,General Enterprise Technology,General Enterprise / Indian Attack Surface,CWE-284,CVSS v3.1: 8.1 — High,Theoretical / no exploitation evidence,Vulnerability in the Oracle Reports Developer product of Oracle Fusion Middleware (component: Security and Authentication).   The supported version that is affected is 14.1.2.0.0. Difficult to exploit vulnerability allows unauthenticated attacker wit...,Apply vendor security patches.,https://nvd.nist.gov/vuln/detail/CVE-2026-70675
IN-VULN-2026-0466,18-08-2026,CVE-2026-70676,General Enterprise Technology,General Enterprise / Indian Attack Surface,CWE-284,CVSS v3.1: 7.0 — High,Theoretical / no exploitation evidence,Vulnerability in the Oracle Hyperion Calculation Manager product of Oracle Hyperion (component: Security).   The supported version that is affected is 11.2.25.0.000. Difficult to exploit vulnerability allows unauthenticated attacker with network acce...,Apply vendor security patches.,https://nvd.nist.gov/vuln/detail/CVE-2026-70676
IN-VULN-2026-0467,18-08-2026,CVE-2026-70678,General Enterprise Technology,General Enterprise / Indian Attack Surface,NVD-CWE-noinfo,CVSS v3.1: 7.6 — High,Theoretical / no exploitation evidence,Vulnerability in the Oracle Hyperion Calculation Manager product of Oracle Hyperion (component: Security).   The supported version that is affected is 11.2.25.0.000. Easily exploitable vulnerability allows low privileged attacker with network access ...,Apply vendor security patches.,https://nvd.nist.gov/vuln/detail/CVE-2026-70678
IN-VULN-2026-0468,18-08-2026,CVE-2026-70680,General Enterprise Technology,General Enterprise / Indian Attack Surface,CWE-284,CVSS v3.1: 7.1 — High,Theoretical / no exploitation evidence,Vulnerability in the Oracle Applications DBA product of Oracle E-Business Suite (component: Internal Operations).  Supported versions that are affected are 12.2.3-12.2.15. Easily exploitable vulnerability allows low privileged attacker with network a...,Apply vendor security patches.,https://nvd.nist.gov/vuln/detail/CVE-2026-70680
IN-VULN-2026-0469,18-08-2026,CVE-2026-70681,General Enterprise Technology,General Enterprise / Indian Attack Surface,CWE-284,CVSS v3.1: 7.5 — High,Theoretical / no exploitation evidence,Vulnerability in the Oracle Applications DBA product of Oracle E-Business Suite (component: JRI and other Java utils).  Supported versions that are affected are 12.2.3-12.2.15. Difficult to exploit vulnerability allows unauthenticated attacker with n...,Apply vendor security patches.,https://nvd.nist.gov/vuln/detail/CVE-2026-70681
IN-VULN-2026-0470,18-08-2026,CVE-2026-70684,General Enterprise Technology,General Enterprise / Indian Attack Surface,CWE-284,CVSS v3.1: 8.1 — High,Theoretical / no exploitation evidence,Vulnerability in the Oracle Enterprise Manager Base Platform product of Oracle Enterprise Manager (component: Agent Next Gen).  Supported versions that are affected are 13.5 and  24.1. Difficult to exploit vulnerability allows unauthenticated attacke...,Apply vendor security patches.,https://nvd.nist.gov/vuln/detail/CVE-2026-70684
IN-VULN-2026-0471,18-08-2026,CVE-2026-70685,General Enterprise Technology,General Enterprise / Indian Attack Surface,NVD-CWE-noinfo,CVSS v3.1: 7.9 — High,Theoretical / no exploitation evidence,Vulnerability in the Oracle Hyperion Calculation Manager product of Oracle Hyperion (component: Security).   The supported version that is affected is 11.2.25.0.000. Easily exploitable vulnerability allows unauthenticated attacker with logon to the i...,Apply vendor security patches.,https://nvd.nist.gov/vuln/detail/CVE-2026-70685
IN-VULN-2026-0472,18-08-2026,CVE-2026-70686,General Enterprise Technology,General Enterprise / Indian Attack Surface,CWE-284,CVSS v3.1: 8.8 — High,Theoretical / no exploitation evidence,Vulnerability in the Oracle General Ledger product of Oracle E-Business Suite (component: Internal Operations).  Supported versions that are affected are 12.2.3-12.2.15. Easily exploitable vulnerability allows low privileged attacker with network acc...,Apply vendor security patches.,https://nvd.nist.gov/vuln/detail/CVE-2026-70686
IN-VULN-2026-0473,18-08-2026,CVE-2026-70687,General Enterprise Technology,General Enterprise / Indian Attack Surface,CWE-284,CVSS v3.1: 7.7 — High,Theoretical / no exploitation evidence,Vulnerability in the Oracle Marketing product of Oracle E-Business Suite (component: Audience).  Supported versions that are affected are 12.2.3-12.2.15. Easily exploitable vulnerability allows low privileged attacker with network access via HTTP to ...,Apply vendor security patches.,https://nvd.nist.gov/vuln/detail/CVE-2026-70687
IN-VULN-2026-0474,18-08-2026,CVE-2026-70688,General Enterprise Technology,General Enterprise / Indian Attack Surface,CWE-284,CVSS v3.1: 8.8 — High,Theoretical / no exploitation evidence,Vulnerability in Oracle Essbase (component: Calculator).   The supported version that is affected is 21.8.1.0.0. Easily exploitable vulnerability allows low privileged attacker with network access via HTTP to compromise Oracle Essbase.  Successful at...,Apply vendor security patches.,https://nvd.nist.gov/vuln/detail/CVE-2026-70688
IN-VULN-2026-0475,18-08-2026,CVE-2026-70689,General Enterprise Technology,General Enterprise / Indian Attack Surface,CWE-284,CVSS v3.1: 9.8 — Critical,Theoretical / no exploitation evidence,Vulnerability in Oracle Essbase (component: Infrastructure).   The supported version that is affected is 21.8.1.0.0. Easily exploitable vulnerability allows unauthenticated attacker with network access via HTTP to compromise Oracle Essbase.  Successf...,Apply vendor security patches.,https://nvd.nist.gov/vuln/detail/CVE-2026-70689
IN-VULN-2026-0476,18-08-2026,CVE-2026-70690,General Enterprise Technology,General Enterprise / Indian Attack Surface,CWE-284,CVSS v3.1: 8.0 — High,Theoretical / no exploitation evidence,Vulnerability in the Oracle HRMS (US) product of Oracle E-Business Suite (component: US Payroll - General).  Supported versions that are affected are 12.2.3-12.2.15. Difficult to exploit vulnerability allows high privileged attacker with network acce...,Apply vendor security patches.,https://nvd.nist.gov/vuln/detail/CVE-2026-70690
IN-VULN-2026-0477,18-08-2026,CVE-2026-70691,General Enterprise Technology,General Enterprise / Indian Attack Surface,NVD-CWE-noinfo,CVSS v3.1: 7.5 — High,Theoretical / no exploitation evidence,Vulnerability in the Oracle Agile Engineering Data Management product of Oracle Supply Chain (component: Engineering Communication Interface).   The supported version that is affected is 6.2.1. Difficult to exploit vulnerability allows unauthenticate...,Apply vendor security patches.,https://nvd.nist.gov/vuln/detail/CVE-2026-70691
IN-VULN-2026-0478,18-08-2026,CVE-2026-70692,General Enterprise Technology,General Enterprise / Indian Attack Surface,CWE-284,CVSS v3.1: 7.7 — High,Theoretical / no exploitation evidence,Vulnerability in the Oracle Marketing Encyclopedia System product of Oracle E-Business Suite (component: Internal Operations).  Supported versions that are affected are 12.2.3-12.2.15. Easily exploitable vulnerability allows low privileged attacker w...,Apply vendor security patches.,https://nvd.nist.gov/vuln/detail/CVE-2026-70692
IN-VULN-2026-0479,18-08-2026,CVE-2026-70694,General Enterprise Technology,General Enterprise / Indian Attack Surface,CWE-284,CVSS v3.1: 7.7 — High,Theoretical / no exploitation evidence,Vulnerability in the Oracle Payments product of Oracle E-Business Suite (component: File Transmission).  Supported versions that are affected are 12.2.3-12.2.15. Difficult to exploit vulnerability allows high privileged attacker with network access v...,Apply vendor security patches.,https://nvd.nist.gov/vuln/detail/CVE-2026-70694
IN-VULN-2026-0480,18-08-2026,CVE-2026-70695,General Enterprise Technology,General Enterprise / Indian Attack Surface,CWE-284,CVSS v3.1: 7.7 — High,Theoretical / no exploitation evidence,Vulnerability in the Oracle Payments product of Oracle E-Business Suite (component: File Transmission).  Supported versions that are affected are 12.2.3-12.2.15. Difficult to exploit vulnerability allows high privileged attacker with network access v...,Apply vendor security patches.,https://nvd.nist.gov/vuln/detail/CVE-2026-70695
IN-VULN-2026-0481,18-08-2026,CVE-2026-70696,General Enterprise Technology,General Enterprise / Indian Attack Surface,CWE-284,CVSS v3.1: 7.5 — High,Theoretical / no exploitation evidence,Vulnerability in the Oracle Payments product of Oracle E-Business Suite (component: File Transmission).  Supported versions that are affected are 12.2.3-12.2.15. Easily exploitable vulnerability allows unauthenticated attacker with network access via...,Apply vendor security patches.,https://nvd.nist.gov/vuln/detail/CVE-2026-70696
IN-VULN-2026-0482,18-08-2026,CVE-2026-70697,General Enterprise Technology,General Enterprise / Indian Attack Surface,NVD-CWE-noinfo,CVSS v3.1: 7.0 — High,Theoretical / no exploitation evidence,Vulnerability in the Oracle Agile Engineering Data Management product of Oracle Supply Chain (component: Engineering Communication Interface).   The supported version that is affected is 6.2.1. Difficult to exploit vulnerability allows low privileged...,Apply vendor security patches.,https://nvd.nist.gov/vuln/detail/CVE-2026-70697
IN-VULN-2026-0483,18-08-2026,CVE-2026-70699,General Enterprise Technology,General Enterprise / Indian Attack Surface,CWE-284,CVSS v3.1: 7.4 — High,Theoretical / no exploitation evidence,Vulnerability in the Oracle Payments product of Oracle E-Business Suite (component: File Transmission).  Supported versions that are affected are 12.2.3-12.2.15. Difficult to exploit vulnerability allows unauthenticated attacker with network access v...,Apply vendor security patches.,https://nvd.nist.gov/vuln/detail/CVE-2026-70699
IN-VULN-2026-0484,18-08-2026,CVE-2026-70700,General Enterprise Technology,General Enterprise / Indian Attack Surface,CWE-284,CVSS v3.1: 7.5 — High,Theoretical / no exploitation evidence,Vulnerability in the Oracle Payables product of Oracle E-Business Suite (component: Internal Operations).  Supported versions that are affected are 12.2.3-12.2.15. Easily exploitable vulnerability allows unauthenticated attacker with network access v...,Apply vendor security patches.,https://nvd.nist.gov/vuln/detail/CVE-2026-70700
IN-VULN-2026-0485,18-08-2026,CVE-2026-70701,General Enterprise Technology,General Enterprise / Indian Attack Surface,CWE-284,CVSS v3.1: 8.1 — High,Theoretical / no exploitation evidence,Vulnerability in the Oracle Payables product of Oracle E-Business Suite (component: Internal Operations).  Supported versions that are affected are 12.2.3-12.2.15. Easily exploitable vulnerability allows low privileged attacker with network access vi...,Apply vendor security patches.,https://nvd.nist.gov/vuln/detail/CVE-2026-70701
IN-VULN-2026-0486,18-08-2026,CVE-2026-70702,General Enterprise Technology,General Enterprise / Indian Attack Surface,CWE-284,CVSS v3.1: 8.2 — High,Theoretical / no exploitation evidence,Vulnerability in the Oracle Payments product of Oracle E-Business Suite (component: File Transmission).  Supported versions that are affected are 12.2.3-12.2.15. Easily exploitable vulnerability allows unauthenticated attacker with network access via...,Apply vendor security patches.,https://nvd.nist.gov/vuln/detail/CVE-2026-70702
IN-VULN-2026-0487,18-08-2026,CVE-2026-70703,General Enterprise Technology,General Enterprise / Indian Attack Surface,CWE-284,CVSS v3.1: 8.2 — High,Theoretical / no exploitation evidence,Vulnerability in the Oracle Agile Engineering Data Management product of Oracle Supply Chain (component: Engineering Communication Interface).   The supported version that is affected is 6.2.1. Difficult to exploit vulnerability allows low privileged...,Apply vendor security patches.,https://nvd.nist.gov/vuln/detail/CVE-2026-70703
IN-VULN-2026-0488,18-08-2026,CVE-2026-70704,General Enterprise Technology,General Enterprise / Indian Attack Surface,CWE-284,CVSS v3.1: 8.1 — High,Theoretical / no exploitation evidence,Vulnerability in the Oracle Trading Community product of Oracle E-Business Suite (component: Party Search UI).  Supported versions that are affected are 12.2.3-12.2.15. Difficult to exploit vulnerability allows unauthenticated attacker with network a...,Apply vendor security patches.,https://nvd.nist.gov/vuln/detail/CVE-2026-70704
IN-VULN-2026-0489,18-08-2026,CVE-2026-70705,General Enterprise Technology,General Enterprise / Indian Attack Surface,NVD-CWE-noinfo,CVSS v3.1: 7.1 — High,Theoretical / no exploitation evidence,Vulnerability in the Oracle Hyperion Calculation Manager product of Oracle Hyperion (component: Security).   The supported version that is affected is 11.2.25.0.000. Easily exploitable vulnerability allows unauthenticated attacker with logon to the i...,Apply vendor security patches.,https://nvd.nist.gov/vuln/detail/CVE-2026-70705
IN-VULN-2026-0490,18-08-2026,CVE-2026-70706,General Enterprise Technology,General Enterprise / Indian Attack Surface,CWE-284,CVSS v3.1: 7.5 — High,Theoretical / no exploitation evidence,Vulnerability in the Oracle Sales product of Oracle E-Business Suite (component: Internal Operations).  Supported versions that are affected are 12.2.3-12.2.15. Difficult to exploit vulnerability allows low privileged attacker with network access via...,Apply vendor security patches.,https://nvd.nist.gov/vuln/detail/CVE-2026-70706
IN-VULN-2026-0491,18-08-2026,CVE-2026-70707,General Enterprise Technology,General Enterprise / Indian Attack Surface,CWE-284,CVSS v3.1: 8.8 — High,Theoretical / no exploitation evidence,Vulnerability in the Oracle Sales for Handhelds product of Oracle E-Business Suite (component: Internal Operations).  Supported versions that are affected are 12.2.3-12.2.15. Easily exploitable vulnerability allows low privileged attacker with networ...,Apply vendor security patches.,https://nvd.nist.gov/vuln/detail/CVE-2026-70707
IN-VULN-2026-0492,18-08-2026,CVE-2026-70708,General Enterprise Technology,General Enterprise / Indian Attack Surface,CWE-284,CVSS v3.1: 8.1 — High,Theoretical / no exploitation evidence,Vulnerability in the Oracle Sales Foundation product of Oracle E-Business Suite (component: Security API).  Supported versions that are affected are 12.2.3-12.2.15. Easily exploitable vulnerability allows low privileged attacker with network access v...,Apply vendor security patches.,https://nvd.nist.gov/vuln/detail/CVE-2026-70708
IN-VULN-2026-0493,18-08-2026,CVE-2026-70710,General Enterprise Technology,General Enterprise / Indian Attack Surface,CWE-284,CVSS v3.1: 8.8 — High,Theoretical / no exploitation evidence,Vulnerability in the Oracle Sales Foundation product of Oracle E-Business Suite (component: Security API).  Supported versions that are affected are 12.2.3-12.2.15. Easily exploitable vulnerability allows low privileged attacker with network access v...,Apply vendor security patches.,https://nvd.nist.gov/vuln/detail/CVE-2026-70710
IN-VULN-2026-0494,18-08-2026,CVE-2026-70713,General Enterprise Technology,General Enterprise / Indian Attack Surface,CWE-284,CVSS v3.1: 7.5 — High,Theoretical / no exploitation evidence,"Vulnerability in the Oracle iSetup product of Oracle E-Business Suite (component: General Ledger Update Transform, Reports).  Supported versions that are affected are 12.2.3-12.2.15. Difficult to exploit vulnerability allows low privileged attacker w...",Apply vendor security patches.,https://nvd.nist.gov/vuln/detail/CVE-2026-70713
IN-VULN-2026-0495,18-08-2026,CVE-2026-70715,General Enterprise Technology,General Enterprise / Indian Attack Surface,CWE-284,CVSS v3.1: 8.8 — High,Theoretical / no exploitation evidence,"Vulnerability in Oracle Autonomous Health Framework (component: Trace File Analyzer).  Supported versions that are affected are 26-26.1.0, 26.2.0, 26.3.1, 26.5.0 and  26.5.2. Easily exploitable vulnerability allows unauthenticated attacker with acces...",Apply vendor security patches.,https://nvd.nist.gov/vuln/detail/CVE-2026-70715
IN-VULN-2026-0496,18-08-2026,CVE-2026-70717,General Enterprise Technology,General Enterprise / Indian Attack Surface,CWE-284,CVSS v3.1: 7.7 — High,Theoretical / no exploitation evidence,"Vulnerability in Oracle Autonomous Health Framework (component: Cluster Health Analyzer).  Supported versions that are affected are 26-26.1.0, 26.2.0, 26.3.1, 26.5.0 and  26.5.2. Difficult to exploit vulnerability allows low privileged attacker with ...",Apply vendor security patches.,https://nvd.nist.gov/vuln/detail/CVE-2026-70717
IN-VULN-2026-0497,18-08-2026,CVE-2026-70718,General Enterprise Technology,General Enterprise / Indian Attack Surface,CWE-284,CVSS v3.1: 8.5 — High,Theoretical / no exploitation evidence,Vulnerability in the Oracle Bills of Material product of Oracle E-Business Suite (component: Internal Operations).  Supported versions that are affected are 12.2.3-12.2.15. Difficult to exploit vulnerability allows low privileged attacker with networ...,Apply vendor security patches.,https://nvd.nist.gov/vuln/detail/CVE-2026-70718
IN-VULN-2026-0498,18-08-2026,CVE-2026-70721,General Enterprise Technology,General Enterprise / Indian Attack Surface,CWE-284,CVSS v3.1: 8.6 — High,Theoretical / no exploitation evidence,Vulnerability in the Oracle Hyperion Profitability and Cost Management product of Oracle Hyperion (component: Deployment).   The supported version that is affected is 11.2.25.0.000. Easily exploitable vulnerability allows unauthenticated attacker wit...,Apply vendor security patches.,https://nvd.nist.gov/vuln/detail/CVE-2026-70721
IN-VULN-2026-0499,18-08-2026,CVE-2026-70722,General Enterprise Technology,General Enterprise / Indian Attack Surface,CWE-284,CVSS v3.1: 8.2 — High,Theoretical / no exploitation evidence,Vulnerability in the Oracle Advanced Inbound Telephony product of Oracle E-Business Suite (component: Internal Operations).  Supported versions that are affected are 12.2.3-12.2.15. Easily exploitable vulnerability allows unauthenticated attacker wit...,Apply vendor security patches.,https://nvd.nist.gov/vuln/detail/CVE-2026-70722
IN-VULN-2026-0500,18-08-2026,CVE-2026-70723,General Enterprise Technology,General Enterprise / Indian Attack Surface,CWE-284,CVSS v3.1: 7.7 — High,Theoretical / no exploitation evidence,Vulnerability in the Oracle Hyperion Profitability and Cost Management product of Oracle Hyperion (component: Deployment).   The supported version that is affected is 11.2.25.0.000. Easily exploitable vulnerability allows low privileged attacker with...,Apply vendor security patches.,https://nvd.nist.gov/vuln/detail/CVE-2026-70723
IN-VULN-2026-0501,18-08-2026,CVE-2026-70724,General Enterprise Technology,General Enterprise / Indian Attack Surface,CWE-284,CVSS v3.1: 7.5 — High,Theoretical / no exploitation evidence,"Vulnerability in the MySQL Cluster product of Oracle MySQL (component: Cluster: General).  Supported versions that are affected are 8.0.0-8.0.48, 8.4.0-8.4.11 and  9.7.0-9.7.2. Difficult to exploit vulnerability allows unauthenticated attacker with n...",Apply vendor security patches.,https://nvd.nist.gov/vuln/detail/CVE-2026-70724
IN-VULN-2026-0502,18-08-2026,CVE-2026-70725,General Enterprise Technology,General Enterprise / Indian Attack Surface,CWE-284,CVSS v3.1: 7.6 — High,Theoretical / no exploitation evidence,Vulnerability in the Oracle Advanced Inbound Telephony product of Oracle E-Business Suite (component: Internal Operations).  Supported versions that are affected are 12.2.3-12.2.15. Easily exploitable vulnerability allows low privileged attacker with...,Apply vendor security patches.,https://nvd.nist.gov/vuln/detail/CVE-2026-70725
IN-VULN-2026-0503,18-08-2026,CVE-2026-70728,General Enterprise Technology,General Enterprise / Indian Attack Surface,CWE-284,CVSS v3.1: 8.5 — High,Theoretical / no exploitation evidence,"Vulnerability in Oracle Autonomous Health Framework (component: Trace File Analyzer).  Supported versions that are affected are 26-26.1.0, 26.2.0, 26.3.1, 26.5.0 and  26.5.2. Easily exploitable vulnerability allows low privileged attacker with networ...",Apply vendor security patches.,https://nvd.nist.gov/vuln/detail/CVE-2026-70728
IN-VULN-2026-0504,18-08-2026,CVE-2026-70729,General Enterprise Technology,General Enterprise / Indian Attack Surface,CWE-284,CVSS v3.1: 8.8 — High,Theoretical / no exploitation evidence,Vulnerability in the Oracle Teleservice product of Oracle E-Business Suite (component: Service Request Form).  Supported versions that are affected are 12.2.3-12.2.15. Easily exploitable vulnerability allows low privileged attacker with network acces...,Apply vendor security patches.,https://nvd.nist.gov/vuln/detail/CVE-2026-70729
IN-VULN-2026-0505,18-08-2026,CVE-2026-70730,General Enterprise Technology,General Enterprise / Indian Attack Surface,CWE-284,CVSS v3.1: 9.1 — Critical,Theoretical / no exploitation evidence,Vulnerability in the Oracle Hyperion Profitability and Cost Management product of Oracle Hyperion (component: Deployment).   The supported version that is affected is 11.2.25.0.000. Easily exploitable vulnerability allows unauthenticated attacker wit...,Apply vendor security patches.,https://nvd.nist.gov/vuln/detail/CVE-2026-70730
IN-VULN-2026-0506,18-08-2026,CVE-2026-70731,General Enterprise Technology,General Enterprise / Indian Attack Surface,CWE-284,CVSS v3.1: 8.4 — High,Theoretical / no exploitation evidence,"Vulnerability in Oracle Autonomous Health Framework (component: Trace File Analyzer).  Supported versions that are affected are 26-26.1.0, 26.2.0, 26.3.1, 26.5.0 and  26.5.2. Easily exploitable vulnerability allows low privileged attacker with logon ...",Apply vendor security patches.,https://nvd.nist.gov/vuln/detail/CVE-2026-70731
IN-VULN-2026-0507,18-08-2026,CVE-2026-70733,General Enterprise Technology,General Enterprise / Indian Attack Surface,CWE-284,CVSS v3.1: 7.1 — High,Theoretical / no exploitation evidence,Vulnerability in the Oracle Hyperion Profitability and Cost Management product of Oracle Hyperion (component: Deployment).   The supported version that is affected is 11.2.25.0.000. Easily exploitable vulnerability allows low privileged attacker with...,Apply vendor security patches.,https://nvd.nist.gov/vuln/detail/CVE-2026-70733
IN-VULN-2026-0508,18-08-2026,CVE-2026-70734,General Enterprise Technology,General Enterprise / Indian Attack Surface,CWE-284,CVSS v3.1: 7.4 — High,Theoretical / no exploitation evidence,"Vulnerability in Oracle Autonomous Health Framework (component: Trace File Analyzer).  Supported versions that are affected are 26-26.1.0, 26.2.0, 26.3.1, 26.5.0 and  26.5.2. Easily exploitable vulnerability allows high privileged attacker with logon...",Apply vendor security patches.,https://nvd.nist.gov/vuln/detail/CVE-2026-70734
IN-VULN-2026-0509,18-08-2026,CVE-2026-70735,General Enterprise Technology,General Enterprise / Indian Attack Surface,CWE-284,CVSS v3.1: 7.2 — High,Theoretical / no exploitation evidence,Vulnerability in the Oracle Hyperion Profitability and Cost Management product of Oracle Hyperion (component: Deployment).   The supported version that is affected is 11.2.25.0.000. Easily exploitable vulnerability allows high privileged attacker wit...,Apply vendor security patches.,https://nvd.nist.gov/vuln/detail/CVE-2026-70735
IN-VULN-2026-0510,18-08-2026,CVE-2026-70736,General Enterprise Technology,General Enterprise / Indian Attack Surface,CWE-284,CVSS v3.1: 7.1 — High,Theoretical / no exploitation evidence,Vulnerability in the Oracle Hyperion Profitability and Cost Management product of Oracle Hyperion (component: Deployment).   The supported version that is affected is 11.2.25.0.000. Easily exploitable vulnerability allows low privileged attacker with...,Apply vendor security patches.,https://nvd.nist.gov/vuln/detail/CVE-2026-70736
IN-VULN-2026-0511,18-08-2026,CVE-2026-70737,General Enterprise Technology,General Enterprise / Indian Attack Surface,CWE-284,CVSS v3.1: 8.8 — High,Theoretical / no exploitation evidence,Vulnerability in the Oracle Enterprise Manager for Systems Infrastructure product of Oracle Enterprise Manager (component: Storage Server Management).  Supported versions that are affected are 13.5 and  24.1. Easily exploitable vulnerability allows l...,Apply vendor security patches.,https://nvd.nist.gov/vuln/detail/CVE-2026-70737
IN-VULN-2026-0512,18-08-2026,CVE-2026-70738,General Enterprise Technology,General Enterprise / Indian Attack Surface,CWE-284,CVSS v3.1: 8.1 — High,Theoretical / no exploitation evidence,Vulnerability in the Oracle Hyperion Profitability and Cost Management product of Oracle Hyperion (component: Deployment).   The supported version that is affected is 11.2.25.0.000. Easily exploitable vulnerability allows low privileged attacker with...,Apply vendor security patches.,https://nvd.nist.gov/vuln/detail/CVE-2026-70738
IN-VULN-2026-0513,18-08-2026,CVE-2026-70739,General Enterprise Technology,General Enterprise / Indian Attack Surface,CWE-284,CVSS v3.1: 9.8 — Critical,Theoretical / no exploitation evidence,Vulnerability in the Oracle Hyperion Financial Reporting product of Oracle Hyperion (component: Server).   The supported version that is affected is 11.2.25.0.000. Easily exploitable vulnerability allows unauthenticated attacker with network access v...,Apply vendor security patches.,https://nvd.nist.gov/vuln/detail/CVE-2026-70739
IN-VULN-2026-0514,18-08-2026,CVE-2026-70740,General Enterprise Technology,General Enterprise / Indian Attack Surface,CWE-284,CVSS v3.1: 9.8 — Critical,Theoretical / no exploitation evidence,Vulnerability in the Oracle Hyperion Financial Reporting product of Oracle Hyperion (component: Server).   The supported version that is affected is 11.2.25.0.000. Easily exploitable vulnerability allows unauthenticated attacker with network access v...,Apply vendor security patches.,https://nvd.nist.gov/vuln/detail/CVE-2026-70740
IN-VULN-2026-0515,18-08-2026,CVE-2026-70741,General Enterprise Technology,General Enterprise / Indian Attack Surface,CWE-284,CVSS v3.1: 9.1 — Critical,Theoretical / no exploitation evidence,Vulnerability in the Oracle Hyperion Financial Reporting product of Oracle Hyperion (component: Server).   The supported version that is affected is 11.2.25.0.000. Easily exploitable vulnerability allows unauthenticated attacker with network access v...,Apply vendor security patches.,https://nvd.nist.gov/vuln/detail/CVE-2026-70741
IN-VULN-2026-0516,18-08-2026,CVE-2026-70742,General Enterprise Technology,General Enterprise / Indian Attack Surface,CWE-284,CVSS v3.1: 8.8 — High,Theoretical / no exploitation evidence,Vulnerability in the Oracle Hyperion Financial Reporting product of Oracle Hyperion (component: Server).   The supported version that is affected is 11.2.25.0.000. Easily exploitable vulnerability allows low privileged attacker with network access vi...,Apply vendor security patches.,https://nvd.nist.gov/vuln/detail/CVE-2026-70742
IN-VULN-2026-0517,18-08-2026,CVE-2026-70743,General Enterprise Technology,General Enterprise / Indian Attack Surface,CWE-284,CVSS v3.1: 8.2 — High,Theoretical / no exploitation evidence,Vulnerability in the Oracle Hyperion Financial Reporting product of Oracle Hyperion (component: Server).   The supported version that is affected is 11.2.25.0.000. Easily exploitable vulnerability allows unauthenticated attacker with network access v...,Apply vendor security patches.,https://nvd.nist.gov/vuln/detail/CVE-2026-70743
IN-VULN-2026-0518,18-08-2026,CVE-2026-70744,General Enterprise Technology,General Enterprise / Indian Attack Surface,CWE-284,CVSS v3.1: 8.1 — High,Theoretical / no exploitation evidence,Vulnerability in the Oracle Hyperion Financial Reporting product of Oracle Hyperion (component: Server).   The supported version that is affected is 11.2.25.0.000. Difficult to exploit vulnerability allows unauthenticated attacker with network access...,Apply vendor security patches.,https://nvd.nist.gov/vuln/detail/CVE-2026-70744
IN-VULN-2026-0519,18-08-2026,CVE-2026-70745,General Enterprise Technology,General Enterprise / Indian Attack Surface,CWE-284,CVSS v3.1: 9.8 — Critical,Theoretical / no exploitation evidence,Vulnerability in the Oracle Hyperion Financial Reporting product of Oracle Hyperion (component: Server).   The supported version that is affected is 11.2.25.0.000. Easily exploitable vulnerability allows unauthenticated attacker with network access v...,Apply vendor security patches.,https://nvd.nist.gov/vuln/detail/CVE-2026-70745
IN-VULN-2026-0520,18-08-2026,CVE-2026-70746,General Enterprise Technology,General Enterprise / Indian Attack Surface,CWE-284,CVSS v3.1: 8.1 — High,Theoretical / no exploitation evidence,Vulnerability in the Oracle Hyperion Financial Reporting product of Oracle Hyperion (component: Server).   The supported version that is affected is 11.2.25.0.000. Easily exploitable vulnerability allows unauthenticated attacker with network access v...,Apply vendor security patches.,https://nvd.nist.gov/vuln/detail/CVE-2026-70746
IN-VULN-2026-0521,18-08-2026,CVE-2026-70747,General Enterprise Technology,General Enterprise / Indian Attack Surface,CWE-284,CVSS v3.1: 8.8 — High,Theoretical / no exploitation evidence,Vulnerability in the Oracle Customers Online product of Oracle E-Business Suite (component: Customer Tab).  Supported versions that are affected are 12.2.3-12.2.15. Easily exploitable vulnerability allows low privileged attacker with network access v...,Apply vendor security patches.,https://nvd.nist.gov/vuln/detail/CVE-2026-70747
IN-VULN-2026-0522,18-08-2026,CVE-2026-70749,General Enterprise Technology,General Enterprise / Indian Attack Surface,CWE-284,CVSS v3.1: 8.1 — High,Theoretical / no exploitation evidence,Vulnerability in the Oracle Hyperion Financial Reporting product of Oracle Hyperion (component: Server).   The supported version that is affected is 11.2.25.0.000. Difficult to exploit vulnerability allows unauthenticated attacker with network access...,Apply vendor security patches.,https://nvd.nist.gov/vuln/detail/CVE-2026-70749
IN-VULN-2026-0523,18-08-2026,CVE-2026-70750,General Enterprise Technology,General Enterprise / Indian Attack Surface,CWE-284,CVSS v3.1: 7.8 — High,Theoretical / no exploitation evidence,Vulnerability in the Oracle Hyperion Financial Reporting product of Oracle Hyperion (component: Server).   The supported version that is affected is 11.2.25.0.000. Easily exploitable vulnerability allows low privileged attacker with logon to the infr...,Apply vendor security patches.,https://nvd.nist.gov/vuln/detail/CVE-2026-70750
IN-VULN-2026-0524,18-08-2026,CVE-2026-70752,General Enterprise Technology,General Enterprise / Indian Attack Surface,CWE-284,CVSS v3.1: 7.5 — High,Theoretical / no exploitation evidence,Vulnerability in the Oracle Hyperion Financial Reporting product of Oracle Hyperion (component: Server).   The supported version that is affected is 11.2.25.0.000. Easily exploitable vulnerability allows unauthenticated attacker with network access v...,Apply vendor security patches.,https://nvd.nist.gov/vuln/detail/CVE-2026-70752
IN-VULN-2026-0525,18-08-2026,CVE-2026-70760,General Enterprise Technology,General Enterprise / Indian Attack Surface,CWE-284,CVSS v3.1: 7.1 — High,Theoretical / no exploitation evidence,Vulnerability in the Oracle Order Management product of Oracle E-Business Suite (component: Product Diagnostic Tools).  Supported versions that are affected are 12.2.3-12.2.15. Difficult to exploit vulnerability allows low privileged attacker with ne...,Apply vendor security patches.,https://nvd.nist.gov/vuln/detail/CVE-2026-70760
IN-VULN-2026-0526,18-08-2026,CVE-2026-70761,General Enterprise Technology,General Enterprise / Indian Attack Surface,CWE-284,CVSS v3.1: 8.8 — High,Theoretical / no exploitation evidence,Vulnerability in the Oracle Risk Management product of Oracle E-Business Suite (component: Internal Operations).  Supported versions that are affected are 12.2.3-12.2.15. Easily exploitable vulnerability allows low privileged attacker with network ac...,Apply vendor security patches.,https://nvd.nist.gov/vuln/detail/CVE-2026-70761
IN-VULN-2026-0527,18-08-2026,CVE-2026-70762,General Enterprise Technology,General Enterprise / Indian Attack Surface,CWE-284,CVSS v3.1: 8.1 — High,Theoretical / no exploitation evidence,Vulnerability in the Oracle Risk Management product of Oracle E-Business Suite (component: Internal Operations).  Supported versions that are affected are 12.2.3-12.2.15. Easily exploitable vulnerability allows low privileged attacker with network ac...,Apply vendor security patches.,https://nvd.nist.gov/vuln/detail/CVE-2026-70762
IN-VULN-2026-0528,18-08-2026,CVE-2026-70763,General Enterprise Technology,General Enterprise / Indian Attack Surface,CWE-284,CVSS v3.1: 7.5 — High,Theoretical / no exploitation evidence,Vulnerability in the Oracle Operations Intelligence product of Oracle E-Business Suite (component: Daily Business Intelligence).  Supported versions that are affected are 12.2.3-12.2.15. Difficult to exploit vulnerability allows low privileged attack...,Apply vendor security patches.,https://nvd.nist.gov/vuln/detail/CVE-2026-70763
IN-VULN-2026-0529,18-08-2026,CVE-2026-70764,General Enterprise Technology,General Enterprise / Indian Attack Surface,CWE-284,CVSS v3.1: 7.6 — High,Theoretical / no exploitation evidence,Vulnerability in the Oracle General Ledger product of Oracle E-Business Suite (component: Internal Operations).  Supported versions that are affected are 12.2.3-12.2.15. Easily exploitable vulnerability allows low privileged attacker with network acc...,Apply vendor security patches.,https://nvd.nist.gov/vuln/detail/CVE-2026-70764
IN-VULN-2026-0530,18-08-2026,CVE-2026-70770,General Enterprise Technology,General Enterprise / Indian Attack Surface,CWE-284,CVSS v3.1: 8.3 — High,Theoretical / no exploitation evidence,Vulnerability in the Oracle Warehouse Management product of Oracle E-Business Suite (component: Internal Operations).  Supported versions that are affected are 12.2.3-12.2.15. Easily exploitable vulnerability allows low privileged attacker with netwo...,Apply vendor security patches.,https://nvd.nist.gov/vuln/detail/CVE-2026-70770
IN-VULN-2026-0531,18-08-2026,CVE-2026-70771,General Enterprise Technology,General Enterprise / Indian Attack Surface,CWE-284,CVSS v3.1: 7.7 — High,Theoretical / no exploitation evidence,Vulnerability in the Oracle Warehouse Management product of Oracle E-Business Suite (component: Internal Operations).  Supported versions that are affected are 12.2.3-12.2.15. Easily exploitable vulnerability allows low privileged attacker with netwo...,Apply vendor security patches.,https://nvd.nist.gov/vuln/detail/CVE-2026-70771
IN-VULN-2026-0532,18-08-2026,CVE-2026-70772,General Enterprise Technology,General Enterprise / Indian Attack Surface,CWE-284,CVSS v3.1: 7.5 — High,Theoretical / no exploitation evidence,Vulnerability in the Oracle Warehouse Management product of Oracle E-Business Suite (component: Internal Operations).  Supported versions that are affected are 12.2.3-12.2.15. Easily exploitable vulnerability allows unauthenticated attacker with netw...,Apply vendor security patches.,https://nvd.nist.gov/vuln/detail/CVE-2026-70772
IN-VULN-2026-0533,18-08-2026,CVE-2026-70773,General Enterprise Technology,General Enterprise / Indian Attack Surface,CWE-284,CVSS v3.1: 8.2 — High,Theoretical / no exploitation evidence,Vulnerability in the Oracle HCM Common Architecture product of Oracle E-Business Suite (component: Knowledge Integration).  Supported versions that are affected are 12.2.3-12.2.15. Easily exploitable vulnerability allows unauthenticated attacker with...,Apply vendor security patches.,https://nvd.nist.gov/vuln/detail/CVE-2026-70773
IN-VULN-2026-0534,18-08-2026,CVE-2026-70774,General Enterprise Technology,General Enterprise / Indian Attack Surface,CWE-284,CVSS v3.1: 7.1 — High,Theoretical / no exploitation evidence,Vulnerability in the Oracle Warehouse Management product of Oracle E-Business Suite (component: Internal Operations).  Supported versions that are affected are 12.2.3-12.2.15. Easily exploitable vulnerability allows low privileged attacker with netwo...,Apply vendor security patches.,https://nvd.nist.gov/vuln/detail/CVE-2026-70774
IN-VULN-2026-0535,18-08-2026,CVE-2026-70777,General Enterprise Technology,General Enterprise / Indian Attack Surface,CWE-284,CVSS v3.1: 7.5 — High,Theoretical / no exploitation evidence,Vulnerability in the Oracle iSupplier Portal product of Oracle E-Business Suite (component: Internal Operations).  Supported versions that are affected are 12.2.3-12.2.15. Easily exploitable vulnerability allows unauthenticated attacker with network ...,Apply vendor security patches.,https://nvd.nist.gov/vuln/detail/CVE-2026-70777
IN-VULN-2026-0536,18-08-2026,CVE-2026-70778,General Enterprise Technology,General Enterprise / Indian Attack Surface,CWE-284,CVSS v3.1: 8.7 — High,Theoretical / no exploitation evidence,Vulnerability in the Oracle Customer Care product of Oracle E-Business Suite (component: Internal Operations).  Supported versions that are affected are 12.2.3-12.2.15. Easily exploitable vulnerability allows low privileged attacker with network acce...,Apply vendor security patches.,https://nvd.nist.gov/vuln/detail/CVE-2026-70778
IN-VULN-2026-0537,18-08-2026,CVE-2026-70779,General Enterprise Technology,General Enterprise / Indian Attack Surface,CWE-284,CVSS v3.1: 7.4 — High,Theoretical / no exploitation evidence,Vulnerability in the Oracle iSupplier Portal product of Oracle E-Business Suite (component: Internal Operations).  Supported versions that are affected are 12.2.3-12.2.15. Difficult to exploit vulnerability allows unauthenticated attacker with networ...,Apply vendor security patches.,https://nvd.nist.gov/vuln/detail/CVE-2026-70779
IN-VULN-2026-0538,18-08-2026,CVE-2026-70781,General Enterprise Technology,General Enterprise / Indian Attack Surface,CWE-284,CVSS v3.1: 7.2 — High,Theoretical / no exploitation evidence,Vulnerability in the Oracle Proposals product of Oracle E-Business Suite (component: Internal Operations).  Supported versions that are affected are 12.2.3-12.2.15. Easily exploitable vulnerability allows high privileged attacker with network access ...,Apply vendor security patches.,https://nvd.nist.gov/vuln/detail/CVE-2026-70781
IN-VULN-2026-0539,18-08-2026,CVE-2026-70782,General Enterprise Technology,General Enterprise / Indian Attack Surface,CWE-284,CVSS v3.1: 8.1 — High,Theoretical / no exploitation evidence,Vulnerability in the Oracle Labor Distribution product of Oracle E-Business Suite (component: Internal Operations).  Supported versions that are affected are 12.2.3-12.2.15. Easily exploitable vulnerability allows low privileged attacker with network...,Apply vendor security patches.,https://nvd.nist.gov/vuln/detail/CVE-2026-70782
IN-VULN-2026-0540,18-08-2026,CVE-2026-70783,General Enterprise Technology,General Enterprise / Indian Attack Surface,CWE-284,CVSS v3.1: 7.4 — High,Theoretical / no exploitation evidence,Vulnerability in the Oracle Service Contracts product of Oracle E-Business Suite (component: Internal Operations).  Supported versions that are affected are 12.2.3-12.2.15. Difficult to exploit vulnerability allows unauthenticated attacker with netwo...,Apply vendor security patches.,https://nvd.nist.gov/vuln/detail/CVE-2026-70783
IN-VULN-2026-0541,18-08-2026,CVE-2026-70786,General Enterprise Technology,General Enterprise / Indian Attack Surface,CWE-284,CVSS v3.1: 7.6 — High,Theoretical / no exploitation evidence,Vulnerability in the Oracle Service Fulfillment Manager product of Oracle E-Business Suite (component: Fulfillment Engine).  Supported versions that are affected are 12.2.3-12.2.15. Easily exploitable vulnerability allows low privileged attacker with...,Apply vendor security patches.,https://nvd.nist.gov/vuln/detail/CVE-2026-70786
IN-VULN-2026-0542,18-08-2026,CVE-2026-70787,General Enterprise Technology,General Enterprise / Indian Attack Surface,CWE-284,CVSS v3.1: 8.8 — High,Theoretical / no exploitation evidence,Vulnerability in the Oracle Hyperion Financial Reporting product of Oracle Hyperion (component: Server).   The supported version that is affected is 11.2.25.0.000. Easily exploitable vulnerability allows low privileged attacker with network access vi...,Apply vendor security patches.,https://nvd.nist.gov/vuln/detail/CVE-2026-70787
IN-VULN-2026-0543,18-08-2026,CVE-2026-70790,General Enterprise Technology,General Enterprise / Indian Attack Surface,CWE-284,CVSS v3.1: 7.4 — High,Theoretical / no exploitation evidence,Vulnerability in the Oracle Telecommunications Billing Integrator product of Oracle E-Business Suite (component: Internal Operations).  Supported versions that are affected are 12.2.3-12.2.15. Easily exploitable vulnerability allows unauthenticated a...,Apply vendor security patches.,https://nvd.nist.gov/vuln/detail/CVE-2026-70790
IN-VULN-2026-0544,18-08-2026,CVE-2026-70791,General Enterprise Technology,General Enterprise / Indian Attack Surface,CWE-284,CVSS v3.1: 7.6 — High,Theoretical / no exploitation evidence,Vulnerability in the Oracle Transportation Execution product of Oracle E-Business Suite (component: Internal Operations).  Supported versions that are affected are 12.2.3-12.2.15. Easily exploitable vulnerability allows low privileged attacker with n...,Apply vendor security patches.,https://nvd.nist.gov/vuln/detail/CVE-2026-70791
IN-VULN-2026-0545,18-08-2026,CVE-2026-70792,General Enterprise Technology,General Enterprise / Indian Attack Surface,CWE-284,CVSS v3.1: 8.8 — High,Theoretical / no exploitation evidence,Vulnerability in the Oracle Yard Management product of Oracle E-Business Suite (component: Internal Operations).  Supported versions that are affected are 12.2.3-12.2.15. Easily exploitable vulnerability allows low privileged attacker with network ac...,Apply vendor security patches.,https://nvd.nist.gov/vuln/detail/CVE-2026-70792
IN-VULN-2026-0546,18-08-2026,CVE-2026-70795,General Enterprise Technology,General Enterprise / Indian Attack Surface,CWE-284,CVSS v3.1: 8.1 — High,Theoretical / no exploitation evidence,Vulnerability in the Oracle Applications Platform Engineering product of Oracle E-Business Suite (component: Valid Session).  Supported versions that are affected are 12.2.3-12.2.15. Difficult to exploit vulnerability allows unauthenticated attacker ...,Apply vendor security patches.,https://nvd.nist.gov/vuln/detail/CVE-2026-70795
IN-VULN-2026-0547,18-08-2026,CVE-2026-70796,General Enterprise Technology,General Enterprise / Indian Attack Surface,CWE-284,CVSS v3.1: 7.2 — High,Theoretical / no exploitation evidence,Vulnerability in the Oracle General Ledger product of Oracle E-Business Suite (component: Internal Operations).  Supported versions that are affected are 12.2.3-12.2.15. Difficult to exploit vulnerability allows high privileged attacker with logon to...,Apply vendor security patches.,https://nvd.nist.gov/vuln/detail/CVE-2026-70796
IN-VULN-2026-0548,18-08-2026,CVE-2026-70797,General Enterprise Technology,General Enterprise / Indian Attack Surface,CWE-284,CVSS v3.1: 7.2 — High,Theoretical / no exploitation evidence,Vulnerability in the Oracle Purchasing product of Oracle E-Business Suite (component: Internal Operations).  Supported versions that are affected are 12.2.3-12.2.15. Easily exploitable vulnerability allows high privileged attacker with network access...,Apply vendor security patches.,https://nvd.nist.gov/vuln/detail/CVE-2026-70797
IN-VULN-2026-0549,18-08-2026,CVE-2026-70798,General Enterprise Technology,General Enterprise / Indian Attack Surface,CWE-284,CVSS v3.1: 7.8 — High,Theoretical / no exploitation evidence,Vulnerability in the Oracle Purchasing product of Oracle E-Business Suite (component: Internal Operations).  Supported versions that are affected are 12.2.3-12.2.15. Easily exploitable vulnerability allows low privileged attacker with logon to the in...,Apply vendor security patches.,https://nvd.nist.gov/vuln/detail/CVE-2026-70798
IN-VULN-2026-0550,18-08-2026,CVE-2026-70799,General Enterprise Technology,General Enterprise / Indian Attack Surface,CWE-284,CVSS v3.1: 7.5 — High,Theoretical / no exploitation evidence,Vulnerability in the Oracle SDP Number Portability product of Oracle E-Business Suite (component: Internal Operations).  Supported versions that are affected are 12.2.3-12.2.15. Easily exploitable vulnerability allows unauthenticated attacker with ne...,Apply vendor security patches.,https://nvd.nist.gov/vuln/detail/CVE-2026-70799
IN-VULN-2026-0551,18-08-2026,CVE-2026-70800,General Enterprise Technology,General Enterprise / Indian Attack Surface,CWE-284,CVSS v3.1: 7.3 — High,Theoretical / no exploitation evidence,Vulnerability in the Oracle SDP Number Portability product of Oracle E-Business Suite (component: Internal Operations).  Supported versions that are affected are 12.2.3-12.2.15. Easily exploitable vulnerability allows high privileged attacker with lo...,Apply vendor security patches.,https://nvd.nist.gov/vuln/detail/CVE-2026-70800
IN-VULN-2026-0552,18-08-2026,CVE-2026-70801,General Enterprise Technology,General Enterprise / Indian Attack Surface,CWE-284,CVSS v3.1: 7.1 — High,Theoretical / no exploitation evidence,Vulnerability in the Oracle Flow Manufacturing product of Oracle E-Business Suite (component: Internal Operations).  Supported versions that are affected are 12.2.3-12.2.15. Easily exploitable vulnerability allows low privileged attacker with network...,Apply vendor security patches.,https://nvd.nist.gov/vuln/detail/CVE-2026-70801
IN-VULN-2026-0553,18-08-2026,CVE-2026-70802,General Enterprise Technology,General Enterprise / Indian Attack Surface,CWE-284,CVSS v3.1: 8.0 — High,Theoretical / no exploitation evidence,Vulnerability in the Oracle Public Sector Human Resources product of Oracle E-Business Suite (component: Regression Testing).  Supported versions that are affected are 12.2.3-12.2.15. Difficult to exploit vulnerability allows high privileged attacker...,Apply vendor security patches.,https://nvd.nist.gov/vuln/detail/CVE-2026-70802
IN-VULN-2026-0554,18-08-2026,CVE-2026-70803,General Enterprise Technology,General Enterprise / Indian Attack Surface,CWE-284,CVSS v3.1: 7.6 — High,Theoretical / no exploitation evidence,Vulnerability in the Oracle General Ledger product of Oracle E-Business Suite (component: Internal Operations).  Supported versions that are affected are 12.2.3-12.2.15. Easily exploitable vulnerability allows low privileged attacker with network acc...,Apply vendor security patches.,https://nvd.nist.gov/vuln/detail/CVE-2026-70803
IN-VULN-2026-0555,18-08-2026,CVE-2026-70804,General Enterprise Technology,General Enterprise / Indian Attack Surface,CWE-284,CVSS v3.1: 7.7 — High,Theoretical / no exploitation evidence,Vulnerability in the Oracle Public Sector Human Resources product of Oracle E-Business Suite (component: Regression Testing).  Supported versions that are affected are 12.2.3-12.2.15. Difficult to exploit vulnerability allows high privileged attacker...,Apply vendor security patches.,https://nvd.nist.gov/vuln/detail/CVE-2026-70804
IN-VULN-2026-0556,18-08-2026,CVE-2026-70805,General Enterprise Technology,General Enterprise / Indian Attack Surface,CWE-306,CVSS v3.1: 8.1 — High,Theoretical / no exploitation evidence,Vulnerability in the Oracle Project Planning and Control product of Oracle E-Business Suite (component: Change Management).  Supported versions that are affected are 12.2.3-12.2.15. Easily exploitable vulnerability allows low privileged attacker with...,Apply vendor security patches.,https://nvd.nist.gov/vuln/detail/CVE-2026-70805
IN-VULN-2026-0557,18-08-2026,CVE-2026-70806,General Enterprise Technology,General Enterprise / Indian Attack Surface,CWE-306,CVSS v3.1: 7.1 — High,Theoretical / no exploitation evidence,Vulnerability in the Oracle E-Business Tax product of Oracle E-Business Suite (component: Internal Operations).  Supported versions that are affected are 12.2.3-12.2.15. Easily exploitable vulnerability allows low privileged attacker with logon to th...,Apply vendor security patches.,https://nvd.nist.gov/vuln/detail/CVE-2026-70806
IN-VULN-2026-0558,18-08-2026,CVE-2026-70807,General Enterprise Technology,General Enterprise / Indian Attack Surface,CWE-284,CVSS v3.1: 8.5 — High,Theoretical / no exploitation evidence,Vulnerability in the Oracle Call Center Technology product of Oracle E-Business Suite (component: Internal Operations).  Supported versions that are affected are 12.2.3-12.2.15. Easily exploitable vulnerability allows low privileged attacker with net...,Apply vendor security patches.,https://nvd.nist.gov/vuln/detail/CVE-2026-70807
IN-VULN-2026-0559,18-08-2026,CVE-2026-70808,General Enterprise Technology,General Enterprise / Indian Attack Surface,CWE-284,CVSS v3.1: 7.1 — High,Theoretical / no exploitation evidence,Vulnerability in the Oracle Scripting product of Oracle E-Business Suite (component: Internal Operations).  Supported versions that are affected are 12.2.3-12.2.15. Easily exploitable vulnerability allows low privileged attacker with network access v...,Apply vendor security patches.,https://nvd.nist.gov/vuln/detail/CVE-2026-70808
IN-VULN-2026-0560,18-08-2026,CVE-2026-70809,General Enterprise Technology,General Enterprise / Indian Attack Surface,CWE-284,CVSS v3.1: 7.1 — High,Theoretical / no exploitation evidence,Vulnerability in the Oracle Scripting product of Oracle E-Business Suite (component: Internal Operations).  Supported versions that are affected are 12.2.3-12.2.15. Difficult to exploit vulnerability allows low privileged attacker with network access...,Apply vendor security patches.,https://nvd.nist.gov/vuln/detail/CVE-2026-70809
IN-VULN-2026-0561,18-08-2026,CVE-2026-70810,General Enterprise Technology,General Enterprise / Indian Attack Surface,CWE-284,CVSS v3.1: 7.5 — High,Theoretical / no exploitation evidence,Vulnerability in the Oracle Scripting product of Oracle E-Business Suite (component: Internal Operations).  Supported versions that are affected are 12.2.3-12.2.15. Easily exploitable vulnerability allows unauthenticated attacker with network access ...,Apply vendor security patches.,https://nvd.nist.gov/vuln/detail/CVE-2026-70810
IN-VULN-2026-0562,18-08-2026,CVE-2026-70811,General Enterprise Technology,General Enterprise / Indian Attack Surface,CWE-284,CVSS v3.1: 8.1 — High,Theoretical / no exploitation evidence,Vulnerability in the Oracle Purchasing product of Oracle E-Business Suite (component: Internal Operations).  Supported versions that are affected are 12.2.5-12.2.15. Easily exploitable vulnerability allows low privileged attacker with network access ...,Apply vendor security patches.,https://nvd.nist.gov/vuln/detail/CVE-2026-70811
IN-VULN-2026-0563,18-08-2026,CVE-2026-70812,General Enterprise Technology,General Enterprise / Indian Attack Surface,CWE-284,CVSS v3.1: 8.8 — High,Theoretical / no exploitation evidence,Vulnerability in the Oracle Call Center Technology product of Oracle E-Business Suite (component: Internal Operations).  Supported versions that are affected are 12.2.3-12.2.15. Easily exploitable vulnerability allows low privileged attacker with net...,Apply vendor security patches.,https://nvd.nist.gov/vuln/detail/CVE-2026-70812
IN-VULN-2026-0564,18-08-2026,CVE-2026-70813,General Enterprise Technology,General Enterprise / Indian Attack Surface,CWE-284,CVSS v3.1: 8.8 — High,Theoretical / no exploitation evidence,Vulnerability in the Oracle Call Center Technology product of Oracle E-Business Suite (component: Internal Operations).  Supported versions that are affected are 12.2.3-12.2.15. Easily exploitable vulnerability allows low privileged attacker with net...,Apply vendor security patches.,https://nvd.nist.gov/vuln/detail/CVE-2026-70813
IN-VULN-2026-0565,18-08-2026,CVE-2026-70814,General Enterprise Technology,General Enterprise / Indian Attack Surface,CWE-284,CVSS v3.1: 8.1 — High,Theoretical / no exploitation evidence,Vulnerability in the Oracle Call Center Technology product of Oracle E-Business Suite (component: Internal Operations).  Supported versions that are affected are 12.2.3-12.2.15. Difficult to exploit vulnerability allows unauthenticated attacker with ...,Apply vendor security patches.,https://nvd.nist.gov/vuln/detail/CVE-2026-70814
IN-VULN-2026-0566,18-08-2026,CVE-2026-70815,General Enterprise Technology,General Enterprise / Indian Attack Surface,CWE-284,CVSS v3.1: 8.1 — High,Theoretical / no exploitation evidence,Vulnerability in the Oracle Internet Procurement Connector product of Oracle E-Business Suite (component: Internal Operations).  Supported versions that are affected are 12.2.3-12.2.15. Easily exploitable vulnerability allows low privileged attacker ...,Apply vendor security patches.,https://nvd.nist.gov/vuln/detail/CVE-2026-70815
IN-VULN-2026-0567,18-08-2026,CVE-2026-70816,General Enterprise Technology,General Enterprise / Indian Attack Surface,CWE-284,CVSS v3.1: 7.1 — High,Theoretical / no exploitation evidence,Vulnerability in the Oracle Financials for EMEA product of Oracle E-Business Suite (component: Internal Operations).  Supported versions that are affected are 12.2.3-12.2.15. Easily exploitable vulnerability allows low privileged attacker with networ...,Apply vendor security patches.,https://nvd.nist.gov/vuln/detail/CVE-2026-70816
IN-VULN-2026-0568,18-08-2026,CVE-2026-70817,General Enterprise Technology,General Enterprise / Indian Attack Surface,CWE-269,CVSS v3.1: 9.8 — Critical,Theoretical / no exploitation evidence,Vulnerability in the Oracle Hyperion Financial Management product of Oracle Hyperion (component: Security).   The supported version that is affected is 11.2.25.0.000. Easily exploitable vulnerability allows unauthenticated attacker with network acces...,Apply vendor security patches.,https://nvd.nist.gov/vuln/detail/CVE-2026-70817
IN-VULN-2026-0569,18-08-2026,CVE-2026-70818,General Enterprise Technology,General Enterprise / Indian Attack Surface,CWE-269,CVSS v3.1: 8.8 — High,Theoretical / no exploitation evidence,Vulnerability in the Oracle Hyperion Financial Management product of Oracle Hyperion (component: Security).   The supported version that is affected is 11.2.25.0.000. Easily exploitable vulnerability allows low privileged attacker with network access...,Apply vendor security patches.,https://nvd.nist.gov/vuln/detail/CVE-2026-70818
IN-VULN-2026-0570,18-08-2026,CVE-2026-70819,General Enterprise Technology,General Enterprise / Indian Attack Surface,CWE-269,CVSS v3.1: 8.8 — High,Theoretical / no exploitation evidence,Vulnerability in the Oracle Hyperion Financial Management product of Oracle Hyperion (component: Security).   The supported version that is affected is 11.2.25.0.000. Easily exploitable vulnerability allows low privileged attacker with network access...,Apply vendor security patches.,https://nvd.nist.gov/vuln/detail/CVE-2026-70819
IN-VULN-2026-0571,18-08-2026,CVE-2026-70820,General Enterprise Technology,General Enterprise / Indian Attack Surface,CWE-284,CVSS v3.1: 7.2 — High,Theoretical / no exploitation evidence,Vulnerability in the Oracle Call Center Technology product of Oracle E-Business Suite (component: Internal Operations).  Supported versions that are affected are 12.2.3-12.2.15. Easily exploitable vulnerability allows high privileged attacker with ne...,Apply vendor security patches.,https://nvd.nist.gov/vuln/detail/CVE-2026-70820
IN-VULN-2026-0572,18-08-2026,CVE-2026-70821,General Enterprise Technology,General Enterprise / Indian Attack Surface,CWE-269,CVSS v3.1: 8.8 — High,Theoretical / no exploitation evidence,Vulnerability in the Oracle Hyperion Financial Management product of Oracle Hyperion (component: Security).   The supported version that is affected is 11.2.25.0.000. Easily exploitable vulnerability allows low privileged attacker with network access...,Apply vendor security patches.,https://nvd.nist.gov/vuln/detail/CVE-2026-70821
IN-VULN-2026-0573,18-08-2026,CVE-2026-70822,General Enterprise Technology,General Enterprise / Indian Attack Surface,CWE-269,CVSS v3.1: 7.5 — High,Theoretical / no exploitation evidence,Vulnerability in the Oracle Hyperion Financial Management product of Oracle Hyperion (component: Security).   The supported version that is affected is 11.2.25.0.000. Easily exploitable vulnerability allows unauthenticated attacker with network acces...,Apply vendor security patches.,https://nvd.nist.gov/vuln/detail/CVE-2026-70822
IN-VULN-2026-0574,18-08-2026,CVE-2026-70823,General Enterprise Technology,General Enterprise / Indian Attack Surface,CWE-269,CVSS v3.1: 7.4 — High,Theoretical / no exploitation evidence,Vulnerability in the Oracle Hyperion Financial Management product of Oracle Hyperion (component: Security).   The supported version that is affected is 11.2.25.0.000. Difficult to exploit vulnerability allows unauthenticated attacker with network acc...,Apply vendor security patches.,https://nvd.nist.gov/vuln/detail/CVE-2026-70823
IN-VULN-2026-0575,18-08-2026,CVE-2026-70827,General Enterprise Technology,General Enterprise / Indian Attack Surface,CWE-284,CVSS v3.1: 7.7 — High,Theoretical / no exploitation evidence,Vulnerability in the Oracle MES for Process Manufacturing product of Oracle E-Business Suite (component: Internal Operations).  Supported versions that are affected are 12.2.3-12.2.15. Easily exploitable vulnerability allows low privileged attacker w...,Apply vendor security patches.,https://nvd.nist.gov/vuln/detail/CVE-2026-70827
IN-VULN-2026-0576,18-08-2026,CVE-2026-70828,General Enterprise Technology,General Enterprise / Indian Attack Surface,CWE-269,CVSS v3.1: 7.7 — High,Theoretical / no exploitation evidence,Vulnerability in the Oracle Hyperion Financial Management product of Oracle Hyperion (component: Security).   The supported version that is affected is 11.2.25.0.000. Easily exploitable vulnerability allows low privileged attacker with network access...,Apply vendor security patches.,https://nvd.nist.gov/vuln/detail/CVE-2026-70828
IN-VULN-2026-0577,18-08-2026,CVE-2026-70829,General Enterprise Technology,General Enterprise / Indian Attack Surface,CWE-284,CVSS v3.1: 7.5 — High,Theoretical / no exploitation evidence,Vulnerability in the Oracle Process Manufacturing Systems product of Oracle E-Business Suite (component: Internal Operations).  Supported versions that are affected are 12.2.3-12.2.15. Difficult to exploit vulnerability allows low privileged attacker...,Apply vendor security patches.,https://nvd.nist.gov/vuln/detail/CVE-2026-70829
IN-VULN-2026-0578,18-08-2026,CVE-2026-70830,General Enterprise Technology,General Enterprise / Indian Attack Surface,CWE-284,CVSS v3.1: 8.1 — High,Theoretical / no exploitation evidence,Vulnerability in the Oracle Process Manufacturing Systems product of Oracle E-Business Suite (component: Internal Operations).  Supported versions that are affected are 12.2.3-12.2.15. Easily exploitable vulnerability allows low privileged attacker w...,Apply vendor security patches.,https://nvd.nist.gov/vuln/detail/CVE-2026-70830
IN-VULN-2026-0579,18-08-2026,CVE-2026-70832,General Enterprise Technology,General Enterprise / Indian Attack Surface,CWE-269,CVSS v3.1: 7.5 — High,Theoretical / no exploitation evidence,Vulnerability in the Oracle Hyperion Financial Management product of Oracle Hyperion (component: Security).   The supported version that is affected is 11.2.25.0.000. Easily exploitable vulnerability allows unauthenticated attacker with network acces...,Apply vendor security patches.,https://nvd.nist.gov/vuln/detail/CVE-2026-70832
IN-VULN-2026-0580,18-08-2026,CVE-2026-70833,General Enterprise Technology,General Enterprise / Indian Attack Surface,CWE-284,CVSS v3.1: 7.1 — High,Theoretical / no exploitation evidence,Vulnerability in the Oracle Landed Cost Management product of Oracle E-Business Suite (component: Internal Operations).  Supported versions that are affected are 12.2.3-12.2.15. Easily exploitable vulnerability allows low privileged attacker with net...,Apply vendor security patches.,https://nvd.nist.gov/vuln/detail/CVE-2026-70833
IN-VULN-2026-0581,18-08-2026,CVE-2026-70834,General Enterprise Technology,General Enterprise / Indian Attack Surface,CWE-269,CVSS v3.1: 7.2 — High,Theoretical / no exploitation evidence,Vulnerability in the Oracle Hyperion Financial Management product of Oracle Hyperion (component: Security).   The supported version that is affected is 11.2.25.0.000. Easily exploitable vulnerability allows high privileged attacker with network acces...,Apply vendor security patches.,https://nvd.nist.gov/vuln/detail/CVE-2026-70834
IN-VULN-2026-0582,18-08-2026,CVE-2026-70835,General Enterprise Technology,General Enterprise / Indian Attack Surface,CWE-284,CVSS v3.1: 8.1 — High,Theoretical / no exploitation evidence,Vulnerability in the Oracle iRecruitment product of Oracle E-Business Suite (component: Internal Operations).  Supported versions that are affected are 12.2.3-12.2.15. Easily exploitable vulnerability allows low privileged attacker with network acces...,Apply vendor security patches.,https://nvd.nist.gov/vuln/detail/CVE-2026-70835
IN-VULN-2026-0583,18-08-2026,CVE-2026-70837,General Enterprise Technology,General Enterprise / Indian Attack Surface,CWE-284,CVSS v3.1: 7.1 — High,Theoretical / no exploitation evidence,Vulnerability in the Oracle Financials for Asia/Pacific product of Oracle E-Business Suite (component: Internal Operations).  Supported versions that are affected are 12.2.3-12.2.15. Easily exploitable vulnerability allows low privileged attacker wit...,Apply vendor security patches.,https://nvd.nist.gov/vuln/detail/CVE-2026-70837
IN-VULN-2026-0584,18-08-2026,CVE-2026-70839,General Enterprise Technology,General Enterprise / Indian Attack Surface,CWE-284,CVSS v3.1: 7.1 — High,Theoretical / no exploitation evidence,Vulnerability in the Oracle Financials for EMEA product of Oracle E-Business Suite (component: Internal Operations).  Supported versions that are affected are 12.2.3-12.2.15. Easily exploitable vulnerability allows low privileged attacker with networ...,Apply vendor security patches.,https://nvd.nist.gov/vuln/detail/CVE-2026-70839
IN-VULN-2026-0585,18-08-2026,CVE-2026-70840,General Enterprise Technology,General Enterprise / Indian Attack Surface,CWE-269,CVSS v3.1: 8.4 — High,Theoretical / no exploitation evidence,Vulnerability in the Oracle Hyperion Financial Management product of Oracle Hyperion (component: Security).   The supported version that is affected is 11.2.25.0.000. Easily exploitable vulnerability allows low privileged attacker with logon to the i...,Apply vendor security patches.,https://nvd.nist.gov/vuln/detail/CVE-2026-70840
IN-VULN-2026-0586,18-08-2026,CVE-2026-70842,General Enterprise Technology,General Enterprise / Indian Attack Surface,CWE-269,CVSS v3.1: 8.4 — High,Theoretical / no exploitation evidence,Vulnerability in the Oracle Hyperion Financial Management product of Oracle Hyperion (component: Security).   The supported version that is affected is 11.2.25.0.000. Easily exploitable vulnerability allows low privileged attacker with logon to the i...,Apply vendor security patches.,https://nvd.nist.gov/vuln/detail/CVE-2026-70842
IN-VULN-2026-0587,18-08-2026,CVE-2026-70844,General Enterprise Technology,General Enterprise / Indian Attack Surface,CWE-284,CVSS v3.1: 7.1 — High,Theoretical / no exploitation evidence,Vulnerability in the Oracle Loans product of Oracle E-Business Suite (component: Internal Operations).  Supported versions that are affected are 12.2.3-12.2.15. Easily exploitable vulnerability allows low privileged attacker with network access via H...,Apply vendor security patches.,https://nvd.nist.gov/vuln/detail/CVE-2026-70844
IN-VULN-2026-0588,18-08-2026,CVE-2026-70845,General Enterprise Technology,General Enterprise / Indian Attack Surface,CWE-284,CVSS v3.1: 7.1 — High,Theoretical / no exploitation evidence,Vulnerability in the Oracle Loans product of Oracle E-Business Suite (component: Internal Operations).  Supported versions that are affected are 12.2.3-12.2.15. Easily exploitable vulnerability allows low privileged attacker with network access via H...,Apply vendor security patches.,https://nvd.nist.gov/vuln/detail/CVE-2026-70845
IN-VULN-2026-0589,18-08-2026,CVE-2026-70846,General Enterprise Technology,General Enterprise / Indian Attack Surface,CWE-284,CVSS v3.1: 9.6 — Critical,Theoretical / no exploitation evidence,Vulnerability in the Oracle Demand Planning product of Oracle Supply Chain (component: Internal Operations).  Supported versions that are affected are 12.1 and  12.2. Easily exploitable vulnerability allows low privileged attacker with network access...,Apply vendor security patches.,https://nvd.nist.gov/vuln/detail/CVE-2026-70846
IN-VULN-2026-0590,18-08-2026,CVE-2026-70852,General Enterprise Technology,General Enterprise / Indian Attack Surface,CWE-284,CVSS v3.1: 8.2 — High,Theoretical / no exploitation evidence,Vulnerability in the Oracle Demand Planning product of Oracle Supply Chain (component: Internal Operations).  Supported versions that are affected are 12.1 and  12.2. Easily exploitable vulnerability allows unauthenticated attacker with network acces...,Apply vendor security patches.,https://nvd.nist.gov/vuln/detail/CVE-2026-70852
IN-VULN-2026-0591,18-08-2026,CVE-2026-70854,General Enterprise Technology,General Enterprise / Indian Attack Surface,CWE-284,CVSS v3.1: 9.1 — Critical,Theoretical / no exploitation evidence,Vulnerability in the Oracle Hyperion Financial Management product of Oracle Hyperion (component: Security).   The supported version that is affected is 11.2.25.0.000. Easily exploitable vulnerability allows unauthenticated attacker with network acces...,Apply vendor security patches.,https://nvd.nist.gov/vuln/detail/CVE-2026-70854
IN-VULN-2026-0592,18-08-2026,CVE-2026-70855,General Enterprise Technology,General Enterprise / Indian Attack Surface,CWE-284,CVSS v3.1: 9.3 — Critical,Theoretical / no exploitation evidence,Vulnerability in the Siebel Apps - Self Service product of Oracle Siebel CRM (component: Helpdesk/Training).  Supported versions that are affected are 17.0-26.6. Easily exploitable vulnerability allows unauthenticated attacker with network access via...,Apply vendor security patches.,https://nvd.nist.gov/vuln/detail/CVE-2026-70855
IN-VULN-2026-0593,18-08-2026,CVE-2026-70856,General Enterprise Technology,General Enterprise / Indian Attack Surface,CWE-284,CVSS v3.1: 7.5 — High,Theoretical / no exploitation evidence,Vulnerability in the Siebel CRM Deployment product of Oracle Siebel CRM (component: Migration).  Supported versions that are affected are 17.0-26.6. Difficult to exploit vulnerability allows unauthenticated attacker with network access via HTTP to co...,Apply vendor security patches.,https://nvd.nist.gov/vuln/detail/CVE-2026-70856
IN-VULN-2026-0594,18-08-2026,CVE-2026-70857,General Enterprise Technology,General Enterprise / Indian Attack Surface,CWE-284,CVSS v3.1: 7.7 — High,Theoretical / no exploitation evidence,Vulnerability in the Siebel CRM End User product of Oracle Siebel CRM (component: Open UI).  Supported versions that are affected are 17.0-26.6. Difficult to exploit vulnerability allows low privileged attacker with network access via HTTPS to compro...,Apply vendor security patches.,https://nvd.nist.gov/vuln/detail/CVE-2026-70857
IN-VULN-2026-0595,18-08-2026,CVE-2026-70858,General Enterprise Technology,General Enterprise / Indian Attack Surface,CWE-284,CVSS v3.1: 7.1 — High,Theoretical / no exploitation evidence,Vulnerability in the Oracle WebCenter Content product of Oracle Fusion Middleware (component: Content Server).  Supported versions that are affected are 12.2.1.4.0 and  14.1.2.0.0. Easily exploitable vulnerability allows unauthenticated attacker with...,Apply vendor security patches.,https://nvd.nist.gov/vuln/detail/CVE-2026-70858
IN-VULN-2026-0596,18-08-2026,CVE-2026-70859,General Enterprise Technology,General Enterprise / Indian Attack Surface,CWE-284,CVSS v3.1: 8.5 — High,Theoretical / no exploitation evidence,Vulnerability in the Siebel CRM Integration product of Oracle Siebel CRM (component: REST).  Supported versions that are affected are 17.0-26.6. Difficult to exploit vulnerability allows low privileged attacker with network access via HTTP to comprom...,Apply vendor security patches.,https://nvd.nist.gov/vuln/detail/CVE-2026-70859
IN-VULN-2026-0597,18-08-2026,CVE-2026-70861,General Enterprise Technology,General Enterprise / Indian Attack Surface,CWE-284,CVSS v3.1: 7.2 — High,Theoretical / no exploitation evidence,Vulnerability in the PeopleSoft Enterprise FIN Common Objects Brazil product of Oracle PeopleSoft (component: Common Objects).   The supported version that is affected is 9.1. Easily exploitable vulnerability allows high privileged attacker with netw...,Apply vendor security patches.,https://nvd.nist.gov/vuln/detail/CVE-2026-70861
IN-VULN-2026-0598,18-08-2026,CVE-2026-70862,General Enterprise Technology,General Enterprise / Indian Attack Surface,CWE-284,CVSS v3.1: 9.1 — Critical,Theoretical / no exploitation evidence,Vulnerability in Oracle Application Testing Suite.   The supported version that is affected is 13.3.0.1. Easily exploitable vulnerability allows unauthenticated attacker with network access via HTTP to compromise Oracle Application Testing Suite.  Su...,Apply vendor security patches.,https://nvd.nist.gov/vuln/detail/CVE-2026-70862
IN-VULN-2026-0599,18-08-2026,CVE-2026-70863,General Enterprise Technology,General Enterprise / Indian Attack Surface,CWE-284,CVSS v3.1: 8.8 — High,Theoretical / no exploitation evidence,Vulnerability in Oracle Application Testing Suite.   The supported version that is affected is 13.3.0.1. Easily exploitable vulnerability allows low privileged attacker having Load Testing for Web Apps privilege with network access via HTTPS to compr...,Apply vendor security patches.,https://nvd.nist.gov/vuln/detail/CVE-2026-70863
IN-VULN-2026-0600,18-08-2026,CVE-2026-70864,General Enterprise Technology,General Enterprise / Indian Attack Surface,CWE-284,CVSS v3.1: 7.6 — High,Theoretical / no exploitation evidence,Vulnerability in Oracle Application Testing Suite.   The supported version that is affected is 13.3.0.1. Easily exploitable vulnerability allows low privileged attacker having Load Testing for Web Apps privilege with network access via HTTP to compro...,Apply vendor security patches.,https://nvd.nist.gov/vuln/detail/CVE-2026-70864
IN-VULN-2026-0601,18-08-2026,CVE-2026-70865,General Enterprise Technology,General Enterprise / Indian Attack Surface,CWE-284,CVSS v3.1: 7.5 — High,Theoretical / no exploitation evidence,Vulnerability in Oracle Application Testing Suite.   The supported version that is affected is 13.3.0.1. Difficult to exploit vulnerability allows low privileged attacker having Load Testing for Web Apps privilege with network access via HTTPS to com...,Apply vendor security patches.,https://nvd.nist.gov/vuln/detail/CVE-2026-70865
IN-VULN-2026-0602,18-08-2026,CVE-2026-70866,General Enterprise Technology,General Enterprise / Indian Attack Surface,CWE-284,CVSS v3.1: 7.8 — High,Theoretical / no exploitation evidence,Vulnerability in Oracle Application Testing Suite.   The supported version that is affected is 13.3.0.1. Easily exploitable vulnerability allows low privileged attacker having Load Testing for Web Apps privilege with logon to the infrastructure where...,Apply vendor security patches.,https://nvd.nist.gov/vuln/detail/CVE-2026-70866
IN-VULN-2026-0603,18-08-2026,CVE-2026-70867,General Enterprise Technology,General Enterprise / Indian Attack Surface,CWE-284,CVSS v3.1: 7.1 — High,Theoretical / no exploitation evidence,Vulnerability in Oracle Application Testing Suite.   The supported version that is affected is 13.3.0.1. Easily exploitable vulnerability allows unauthenticated attacker with access to the physical communication segment attached to the hardware where...,Apply vendor security patches.,https://nvd.nist.gov/vuln/detail/CVE-2026-70867
IN-VULN-2026-0604,18-08-2026,CVE-2026-70868,General Enterprise Technology,General Enterprise / Indian Attack Surface,CWE-284,CVSS v3.1: 8.1 — High,Theoretical / no exploitation evidence,Vulnerability in Oracle Application Testing Suite.   The supported version that is affected is 13.3.0.1. Difficult to exploit vulnerability allows unauthenticated attacker with network access via HTTP to compromise Oracle Application Testing Suite.  ...,Apply vendor security patches.,https://nvd.nist.gov/vuln/detail/CVE-2026-70868
IN-VULN-2026-0605,18-08-2026,CVE-2026-70870,General Enterprise Technology,General Enterprise / Indian Attack Surface,CWE-284,CVSS v3.1: 8.2 — High,Theoretical / no exploitation evidence,Vulnerability in the Oracle Hyperion Data Relationship Management product of Oracle Hyperion (component: Web Client - Unicode).   The supported version that is affected is 11.2.23.0.000. Easily exploitable vulnerability allows unauthenticated attacke...,Apply vendor security patches.,https://nvd.nist.gov/vuln/detail/CVE-2026-70870
IN-VULN-2026-0606,18-08-2026,CVE-2026-70871,General Enterprise Technology,General Enterprise / Indian Attack Surface,CWE-284,CVSS v3.1: 9.8 — Critical,Theoretical / no exploitation evidence,Vulnerability in the Oracle Hyperion Data Relationship Management product of Oracle Hyperion (component: Access and security).   The supported version that is affected is 11.2.25.0.000. Easily exploitable vulnerability allows unauthenticated attacker...,Apply vendor security patches.,https://nvd.nist.gov/vuln/detail/CVE-2026-70871
IN-VULN-2026-0607,18-08-2026,CVE-2026-70872,General Enterprise Technology,General Enterprise / Indian Attack Surface,CWE-284,CVSS v3.1: 9.1 — Critical,Theoretical / no exploitation evidence,Vulnerability in the Oracle Hyperion Data Relationship Management product of Oracle Hyperion (component: Access and security).   The supported version that is affected is 11.2.25.0.000. Easily exploitable vulnerability allows unauthenticated attacker...,Apply vendor security patches.,https://nvd.nist.gov/vuln/detail/CVE-2026-70872
IN-VULN-2026-0608,18-08-2026,CVE-2026-70873,General Enterprise Technology,General Enterprise / Indian Attack Surface,CWE-284,CVSS v3.1: 9.8 — Critical,Theoretical / no exploitation evidence,Vulnerability in the Oracle Hyperion Data Relationship Management product of Oracle Hyperion (component: Access and security).   The supported version that is affected is 11.2.25.0.000. Easily exploitable vulnerability allows unauthenticated attacker...,Apply vendor security patches.,https://nvd.nist.gov/vuln/detail/CVE-2026-70873
IN-VULN-2026-0609,18-08-2026,CVE-2026-70874,General Enterprise Technology,General Enterprise / Indian Attack Surface,CWE-284,CVSS v3.1: 8.8 — High,Theoretical / no exploitation evidence,Vulnerability in the Oracle Hyperion Data Relationship Management product of Oracle Hyperion (component: Access and security).   The supported version that is affected is 11.2.25.0.000. Easily exploitable vulnerability allows low privileged attacker ...,Apply vendor security patches.,https://nvd.nist.gov/vuln/detail/CVE-2026-70874
IN-VULN-2026-0610,18-08-2026,CVE-2026-70875,General Enterprise Technology,General Enterprise / Indian Attack Surface,CWE-284,CVSS v3.1: 7.5 — High,Theoretical / no exploitation evidence,Vulnerability in the Oracle Hyperion Data Relationship Management product of Oracle Hyperion (component: Access and security).   The supported version that is affected is 11.2.25.0.000. Difficult to exploit vulnerability allows low privileged attacke...,Apply vendor security patches.,https://nvd.nist.gov/vuln/detail/CVE-2026-70875
IN-VULN-2026-0611,18-08-2026,CVE-2026-70876,General Enterprise Technology,General Enterprise / Indian Attack Surface,CWE-284,CVSS v3.1: 9.1 — Critical,Theoretical / no exploitation evidence,Vulnerability in the Oracle Hyperion Data Relationship Management product of Oracle Hyperion (component: Access and security).   The supported version that is affected is 11.2.25.0.000. Easily exploitable vulnerability allows high privileged attacker...,Apply vendor security patches.,https://nvd.nist.gov/vuln/detail/CVE-2026-70876
IN-VULN-2026-0612,18-08-2026,CVE-2026-70877,General Enterprise Technology,General Enterprise / Indian Attack Surface,CWE-284,CVSS v3.1: 8.8 — High,Theoretical / no exploitation evidence,Vulnerability in the Oracle Hyperion Data Relationship Management product of Oracle Hyperion (component: Access and security).   The supported version that is affected is 11.2.25.0.000. Easily exploitable vulnerability allows low privileged attacker ...,Apply vendor security patches.,https://nvd.nist.gov/vuln/detail/CVE-2026-70877
IN-VULN-2026-0613,18-08-2026,CVE-2026-70878,General Enterprise Technology,General Enterprise / Indian Attack Surface,CWE-284,CVSS v3.1: 8.1 — High,Theoretical / no exploitation evidence,Vulnerability in the Oracle Hyperion Data Relationship Management product of Oracle Hyperion (component: Access and security).   The supported version that is affected is 11.2.25.0.000. Easily exploitable vulnerability allows low privileged attacker ...,Apply vendor security patches.,https://nvd.nist.gov/vuln/detail/CVE-2026-70878
IN-VULN-2026-0614,18-08-2026,CVE-2026-70879,General Enterprise Technology,General Enterprise / Indian Attack Surface,NVD-CWE-noinfo,CVSS v3.1: 7.8 — High,Theoretical / no exploitation evidence,Vulnerability in the Oracle Hyperion Data Relationship Management product of Oracle Hyperion (component: Access and security).   The supported version that is affected is 11.2.25.0.000. Difficult to exploit vulnerability allows low privileged attacke...,Apply vendor security patches.,https://nvd.nist.gov/vuln/detail/CVE-2026-70879
IN-VULN-2026-0615,18-08-2026,CVE-2026-70880,General Enterprise Technology,General Enterprise / Indian Attack Surface,CWE-284,CVSS v3.1: 10.0 — Critical,Theoretical / no exploitation evidence,Vulnerability in the Oracle Hyperion Data Relationship Management product of Oracle Hyperion (component: Access and security).   The supported version that is affected is 11.2.25.0.000. Easily exploitable vulnerability allows unauthenticated attacker...,Apply vendor security patches.,https://nvd.nist.gov/vuln/detail/CVE-2026-70880
IN-VULN-2026-0616,18-08-2026,CVE-2026-70881,General Enterprise Technology,General Enterprise / Indian Attack Surface,CWE-284,CVSS v3.1: 8.1 — High,Theoretical / no exploitation evidence,Vulnerability in the Oracle Hyperion Data Relationship Management product of Oracle Hyperion (component: Access and security).   The supported version that is affected is 11.2.25.0.000. Easily exploitable vulnerability allows low privileged attacker ...,Apply vendor security patches.,https://nvd.nist.gov/vuln/detail/CVE-2026-70881
IN-VULN-2026-0617,18-08-2026,CVE-2026-70882,General Enterprise Technology,General Enterprise / Indian Attack Surface,CWE-284,CVSS v3.1: 8.7 — High,Theoretical / no exploitation evidence,Vulnerability in the Oracle Hyperion Data Relationship Management product of Oracle Hyperion (component: Access and security).   The supported version that is affected is 11.2.25.0.000. Easily exploitable vulnerability allows low privileged attacker ...,Apply vendor security patches.,https://nvd.nist.gov/vuln/detail/CVE-2026-70882
IN-VULN-2026-0618,18-08-2026,CVE-2026-70883,General Enterprise Technology,General Enterprise / Indian Attack Surface,CWE-284,CVSS v3.1: 9.1 — Critical,Theoretical / no exploitation evidence,Vulnerability in the Oracle Hyperion Data Relationship Management product of Oracle Hyperion (component: Access and security).   The supported version that is affected is 11.2.25.0.000. Easily exploitable vulnerability allows unauthenticated attacker...,Apply vendor security patches.,https://nvd.nist.gov/vuln/detail/CVE-2026-70883
IN-VULN-2026-0619,18-08-2026,CVE-2026-70884,General Enterprise Technology,General Enterprise / Indian Attack Surface,CWE-284,CVSS v3.1: 9.1 — Critical,Theoretical / no exploitation evidence,Vulnerability in the Oracle Hyperion Data Relationship Management product of Oracle Hyperion (component: Access and security).   The supported version that is affected is 11.2.25.0.000. Easily exploitable vulnerability allows unauthenticated attacker...,Apply vendor security patches.,https://nvd.nist.gov/vuln/detail/CVE-2026-70884
IN-VULN-2026-0620,18-08-2026,CVE-2026-70885,General Enterprise Technology,General Enterprise / Indian Attack Surface,CWE-284,CVSS v3.1: 8.5 — High,Theoretical / no exploitation evidence,Vulnerability in the Oracle Hyperion Data Relationship Management product of Oracle Hyperion (component: Access and security).   The supported version that is affected is 11.2.25.0.000. Difficult to exploit vulnerability allows low privileged attacke...,Apply vendor security patches.,https://nvd.nist.gov/vuln/detail/CVE-2026-70885
IN-VULN-2026-0621,18-08-2026,CVE-2026-70886,General Enterprise Technology,General Enterprise / Indian Attack Surface,CWE-284,CVSS v3.1: 8.8 — High,Theoretical / no exploitation evidence,Vulnerability in the Oracle Hyperion Data Relationship Management product of Oracle Hyperion (component: Access and security).   The supported version that is affected is 11.2.25.0.000. Easily exploitable vulnerability allows low privileged attacker ...,Apply vendor security patches.,https://nvd.nist.gov/vuln/detail/CVE-2026-70886
IN-VULN-2026-0622,18-08-2026,CVE-2026-70887,General Enterprise Technology,General Enterprise / Indian Attack Surface,CWE-284,CVSS v3.1: 8.2 — High,Theoretical / no exploitation evidence,Vulnerability in the Oracle Hyperion Data Relationship Management product of Oracle Hyperion (component: Access and security).   The supported version that is affected is 11.2.25.0.000. Easily exploitable vulnerability allows unauthenticated attacker...,Apply vendor security patches.,https://nvd.nist.gov/vuln/detail/CVE-2026-70887
IN-VULN-2026-0623,18-08-2026,CVE-2026-70889,General Enterprise Technology,General Enterprise / Indian Attack Surface,CWE-284,CVSS v3.1: 7.5 — High,Theoretical / no exploitation evidence,Vulnerability in the Oracle Hyperion Data Relationship Management product of Oracle Hyperion (component: Access and security).   The supported version that is affected is 11.2.25.0.000. Easily exploitable vulnerability allows unauthenticated attacker...,Apply vendor security patches.,https://nvd.nist.gov/vuln/detail/CVE-2026-70889
IN-VULN-2026-0624,18-08-2026,CVE-2026-70890,General Enterprise Technology,General Enterprise / Indian Attack Surface,CWE-284,CVSS v3.1: 7.5 — High,Theoretical / no exploitation evidence,Vulnerability in the Oracle Hyperion Data Relationship Management product of Oracle Hyperion (component: Access and security).   The supported version that is affected is 11.2.25.0.000. Easily exploitable vulnerability allows unauthenticated attacker...,Apply vendor security patches.,https://nvd.nist.gov/vuln/detail/CVE-2026-70890
IN-VULN-2026-0625,18-08-2026,CVE-2026-70891,General Enterprise Technology,General Enterprise / Indian Attack Surface,CWE-284,CVSS v3.1: 7.5 — High,Theoretical / no exploitation evidence,Vulnerability in the Oracle Hyperion Data Relationship Management product of Oracle Hyperion (component: Access and security).   The supported version that is affected is 11.2.25.0.000. Easily exploitable vulnerability allows unauthenticated attacker...,Apply vendor security patches.,https://nvd.nist.gov/vuln/detail/CVE-2026-70891
IN-VULN-2026-0626,18-08-2026,CVE-2026-70892,General Enterprise Technology,General Enterprise / Indian Attack Surface,CWE-284,CVSS v3.1: 8.2 — High,Theoretical / no exploitation evidence,Vulnerability in the Oracle Hyperion Data Relationship Management product of Oracle Hyperion (component: Access and security).   The supported version that is affected is 11.2.25.0.000. Difficult to exploit vulnerability allows low privileged attacke...,Apply vendor security patches.,https://nvd.nist.gov/vuln/detail/CVE-2026-70892
IN-VULN-2026-0627,18-08-2026,CVE-2026-70893,General Enterprise Technology,General Enterprise / Indian Attack Surface,CWE-284,CVSS v3.1: 8.2 — High,Theoretical / no exploitation evidence,Vulnerability in the Oracle Hyperion Data Relationship Management product of Oracle Hyperion (component: Access and security).   The supported version that is affected is 11.2.25.0.000. Difficult to exploit vulnerability allows low privileged attacke...,Apply vendor security patches.,https://nvd.nist.gov/vuln/detail/CVE-2026-70893
IN-VULN-2026-0628,18-08-2026,CVE-2026-70894,General Enterprise Technology,General Enterprise / Indian Attack Surface,CWE-284,CVSS v3.1: 7.7 — High,Theoretical / no exploitation evidence,Vulnerability in the Oracle Hyperion Data Relationship Management product of Oracle Hyperion (component: Access and security).   The supported version that is affected is 11.2.25.0.000. Easily exploitable vulnerability allows unauthenticated attacker...,Apply vendor security patches.,https://nvd.nist.gov/vuln/detail/CVE-2026-70894
IN-VULN-2026-0629,18-08-2026,CVE-2026-70896,General Enterprise Technology,General Enterprise / Indian Attack Surface,CWE-284,CVSS v3.1: 7.5 — High,Theoretical / no exploitation evidence,Vulnerability in the Oracle Hyperion Data Relationship Management product of Oracle Hyperion (component: Access and security).   The supported version that is affected is 11.2.25.0.000. Easily exploitable vulnerability allows unauthenticated attacker...,Apply vendor security patches.,https://nvd.nist.gov/vuln/detail/CVE-2026-70896
IN-VULN-2026-0630,18-08-2026,CVE-2026-70897,General Enterprise Technology,General Enterprise / Indian Attack Surface,CWE-284,CVSS v3.1: 8.2 — High,Theoretical / no exploitation evidence,Vulnerability in the Oracle Hyperion Data Relationship Management product of Oracle Hyperion (component: Access and security).   The supported version that is affected is 11.2.25.0.000. Easily exploitable vulnerability allows unauthenticated attacker...,Apply vendor security patches.,https://nvd.nist.gov/vuln/detail/CVE-2026-70897
IN-VULN-2026-0631,18-08-2026,CVE-2026-70898,General Enterprise Technology,General Enterprise / Indian Attack Surface,CWE-284,CVSS v3.1: 7.4 — High,Theoretical / no exploitation evidence,Vulnerability in the Oracle Hyperion Data Relationship Management product of Oracle Hyperion (component: Access and security).   The supported version that is affected is 11.2.25.0.000. Difficult to exploit vulnerability allows unauthenticated attack...,Apply vendor security patches.,https://nvd.nist.gov/vuln/detail/CVE-2026-70898
IN-VULN-2026-0632,18-08-2026,CVE-2026-70899,General Enterprise Technology,General Enterprise / Indian Attack Surface,CWE-284,CVSS v3.1: 8.8 — High,Theoretical / no exploitation evidence,Vulnerability in the Oracle Hyperion Data Relationship Management product of Oracle Hyperion (component: Access and security).   The supported version that is affected is 11.2.25.0.000. Easily exploitable vulnerability allows low privileged attacker ...,Apply vendor security patches.,https://nvd.nist.gov/vuln/detail/CVE-2026-70899
IN-VULN-2026-0633,18-08-2026,CVE-2026-70900,General Enterprise Technology,General Enterprise / Indian Attack Surface,CWE-284,CVSS v3.1: 8.7 — High,Theoretical / no exploitation evidence,Vulnerability in the Oracle Hyperion Data Relationship Management product of Oracle Hyperion (component: Access and security).   The supported version that is affected is 11.2.25.0.000. Difficult to exploit vulnerability allows unauthenticated attack...,Apply vendor security patches.,https://nvd.nist.gov/vuln/detail/CVE-2026-70900
IN-VULN-2026-0634,18-08-2026,CVE-2026-70901,General Enterprise Technology,General Enterprise / Indian Attack Surface,CWE-284,CVSS v3.1: 8.1 — High,Theoretical / no exploitation evidence,Vulnerability in the Oracle Hyperion Data Relationship Management product of Oracle Hyperion (component: Access and security).   The supported version that is affected is 11.2.25.0.000. Easily exploitable vulnerability allows unauthenticated attacker...,Apply vendor security patches.,https://nvd.nist.gov/vuln/detail/CVE-2026-70901
IN-VULN-2026-0635,18-08-2026,CVE-2026-70902,General Enterprise Technology,General Enterprise / Indian Attack Surface,CWE-284,CVSS v3.1: 7.1 — High,Theoretical / no exploitation evidence,Vulnerability in the Oracle Hyperion Data Relationship Management product of Oracle Hyperion (component: Access and security).   The supported version that is affected is 11.2.25.0.000. Easily exploitable vulnerability allows low privileged attacker ...,Apply vendor security patches.,https://nvd.nist.gov/vuln/detail/CVE-2026-70902
IN-VULN-2026-0636,18-08-2026,CVE-2026-70903,General Enterprise Technology,General Enterprise / Indian Attack Surface,CWE-284,CVSS v3.1: 8.7 — High,Theoretical / no exploitation evidence,Vulnerability in the Oracle Hyperion Data Relationship Management product of Oracle Hyperion (component: Access and security).   The supported version that is affected is 11.2.25.0.000. Easily exploitable vulnerability allows low privileged attacker ...,Apply vendor security patches.,https://nvd.nist.gov/vuln/detail/CVE-2026-70903
IN-VULN-2026-0637,18-08-2026,CVE-2026-70904,General Enterprise Technology,General Enterprise / Indian Attack Surface,CWE-284,CVSS v3.1: 8.1 — High,Theoretical / no exploitation evidence,Vulnerability in the Oracle Hyperion Data Relationship Management product of Oracle Hyperion (component: Access and security).   The supported version that is affected is 11.2.25.0.000. Easily exploitable vulnerability allows unauthenticated attacker...,Apply vendor security patches.,https://nvd.nist.gov/vuln/detail/CVE-2026-70904
IN-VULN-2026-0638,18-08-2026,CVE-2026-70905,General Enterprise Technology,General Enterprise / Indian Attack Surface,NVD-CWE-noinfo,CVSS v3.1: 9.8 — Critical,Theoretical / no exploitation evidence,Vulnerability in the Oracle Access Manager product of Oracle Fusion Middleware (component: Agent infrastructure).  Supported versions that are affected are 12.2.1.4.0 and  14.1.2.1.0. Easily exploitable vulnerability allows unauthenticated attacker w...,Apply vendor security patches.,https://nvd.nist.gov/vuln/detail/CVE-2026-70905
IN-VULN-2026-0639,18-08-2026,CVE-2026-70906,General Enterprise Technology,General Enterprise / Indian Attack Surface,CWE-400,CVSS v3.1: 7.5 — High,Theoretical / no exploitation evidence,Vulnerability in Oracle Java SE (component: 2D).  Supported versions that are affected are Oracle Java SE: 25.0.4 and  26.0.2. Easily exploitable vulnerability allows unauthenticated attacker with network access via multiple protocols to compromise O...,Apply vendor security patches.,https://nvd.nist.gov/vuln/detail/CVE-2026-70906
IN-VULN-2026-0640,18-08-2026,CVE-2026-70908,General Enterprise Technology,General Enterprise / Indian Attack Surface,CWE-400,CVSS v3.1: 7.5 — High,Theoretical / no exploitation evidence,Vulnerability in the Helidon product of Oracle Fusion Middleware (component: Imperative Web Server).  Supported versions that are affected are 3.0.0-3.2.17. Easily exploitable vulnerability allows unauthenticated attacker with network access via HTTP...,Apply vendor security patches.,https://nvd.nist.gov/vuln/detail/CVE-2026-70908
IN-VULN-2026-0641,18-08-2026,CVE-2026-70909,General Enterprise Technology,General Enterprise / Indian Attack Surface,CWE-284,CVSS v3.1: 8.2 — High,Theoretical / no exploitation evidence,Vulnerability in the Oracle Hyperion Financial Management product of Oracle Hyperion (component: Security).   The supported version that is affected is 11.2.25.0.000. Easily exploitable vulnerability allows unauthenticated attacker with network acces...,Apply vendor security patches.,https://nvd.nist.gov/vuln/detail/CVE-2026-70909
IN-VULN-2026-0642,18-08-2026,CVE-2026-70910,General Enterprise Technology,General Enterprise / Indian Attack Surface,CWE-284,CVSS v3.1: 7.5 — High,Theoretical / no exploitation evidence,Vulnerability in the Siebel CRM Integration product of Oracle Siebel CRM (component: REST).  Supported versions that are affected are 17.0-26.6. Easily exploitable vulnerability allows unauthenticated attacker with network access via HTTP to compromi...,Apply vendor security patches.,https://nvd.nist.gov/vuln/detail/CVE-2026-70910
IN-VULN-2026-0643,18-08-2026,CVE-2026-70914,General Enterprise Technology,General Enterprise / Indian Attack Surface,CWE-284,CVSS v3.1: 7.0 — High,Theoretical / no exploitation evidence,Vulnerability in the Oracle Hyperion Financial Management product of Oracle Hyperion (component: Security).   The supported version that is affected is 11.2.25.0.000. Difficult to exploit vulnerability allows unauthenticated attacker with logon to th...,Apply vendor security patches.,https://nvd.nist.gov/vuln/detail/CVE-2026-70914
IN-VULN-2026-0644,18-08-2026,CVE-2026-70918,General Enterprise Technology,General Enterprise / Indian Attack Surface,CWE-306,CVSS v3.1: 8.8 — High,Theoretical / no exploitation evidence,Vulnerability in the Oracle Product Hub product of Oracle E-Business Suite (component: Outbound Data).  Supported versions that are affected are 12.2.3-12.2.15. Easily exploitable vulnerability allows low privileged attacker with network access via H...,Apply vendor security patches.,https://nvd.nist.gov/vuln/detail/CVE-2026-70918
IN-VULN-2026-0645,18-08-2026,CVE-2026-70920,General Enterprise Technology,General Enterprise / Indian Attack Surface,CWE-284,CVSS v3.1: 9.9 — Critical,Theoretical / no exploitation evidence,Vulnerability in the Oracle Hyperion Financial Management product of Oracle Hyperion (component: Security).   The supported version that is affected is 11.2.25.0.000. Easily exploitable vulnerability allows low privileged attacker with network access...,Apply vendor security patches.,https://nvd.nist.gov/vuln/detail/CVE-2026-70920
IN-VULN-2026-0646,18-08-2026,CVE-2026-70921,General Enterprise Technology,General Enterprise / Indian Attack Surface,CWE-284,CVSS v3.1: 10.0 — Critical,Theoretical / no exploitation evidence,Vulnerability in the Oracle Hyperion Financial Management product of Oracle Hyperion (component: Security).   The supported version that is affected is 11.2.25.0.000. Easily exploitable vulnerability allows unauthenticated attacker with network acces...,Apply vendor security patches.,https://nvd.nist.gov/vuln/detail/CVE-2026-70921
IN-VULN-2026-0647,18-08-2026,CVE-2026-70922,General Enterprise Technology,General Enterprise / Indian Attack Surface,CWE-287,CVSS v3.1: 8.8 — High,Theoretical / no exploitation evidence,Vulnerability in the Oracle Financial Services Enterprise Case Management product of Oracle Financial Services Applications (component: Web UI).  Supported versions that are affected are 8.0.8.2 and  8.1.2.11. Easily exploitable vulnerability allows ...,Apply vendor security patches.,https://nvd.nist.gov/vuln/detail/CVE-2026-70922
IN-VULN-2026-0648,18-08-2026,CVE-2026-70924,General Enterprise Technology,General Enterprise / Indian Attack Surface,NVD-CWE-noinfo,CVSS v3.1: 8.1 — High,Theoretical / no exploitation evidence,Vulnerability in the Oracle Web Services Manager product of Oracle Fusion Middleware (component: Web Services Security).  Supported versions that are affected are 12.2.1.4.0 and  14.1.2.0.0. Difficult to exploit vulnerability allows unauthenticated a...,Apply vendor security patches.,https://nvd.nist.gov/vuln/detail/CVE-2026-70924
IN-VULN-2026-0649,18-08-2026,CVE-2026-70925,General Enterprise Technology,General Enterprise / Indian Attack Surface,CWE-284,CVSS v3.1: 8.1 — High,Theoretical / no exploitation evidence,Vulnerability in the Oracle Hyperion Financial Management product of Oracle Hyperion (component: Security).   The supported version that is affected is 11.2.25.0.000. Easily exploitable vulnerability allows low privileged attacker with network access...,Apply vendor security patches.,https://nvd.nist.gov/vuln/detail/CVE-2026-70925
IN-VULN-2026-0650,18-08-2026,CVE-2026-70926,General Enterprise Technology,General Enterprise / Indian Attack Surface,CWE-306,CVSS v3.1: 9.8 — Critical,Theoretical / no exploitation evidence,Vulnerability in the Oracle Workflow product of Oracle E-Business Suite (component: Workflow Notification Mailer).  Supported versions that are affected are 12.2.3-12.2.15. Easily exploitable vulnerability allows unauthenticated attacker with network...,Apply vendor security patches.,https://nvd.nist.gov/vuln/detail/CVE-2026-70926
IN-VULN-2026-0651,18-08-2026,CVE-2026-70927,General Enterprise Technology,General Enterprise / Indian Attack Surface,CWE-400,CVSS v3.1: 7.5 — High,Theoretical / no exploitation evidence,Vulnerability in the Oracle Workflow product of Oracle E-Business Suite (component: Workflow Notification Mailer).  Supported versions that are affected are 12.2.3-12.2.15. Easily exploitable vulnerability allows unauthenticated attacker with network...,Apply vendor security patches.,https://nvd.nist.gov/vuln/detail/CVE-2026-70927
IN-VULN-2026-0652,18-08-2026,CVE-2026-70928,General Enterprise Technology,General Enterprise / Indian Attack Surface,CWE-269,CVSS v3.1: 8.8 — High,Theoretical / no exploitation evidence,Vulnerability in the Oracle Hyperion Financial Management product of Oracle Hyperion (component: Security).   The supported version that is affected is 11.2.25.0.000. Easily exploitable vulnerability allows low privileged attacker with network access...,Apply vendor security patches.,https://nvd.nist.gov/vuln/detail/CVE-2026-70928
IN-VULN-2026-0653,18-08-2026,CVE-2026-70929,General Enterprise Technology,General Enterprise / Indian Attack Surface,CWE-284,CVSS v3.1: 8.1 — High,Theoretical / no exploitation evidence,Vulnerability in the Oracle Hyperion Financial Management product of Oracle Hyperion (component: Security).   The supported version that is affected is 11.2.25.0.000. Easily exploitable vulnerability allows low privileged attacker with network access...,Apply vendor security patches.,https://nvd.nist.gov/vuln/detail/CVE-2026-70929
IN-VULN-2026-0654,18-08-2026,CVE-2026-70930,General Enterprise Technology,General Enterprise / Indian Attack Surface,CWE-306,CVSS v3.1: 7.5 — High,Theoretical / no exploitation evidence,Vulnerability in the Oracle Order Management product of Oracle E-Business Suite (component: Product Diagnostic Tools).  Supported versions that are affected are 12.2.3-12.2.15. Difficult to exploit vulnerability allows low privileged attacker with ne...,Apply vendor security patches.,https://nvd.nist.gov/vuln/detail/CVE-2026-70930
IN-VULN-2026-0655,18-08-2026,CVE-2026-70931,General Enterprise Technology,General Enterprise / Indian Attack Surface,CWE-284,CVSS v3.1: 8.1 — High,Theoretical / no exploitation evidence,Vulnerability in the Oracle Workflow product of Oracle E-Business Suite (component: Workflow Notification Mailer).  Supported versions that are affected are 12.2.3-12.2.15. Easily exploitable vulnerability allows low privileged attacker with network ...,Apply vendor security patches.,https://nvd.nist.gov/vuln/detail/CVE-2026-70931
IN-VULN-2026-0656,18-08-2026,CVE-2026-70932,General Enterprise Technology,General Enterprise / Indian Attack Surface,CWE-284,CVSS v3.1: 7.2 — High,Theoretical / no exploitation evidence,Vulnerability in the Oracle Order Management product of Oracle E-Business Suite (component: Product Diagnostic Tools).  Supported versions that are affected are 12.2.3-12.2.15. Difficult to exploit vulnerability allows high privileged attacker with l...,Apply vendor security patches.,https://nvd.nist.gov/vuln/detail/CVE-2026-70932
IN-VULN-2026-0657,18-08-2026,CVE-2026-70933,General Enterprise Technology,General Enterprise / Indian Attack Surface,CWE-284,CVSS v3.1: 7.1 — High,Theoretical / no exploitation evidence,Vulnerability in the Oracle Hyperion Financial Management product of Oracle Hyperion (component: Security).   The supported version that is affected is 11.2.25.0.000. Easily exploitable vulnerability allows low privileged attacker with network access...,Apply vendor security patches.,https://nvd.nist.gov/vuln/detail/CVE-2026-70933
IN-VULN-2026-0658,18-08-2026,CVE-2026-70934,General Enterprise Technology,General Enterprise / Indian Attack Surface,CWE-284,CVSS v3.1: 7.1 — High,Theoretical / no exploitation evidence,Vulnerability in the Oracle Hyperion Financial Management product of Oracle Hyperion (component: Security).   The supported version that is affected is 11.2.25.0.000. Easily exploitable vulnerability allows low privileged attacker with network access...,Apply vendor security patches.,https://nvd.nist.gov/vuln/detail/CVE-2026-70934
IN-VULN-2026-0659,18-08-2026,CVE-2026-70935,General Enterprise Technology,General Enterprise / Indian Attack Surface,CWE-284,CVSS v3.1: 7.1 — High,Theoretical / no exploitation evidence,Vulnerability in the Oracle Hyperion Financial Management product of Oracle Hyperion (component: Security).   The supported version that is affected is 11.2.25.0.000. Easily exploitable vulnerability allows low privileged attacker with network access...,Apply vendor security patches.,https://nvd.nist.gov/vuln/detail/CVE-2026-70935
IN-VULN-2026-0660,18-08-2026,CVE-2026-70936,General Enterprise Technology,General Enterprise / Indian Attack Surface,CWE-269,CVSS v3.1: 7.1 — High,Theoretical / no exploitation evidence,Vulnerability in the Oracle Hyperion Financial Management product of Oracle Hyperion (component: Security).   The supported version that is affected is 11.2.25.0.000. Easily exploitable vulnerability allows low privileged attacker with logon to the i...,Apply vendor security patches.,https://nvd.nist.gov/vuln/detail/CVE-2026-70936
IN-VULN-2026-0661,18-08-2026,CVE-2026-70937,General Enterprise Technology,General Enterprise / Indian Attack Surface,CWE-269,CVSS v3.1: 7.5 — High,Theoretical / no exploitation evidence,Vulnerability in the Oracle Hyperion Financial Management product of Oracle Hyperion (component: Security).   The supported version that is affected is 11.2.25.0.000. Difficult to exploit vulnerability allows low privileged attacker with network acce...,Apply vendor security patches.,https://nvd.nist.gov/vuln/detail/CVE-2026-70937
IN-VULN-2026-0662,18-08-2026,CVE-2026-70939,General Enterprise Technology,General Enterprise / Indian Attack Surface,CWE-269,CVSS v3.1: 7.2 — High,Theoretical / no exploitation evidence,Vulnerability in the Oracle Hyperion Financial Management product of Oracle Hyperion (component: Security).   The supported version that is affected is 11.2.25.0.000. Easily exploitable vulnerability allows high privileged attacker with network acces...,Apply vendor security patches.,https://nvd.nist.gov/vuln/detail/CVE-2026-70939
IN-VULN-2026-0663,18-08-2026,CVE-2026-70940,General Enterprise Technology,General Enterprise / Indian Attack Surface,CWE-269,CVSS v3.1: 8.8 — High,Theoretical / no exploitation evidence,Vulnerability in the Oracle Hyperion Financial Management product of Oracle Hyperion (component: Security).   The supported version that is affected is 11.2.25.0.000. Easily exploitable vulnerability allows low privileged attacker with network access...,Apply vendor security patches.,https://nvd.nist.gov/vuln/detail/CVE-2026-70940
IN-VULN-2026-0664,18-08-2026,CVE-2026-70941,General Enterprise Technology,General Enterprise / Indian Attack Surface,CWE-284,CVSS v3.1: 8.8 — High,Theoretical / no exploitation evidence,Vulnerability in the Oracle Payroll product of Oracle E-Business Suite (component: Internal Operations).  Supported versions that are affected are 12.2.3-12.2.15. Easily exploitable vulnerability allows low privileged attacker with logon to the infra...,Apply vendor security patches.,https://nvd.nist.gov/vuln/detail/CVE-2026-70941
IN-VULN-2026-0665,18-08-2026,CVE-2026-70942,General Enterprise Technology,General Enterprise / Indian Attack Surface,CWE-269,CVSS v3.1: 7.7 — High,Theoretical / no exploitation evidence,Vulnerability in the Oracle Hyperion Financial Management product of Oracle Hyperion (component: Security).   The supported version that is affected is 11.2.25.0.000. Easily exploitable vulnerability allows low privileged attacker with network access...,Apply vendor security patches.,https://nvd.nist.gov/vuln/detail/CVE-2026-70942
IN-VULN-2026-0666,18-08-2026,CVE-2026-70943,General Enterprise Technology,General Enterprise / Indian Attack Surface,CWE-269,CVSS v3.1: 8.1 — High,Theoretical / no exploitation evidence,Vulnerability in the Oracle Hyperion Financial Management product of Oracle Hyperion (component: Security).   The supported version that is affected is 11.2.25.0.000. Easily exploitable vulnerability allows unauthenticated attacker with access to the...,Apply vendor security patches.,https://nvd.nist.gov/vuln/detail/CVE-2026-70943
IN-VULN-2026-0667,18-08-2026,CVE-2026-70944,General Enterprise Technology,General Enterprise / Indian Attack Surface,CWE-269,CVSS v3.1: 8.8 — High,Theoretical / no exploitation evidence,Vulnerability in the Oracle Hyperion Financial Management product of Oracle Hyperion (component: Security).   The supported version that is affected is 11.2.25.0.000. Easily exploitable vulnerability allows low privileged attacker with network access...,Apply vendor security patches.,https://nvd.nist.gov/vuln/detail/CVE-2026-70944
IN-VULN-2026-0668,18-08-2026,CVE-2026-70945,General Enterprise Technology,General Enterprise / Indian Attack Surface,CWE-284,CVSS v3.1: 7.7 — High,Theoretical / no exploitation evidence,Vulnerability in the Oracle Payroll product of Oracle E-Business Suite (component: Internal Operations).  Supported versions that are affected are 12.2.3-12.2.15. Easily exploitable vulnerability allows low privileged attacker with network access via...,Apply vendor security patches.,https://nvd.nist.gov/vuln/detail/CVE-2026-70945
IN-VULN-2026-0669,18-08-2026,CVE-2026-70946,General Enterprise Technology,General Enterprise / Indian Attack Surface,CWE-269,CVSS v3.1: 7.5 — High,Theoretical / no exploitation evidence,Vulnerability in the Oracle Hyperion Financial Management product of Oracle Hyperion (component: Security).   The supported version that is affected is 11.2.25.0.000. Difficult to exploit vulnerability allows low privileged attacker with network acce...,Apply vendor security patches.,https://nvd.nist.gov/vuln/detail/CVE-2026-70946
IN-VULN-2026-0670,18-08-2026,CVE-2026-70947,General Enterprise Technology,General Enterprise / Indian Attack Surface,CWE-284,CVSS v3.1: 7.5 — High,Theoretical / no exploitation evidence,Vulnerability in the Oracle Purchasing product of Oracle E-Business Suite (component: Other issue).  Supported versions that are affected are 12.2.3-12.2.15. Easily exploitable vulnerability allows unauthenticated attacker with network access via HTT...,Apply vendor security patches.,https://nvd.nist.gov/vuln/detail/CVE-2026-70947
IN-VULN-2026-0671,18-08-2026,CVE-2026-70948,General Enterprise Technology,General Enterprise / Indian Attack Surface,CWE-284,CVSS v3.1: 8.8 — High,Theoretical / no exploitation evidence,Vulnerability in the Oracle Purchasing product of Oracle E-Business Suite (component: Other issue).  Supported versions that are affected are 12.2.3-12.2.15. Easily exploitable vulnerability allows low privileged attacker with network access via HTTP...,Apply vendor security patches.,https://nvd.nist.gov/vuln/detail/CVE-2026-70948
IN-VULN-2026-0672,18-08-2026,CVE-2026-70949,General Enterprise Technology,General Enterprise / Indian Attack Surface,CWE-284,CVSS v3.1: 8.8 — High,Theoretical / no exploitation evidence,Vulnerability in the Siebel CRM Deployment product of Oracle Siebel CRM (component: Server Infrastructure).  Supported versions that are affected are 17.0-26.6. Easily exploitable vulnerability allows low privileged attacker with network access via H...,Apply vendor security patches.,https://nvd.nist.gov/vuln/detail/CVE-2026-70949
IN-VULN-2026-0673,18-08-2026,CVE-2026-70950,General Enterprise Technology,General Enterprise / Indian Attack Surface,CWE-269,CVSS v3.1: 7.2 — High,Theoretical / no exploitation evidence,Vulnerability in the Oracle Hyperion Financial Management product of Oracle Hyperion (component: Security).   The supported version that is affected is 11.2.25.0.000. Easily exploitable vulnerability allows high privileged attacker with network acces...,Apply vendor security patches.,https://nvd.nist.gov/vuln/detail/CVE-2026-70950
IN-VULN-2026-0674,18-08-2026,CVE-2026-70951,General Enterprise Technology,General Enterprise / Indian Attack Surface,CWE-284,CVSS v3.1: 8.8 — High,Theoretical / no exploitation evidence,Vulnerability in the Siebel CRM End User product of Oracle Siebel CRM (component: Document Management).  Supported versions that are affected are 17.0-26.6. Easily exploitable vulnerability allows low privileged attacker with network access via HTTP ...,Apply vendor security patches.,https://nvd.nist.gov/vuln/detail/CVE-2026-70951
IN-VULN-2026-0675,18-08-2026,CVE-2026-70952,General Enterprise Technology,General Enterprise / Indian Attack Surface,CWE-284,CVSS v3.1: 8.2 — High,Theoretical / no exploitation evidence,Vulnerability in the Oracle Hyperion Financial Management product of Oracle Hyperion (component: Security).   The supported version that is affected is 11.2.25.0.000. Easily exploitable vulnerability allows unauthenticated attacker with network acces...,Apply vendor security patches.,https://nvd.nist.gov/vuln/detail/CVE-2026-70952
IN-VULN-2026-0676,18-08-2026,CVE-2026-70953,General Enterprise Technology,General Enterprise / Indian Attack Surface,CWE-306,CVSS v3.1: 9.8 — Critical,Theoretical / no exploitation evidence,Vulnerability in the Oracle Commerce Platform product of Oracle Commerce (component: Dynamo Application Framework).   The supported version that is affected is 11.4.0. Easily exploitable vulnerability allows unauthenticated attacker with network acce...,Apply vendor security patches.,https://nvd.nist.gov/vuln/detail/CVE-2026-70953
IN-VULN-2026-0677,18-08-2026,CVE-2026-70954,General Enterprise Technology,General Enterprise / Indian Attack Surface,CWE-306,CVSS v3.1: 9.8 — Critical,Theoretical / no exploitation evidence,Vulnerability in the Oracle Commerce Platform product of Oracle Commerce (component: Dynamo Application Framework).   The supported version that is affected is 11.4.0. Easily exploitable vulnerability allows unauthenticated attacker with network acce...,Apply vendor security patches.,https://nvd.nist.gov/vuln/detail/CVE-2026-70954
IN-VULN-2026-0678,18-08-2026,CVE-2026-70955,General Enterprise Technology,General Enterprise / Indian Attack Surface,CWE-284,CVSS v3.1: 7.5 — High,Theoretical / no exploitation evidence,Vulnerability in the Oracle Commerce Platform product of Oracle Commerce (component: Dynamo Application Framework).   The supported version that is affected is 11.4.0. Difficult to exploit vulnerability allows unauthenticated attacker with access to ...,Apply vendor security patches.,https://nvd.nist.gov/vuln/detail/CVE-2026-70955
IN-VULN-2026-0679,18-08-2026,CVE-2026-70956,General Enterprise Technology,General Enterprise / Indian Attack Surface,CWE-306,CVSS v3.1: 8.8 — High,Theoretical / no exploitation evidence,Vulnerability in the Oracle Hyperion Infrastructure Technology product of Oracle Hyperion (component: Installation and Configuration).   The supported version that is affected is 11.2.25.0.000. Easily exploitable vulnerability allows low privileged a...,Apply vendor security patches.,https://nvd.nist.gov/vuln/detail/CVE-2026-70956
IN-VULN-2026-0680,18-08-2026,CVE-2026-70957,General Enterprise Technology,General Enterprise / Indian Attack Surface,CWE-284,CVSS v3.1: 8.1 — High,Theoretical / no exploitation evidence,Vulnerability in the Oracle Hyperion Infrastructure Technology product of Oracle Hyperion (component: Installation and Configuration).   The supported version that is affected is 11.2.25.0.000. Easily exploitable vulnerability allows low privileged a...,Apply vendor security patches.,https://nvd.nist.gov/vuln/detail/CVE-2026-70957
IN-VULN-2026-0681,18-08-2026,CVE-2026-70958,General Enterprise Technology,General Enterprise / Indian Attack Surface,CWE-601,CVSS v3.1: 9.6 — Critical,Theoretical / no exploitation evidence,Vulnerability in the Oracle Hyperion Infrastructure Technology product of Oracle Hyperion (component: Installation and Configuration).   The supported version that is affected is 11.2.25.0.000. Easily exploitable vulnerability allows unauthenticated ...,Apply vendor security patches.,https://nvd.nist.gov/vuln/detail/CVE-2026-70958
IN-VULN-2026-0682,18-08-2026,CVE-2026-70959,General Enterprise Technology,General Enterprise / Indian Attack Surface,CWE-284,CVSS v3.1: 8.1 — High,Theoretical / no exploitation evidence,Vulnerability in the Oracle Hyperion Infrastructure Technology product of Oracle Hyperion (component: Installation and Configuration).   The supported version that is affected is 11.2.25.0.000. Easily exploitable vulnerability allows low privileged a...,Apply vendor security patches.,https://nvd.nist.gov/vuln/detail/CVE-2026-70959
IN-VULN-2026-0683,18-08-2026,CVE-2026-70960,General Enterprise Technology,General Enterprise / Indian Attack Surface,CWE-269,CVSS v3.1: 7.6 — High,Theoretical / no exploitation evidence,Vulnerability in the Oracle Hyperion Financial Management product of Oracle Hyperion (component: Security).   The supported version that is affected is 11.2.25.0.000. Easily exploitable vulnerability allows low privileged attacker with network access...,Apply vendor security patches.,https://nvd.nist.gov/vuln/detail/CVE-2026-70960
IN-VULN-2026-0684,18-08-2026,CVE-2026-70964,General Enterprise Technology,General Enterprise / Indian Attack Surface,CWE-284,CVSS v3.1: 8.2 — High,Theoretical / no exploitation evidence,Vulnerability in the Oracle Hyperion Infrastructure Technology product of Oracle Hyperion (component: Installation and Configuration).   The supported version that is affected is 11.2.25.0.000. Difficult to exploit vulnerability allows low privileged...,Apply vendor security patches.,https://nvd.nist.gov/vuln/detail/CVE-2026-70964
IN-VULN-2026-0685,18-08-2026,CVE-2026-70965,General Enterprise Technology,General Enterprise / Indian Attack Surface,CWE-284,CVSS v3.1: 8.8 — High,Theoretical / no exploitation evidence,Vulnerability in the Oracle Hyperion Infrastructure Technology product of Oracle Hyperion (component: Installation and Configuration).   The supported version that is affected is 11.2.25.0.000. Easily exploitable vulnerability allows low privileged a...,Apply vendor security patches.,https://nvd.nist.gov/vuln/detail/CVE-2026-70965
IN-VULN-2026-0686,18-08-2026,CVE-2026-70966,General Enterprise Technology,General Enterprise / Indian Attack Surface,CWE-284,CVSS v3.1: 8.8 — High,Theoretical / no exploitation evidence,Vulnerability in the Oracle Hyperion Infrastructure Technology product of Oracle Hyperion (component: Installation and Configuration).   The supported version that is affected is 11.2.25.0.000. Easily exploitable vulnerability allows low privileged a...,Apply vendor security patches.,https://nvd.nist.gov/vuln/detail/CVE-2026-70966
IN-VULN-2026-0687,18-08-2026,CVE-2026-70967,General Enterprise Technology,General Enterprise / Indian Attack Surface,CWE-284,CVSS v3.1: 7.1 — High,Theoretical / no exploitation evidence,Vulnerability in the Oracle Hyperion Infrastructure Technology product of Oracle Hyperion (component: Installation and Configuration).   The supported version that is affected is 11.2.25.0.000. Easily exploitable vulnerability allows low privileged a...,Apply vendor security patches.,https://nvd.nist.gov/vuln/detail/CVE-2026-70967
IN-VULN-2026-0688,18-08-2026,CVE-2026-70970,General Enterprise Technology,General Enterprise / Indian Attack Surface,CWE-284,CVSS v3.1: 9.8 — Critical,Theoretical / no exploitation evidence,Vulnerability in the Oracle WebCenter Portal product of Oracle Fusion Middleware (component: Runtime Tools).  Supported versions that are affected are 12.2.1.4.0 and  14.1.2.0.0. Easily exploitable vulnerability allows unauthenticated attacker with n...,Apply vendor security patches.,https://nvd.nist.gov/vuln/detail/CVE-2026-70970
IN-VULN-2026-0689,18-08-2026,CVE-2026-70971,General Enterprise Technology,General Enterprise / Indian Attack Surface,CWE-284,CVSS v3.1: 7.1 — High,Theoretical / no exploitation evidence,Vulnerability in the Oracle Hyperion Infrastructure Technology product of Oracle Hyperion (component: Installation and Configuration).   The supported version that is affected is 11.2.25.0.000. Easily exploitable vulnerability allows low privileged a...,Apply vendor security patches.,https://nvd.nist.gov/vuln/detail/CVE-2026-70971
IN-VULN-2026-0690,18-08-2026,CVE-2026-70973,General Enterprise Technology,General Enterprise / Indian Attack Surface,CWE-306,CVSS v3.1: 7.5 — High,Theoretical / no exploitation evidence,Vulnerability in the Oracle Hyperion Infrastructure Technology product of Oracle Hyperion (component: Installation and Configuration).   The supported version that is affected is 11.2.25.0.000. Difficult to exploit vulnerability allows low privileged...,Apply vendor security patches.,https://nvd.nist.gov/vuln/detail/CVE-2026-70973
IN-VULN-2026-0691,18-08-2026,CVE-2026-70976,General Enterprise Technology,General Enterprise / Indian Attack Surface,CWE-284,CVSS v3.1: 9.1 — Critical,Theoretical / no exploitation evidence,Vulnerability in the Oracle Commerce Guided Search / Oracle Commerce Experience Manager product of Oracle Commerce (component: Content Acquisition System).   The supported version that is affected is 11.4.0. Easily exploitable vulnerability allows un...,Apply vendor security patches.,https://nvd.nist.gov/vuln/detail/CVE-2026-70976
IN-VULN-2026-0692,18-08-2026,CVE-2026-70977,General Enterprise Technology,General Enterprise / Indian Attack Surface,CWE-306,CVSS v3.1: 9.1 — Critical,Theoretical / no exploitation evidence,Vulnerability in the Oracle Commerce Guided Search / Oracle Commerce Experience Manager product of Oracle Commerce (component: Content Acquisition System).   The supported version that is affected is 11.4.0. Easily exploitable vulnerability allows un...,Apply vendor security patches.,https://nvd.nist.gov/vuln/detail/CVE-2026-70977
IN-VULN-2026-0693,18-08-2026,CVE-2026-70978,General Enterprise Technology,General Enterprise / Indian Attack Surface,CWE-284,CVSS v3.1: 9.1 — Critical,Theoretical / no exploitation evidence,Vulnerability in the Oracle Commerce Guided Search / Oracle Commerce Experience Manager product of Oracle Commerce (component: Content Acquisition System).   The supported version that is affected is 11.4.0. Easily exploitable vulnerability allows un...,Apply vendor security patches.,https://nvd.nist.gov/vuln/detail/CVE-2026-70978
IN-VULN-2026-0694,18-08-2026,CVE-2026-70979,General Enterprise Technology,General Enterprise / Indian Attack Surface,CWE-306,CVSS v3.1: 9.1 — Critical,Theoretical / no exploitation evidence,Vulnerability in the Oracle Commerce Guided Search / Oracle Commerce Experience Manager product of Oracle Commerce (component: Content Acquisition System).   The supported version that is affected is 11.4.0. Easily exploitable vulnerability allows un...,Apply vendor security patches.,https://nvd.nist.gov/vuln/detail/CVE-2026-70979
IN-VULN-2026-0695,18-08-2026,CVE-2026-70980,General Enterprise Technology,General Enterprise / Indian Attack Surface,CWE-284,CVSS v3.1: 9.0 — Critical,Theoretical / no exploitation evidence,Vulnerability in the Oracle Commerce Guided Search / Oracle Commerce Experience Manager product of Oracle Commerce (component: Content Acquisition System).   The supported version that is affected is 11.4.0. Difficult to exploit vulnerability allows ...,Apply vendor security patches.,https://nvd.nist.gov/vuln/detail/CVE-2026-70980
IN-VULN-2026-0696,18-08-2026,CVE-2026-70981,General Enterprise Technology,General Enterprise / Indian Attack Surface,CWE-284,CVSS v3.1: 9.1 — Critical,Theoretical / no exploitation evidence,Vulnerability in the Oracle Commerce Guided Search / Oracle Commerce Experience Manager product of Oracle Commerce (component: Content Acquisition System).   The supported version that is affected is 11.4.0. Easily exploitable vulnerability allows un...,Apply vendor security patches.,https://nvd.nist.gov/vuln/detail/CVE-2026-70981
IN-VULN-2026-0697,18-08-2026,CVE-2026-70984,General Enterprise Technology,General Enterprise / Indian Attack Surface,CWE-284,CVSS v3.1: 9.1 — Critical,Theoretical / no exploitation evidence,Vulnerability in the Oracle Commerce Guided Search / Oracle Commerce Experience Manager product of Oracle Commerce (component: Content Acquisition System).   The supported version that is affected is 11.4.0. Easily exploitable vulnerability allows un...,Apply vendor security patches.,https://nvd.nist.gov/vuln/detail/CVE-2026-70984
IN-VULN-2026-0698,18-08-2026,CVE-2026-70985,General Enterprise Technology,General Enterprise / Indian Attack Surface,CWE-284,CVSS v3.1: 7.5 — High,Theoretical / no exploitation evidence,Vulnerability in the Oracle Commerce Guided Search / Oracle Commerce Experience Manager product of Oracle Commerce (component: Content Acquisition System).   The supported version that is affected is 11.4.0. Easily exploitable vulnerability allows un...,Apply vendor security patches.,https://nvd.nist.gov/vuln/detail/CVE-2026-70985
IN-VULN-2026-0699,18-08-2026,CVE-2026-70986,General Enterprise Technology,General Enterprise / Indian Attack Surface,CWE-284,CVSS v3.1: 7.5 — High,Theoretical / no exploitation evidence,Vulnerability in the Oracle Commerce Guided Search / Oracle Commerce Experience Manager product of Oracle Commerce (component: Content Acquisition System).   The supported version that is affected is 11.4.0. Easily exploitable vulnerability allows un...,Apply vendor security patches.,https://nvd.nist.gov/vuln/detail/CVE-2026-70986
IN-VULN-2026-0700,18-08-2026,CVE-2026-70987,General Enterprise Technology,General Enterprise / Indian Attack Surface,CWE-284,CVSS v3.1: 7.5 — High,Theoretical / no exploitation evidence,Vulnerability in the Oracle Commerce Guided Search / Oracle Commerce Experience Manager product of Oracle Commerce (component: Content Acquisition System).   The supported version that is affected is 11.4.0. Easily exploitable vulnerability allows un...,Apply vendor security patches.,https://nvd.nist.gov/vuln/detail/CVE-2026-70987
IN-VULN-2026-0701,18-08-2026,CVE-2026-70988,General Enterprise Technology,General Enterprise / Indian Attack Surface,CWE-284,CVSS v3.1: 7.7 — High,Theoretical / no exploitation evidence,Vulnerability in the Oracle Commerce Guided Search / Oracle Commerce Experience Manager product of Oracle Commerce (component: Content Acquisition System).   The supported version that is affected is 11.4.0. Easily exploitable vulnerability allows lo...,Apply vendor security patches.,https://nvd.nist.gov/vuln/detail/CVE-2026-70988
IN-VULN-2026-0702,18-08-2026,CVE-2026-70992,General Enterprise Technology,General Enterprise / Indian Attack Surface,CWE-284,CVSS v3.1: 7.0 — High,Theoretical / no exploitation evidence,Vulnerability in the Oracle Commerce Guided Search / Oracle Commerce Experience Manager product of Oracle Commerce (component: Content Acquisition System).   The supported version that is affected is 11.4.0. Difficult to exploit vulnerability allows ...,Apply vendor security patches.,https://nvd.nist.gov/vuln/detail/CVE-2026-70992
IN-VULN-2026-0703,18-08-2026,CVE-2026-70993,General Enterprise Technology,General Enterprise / Indian Attack Surface,CWE-284,CVSS v3.1: 8.2 — High,Theoretical / no exploitation evidence,Vulnerability in the Oracle Commerce Guided Search / Oracle Commerce Experience Manager product of Oracle Commerce (component: Content Acquisition System).   The supported version that is affected is 11.4.0. Easily exploitable vulnerability allows un...,Apply vendor security patches.,https://nvd.nist.gov/vuln/detail/CVE-2026-70993
IN-VULN-2026-0704,18-08-2026,CVE-2026-70994,General Enterprise Technology,General Enterprise / Indian Attack Surface,CWE-284,CVSS v3.1: 9.1 — Critical,Theoretical / no exploitation evidence,Vulnerability in the Oracle Commerce Guided Search / Oracle Commerce Experience Manager product of Oracle Commerce (component: Endeca Application Controller).   The supported version that is affected is 11.4.0. Easily exploitable vulnerability allows...,Apply vendor security patches.,https://nvd.nist.gov/vuln/detail/CVE-2026-70994
IN-VULN-2026-0705,18-08-2026,CVE-2026-70995,General Enterprise Technology,General Enterprise / Indian Attack Surface,CWE-284,CVSS v3.1: 9.8 — Critical,Theoretical / no exploitation evidence,Vulnerability in the Oracle Commerce Guided Search / Oracle Commerce Experience Manager product of Oracle Commerce (component: Endeca Application Controller).   The supported version that is affected is 11.4.0. Easily exploitable vulnerability allows...,Apply vendor security patches.,https://nvd.nist.gov/vuln/detail/CVE-2026-70995
IN-VULN-2026-0706,18-08-2026,CVE-2026-70996,General Enterprise Technology,General Enterprise / Indian Attack Surface,CWE-284,CVSS v3.1: 8.6 — High,Theoretical / no exploitation evidence,Vulnerability in the Oracle Commerce Guided Search / Oracle Commerce Experience Manager product of Oracle Commerce (component: Endeca Application Controller).   The supported version that is affected is 11.4.0. Easily exploitable vulnerability allows...,Apply vendor security patches.,https://nvd.nist.gov/vuln/detail/CVE-2026-70996
IN-VULN-2026-0707,18-08-2026,CVE-2026-70997,General Enterprise Technology,General Enterprise / Indian Attack Surface,CWE-284,CVSS v3.1: 9.1 — Critical,Theoretical / no exploitation evidence,Vulnerability in the Oracle Commerce Guided Search / Oracle Commerce Experience Manager product of Oracle Commerce (component: Experience Manager).   The supported version that is affected is 11.4.0. Easily exploitable vulnerability allows unauthenti...,Apply vendor security patches.,https://nvd.nist.gov/vuln/detail/CVE-2026-70997
IN-VULN-2026-0708,18-08-2026,CVE-2026-70998,General Enterprise Technology,General Enterprise / Indian Attack Surface,CWE-284,CVSS v3.1: 9.3 — Critical,Theoretical / no exploitation evidence,Vulnerability in the Oracle Commerce Guided Search / Oracle Commerce Experience Manager product of Oracle Commerce (component: Endeca Application Controller).   The supported version that is affected is 11.4.0. Easily exploitable vulnerability allows...,Apply vendor security patches.,https://nvd.nist.gov/vuln/detail/CVE-2026-70998
IN-VULN-2026-0709,18-08-2026,CVE-2026-70999,General Enterprise Technology,General Enterprise / Indian Attack Surface,CWE-284,CVSS v3.1: 8.1 — High,Theoretical / no exploitation evidence,Vulnerability in the Oracle Commerce Guided Search / Oracle Commerce Experience Manager product of Oracle Commerce (component: Experience Manager).   The supported version that is affected is 11.4.0. Easily exploitable vulnerability allows low privil...,Apply vendor security patches.,https://nvd.nist.gov/vuln/detail/CVE-2026-70999
IN-VULN-2026-0710,18-08-2026,CVE-2026-71000,General Enterprise Technology,General Enterprise / Indian Attack Surface,CWE-284,CVSS v3.1: 8.7 — High,Theoretical / no exploitation evidence,Vulnerability in the Oracle Commerce Guided Search / Oracle Commerce Experience Manager product of Oracle Commerce (component: Experience Manager).   The supported version that is affected is 11.4.0. Easily exploitable vulnerability allows low privil...,Apply vendor security patches.,https://nvd.nist.gov/vuln/detail/CVE-2026-71000
IN-VULN-2026-0711,18-08-2026,CVE-2026-71002,General Enterprise Technology,General Enterprise / Indian Attack Surface,CWE-284,CVSS v3.1: 8.5 — High,Theoretical / no exploitation evidence,Vulnerability in the Oracle Commerce Guided Search / Oracle Commerce Experience Manager product of Oracle Commerce (component: Experience Manager).   The supported version that is affected is 11.4.0. Easily exploitable vulnerability allows low privil...,Apply vendor security patches.,https://nvd.nist.gov/vuln/detail/CVE-2026-71002
IN-VULN-2026-0712,18-08-2026,CVE-2026-71003,General Enterprise Technology,General Enterprise / Indian Attack Surface,CWE-284,CVSS v3.1: 7.1 — High,Theoretical / no exploitation evidence,Vulnerability in the Oracle Commerce Guided Search / Oracle Commerce Experience Manager product of Oracle Commerce (component: Experience Manager).   The supported version that is affected is 11.4.0. Easily exploitable vulnerability allows low privil...,Apply vendor security patches.,https://nvd.nist.gov/vuln/detail/CVE-2026-71003
IN-VULN-2026-0713,18-08-2026,CVE-2026-71009,General Enterprise Technology,General Enterprise / Indian Attack Surface,CWE-284,CVSS v3.1: 7.4 — High,Theoretical / no exploitation evidence,Vulnerability in the Oracle Commerce Guided Search / Oracle Commerce Experience Manager product of Oracle Commerce (component: Experience Manager).   The supported version that is affected is 11.4.0. Difficult to exploit vulnerability allows unauthen...,Apply vendor security patches.,https://nvd.nist.gov/vuln/detail/CVE-2026-71009
IN-VULN-2026-0714,18-08-2026,CVE-2026-71010,General Enterprise Technology,General Enterprise / Indian Attack Surface,CWE-284,CVSS v3.1: 7.8 — High,Theoretical / no exploitation evidence,Vulnerability in the Oracle Commerce Guided Search / Oracle Commerce Experience Manager product of Oracle Commerce (component: Experience Manager).   The supported version that is affected is 11.4.0. Easily exploitable vulnerability allows unauthenti...,Apply vendor security patches.,https://nvd.nist.gov/vuln/detail/CVE-2026-71010
IN-VULN-2026-0715,18-08-2026,CVE-2026-71012,General Enterprise Technology,General Enterprise / Indian Attack Surface,CWE-284,CVSS v3.1: 7.1 — High,Theoretical / no exploitation evidence,Vulnerability in the Oracle Commerce Guided Search / Oracle Commerce Experience Manager product of Oracle Commerce (component: Experience Manager).   The supported version that is affected is 11.4.0. Easily exploitable vulnerability allows low privil...,Apply vendor security patches.,https://nvd.nist.gov/vuln/detail/CVE-2026-71012
IN-VULN-2026-0716,18-08-2026,CVE-2026-71014,General Enterprise Technology,General Enterprise / Indian Attack Surface,CWE-284,CVSS v3.1: 9.1 — Critical,Theoretical / no exploitation evidence,Vulnerability in the Oracle Commerce Guided Search / Oracle Commerce Experience Manager product of Oracle Commerce (component: Endeca Application Controller).   The supported version that is affected is 11.4.0. Easily exploitable vulnerability allows...,Apply vendor security patches.,https://nvd.nist.gov/vuln/detail/CVE-2026-71014
IN-VULN-2026-0717,18-08-2026,CVE-2026-71015,General Enterprise Technology,General Enterprise / Indian Attack Surface,CWE-306,CVSS v3.1: 9.1 — Critical,Theoretical / no exploitation evidence,Vulnerability in the Oracle Commerce Guided Search / Oracle Commerce Experience Manager product of Oracle Commerce (component: Endeca Application Controller).   The supported version that is affected is 11.4.0. Easily exploitable vulnerability allows...,Apply vendor security patches.,https://nvd.nist.gov/vuln/detail/CVE-2026-71015
IN-VULN-2026-0718,18-08-2026,CVE-2026-71016,General Enterprise Technology,General Enterprise / Indian Attack Surface,CWE-284,CVSS v3.1: 8.2 — High,Theoretical / no exploitation evidence,Vulnerability in the Oracle Commerce Guided Search / Oracle Commerce Experience Manager product of Oracle Commerce (component: Endeca Application Controller).   The supported version that is affected is 11.4.0. Easily exploitable vulnerability allows...,Apply vendor security patches.,https://nvd.nist.gov/vuln/detail/CVE-2026-71016
IN-VULN-2026-0719,18-08-2026,CVE-2026-71018,General Enterprise Technology,General Enterprise / Indian Attack Surface,CWE-284,CVSS v3.1: 8.2 — High,Theoretical / no exploitation evidence,Vulnerability in the Oracle Commerce Guided Search / Oracle Commerce Experience Manager product of Oracle Commerce (component: Endeca Application Controller).   The supported version that is affected is 11.4.0. Easily exploitable vulnerability allows...,Apply vendor security patches.,https://nvd.nist.gov/vuln/detail/CVE-2026-71018
IN-VULN-2026-0720,18-08-2026,CVE-2026-71020,General Enterprise Technology,General Enterprise / Indian Attack Surface,CWE-284,CVSS v3.1: 7.6 — High,Theoretical / no exploitation evidence,Vulnerability in the Oracle Commerce Guided Search / Oracle Commerce Experience Manager product of Oracle Commerce (component: Endeca Application Controller).   The supported version that is affected is 11.4.0. Easily exploitable vulnerability allows...,Apply vendor security patches.,https://nvd.nist.gov/vuln/detail/CVE-2026-71020
IN-VULN-2026-0721,18-08-2026,CVE-2026-71021,General Enterprise Technology,General Enterprise / Indian Attack Surface,CWE-284,CVSS v3.1: 7.6 — High,Theoretical / no exploitation evidence,Vulnerability in the Oracle Commerce Guided Search / Oracle Commerce Experience Manager product of Oracle Commerce (component: Endeca Application Controller).   The supported version that is affected is 11.4.0. Easily exploitable vulnerability allows...,Apply vendor security patches.,https://nvd.nist.gov/vuln/detail/CVE-2026-71021
IN-VULN-2026-0722,18-08-2026,CVE-2026-71022,General Enterprise Technology,General Enterprise / Indian Attack Surface,CWE-284,CVSS v3.1: 7.6 — High,Theoretical / no exploitation evidence,Vulnerability in the Oracle Commerce Guided Search / Oracle Commerce Experience Manager product of Oracle Commerce (component: Workbench).   The supported version that is affected is 11.4.0. Easily exploitable vulnerability allows low privileged atta...,Apply vendor security patches.,https://nvd.nist.gov/vuln/detail/CVE-2026-71022
IN-VULN-2026-0723,18-08-2026,CVE-2026-71023,General Enterprise Technology,General Enterprise / Indian Attack Surface,CWE-284,CVSS v3.1: 7.5 — High,Theoretical / no exploitation evidence,Vulnerability in the Oracle Commerce Guided Search / Oracle Commerce Experience Manager product of Oracle Commerce (component: Endeca Application Controller).   The supported version that is affected is 11.4.0. Easily exploitable vulnerability allows...,Apply vendor security patches.,https://nvd.nist.gov/vuln/detail/CVE-2026-71023
IN-VULN-2026-0724,18-08-2026,CVE-2026-71024,General Enterprise Technology,General Enterprise / Indian Attack Surface,CWE-284,CVSS v3.1: 8.2 — High,Theoretical / no exploitation evidence,Vulnerability in the Oracle Commerce Guided Search / Oracle Commerce Experience Manager product of Oracle Commerce (component: Forge).   The supported version that is affected is 11.4.0. Easily exploitable vulnerability allows unauthenticated attacke...,Apply vendor security patches.,https://nvd.nist.gov/vuln/detail/CVE-2026-71024
IN-VULN-2026-0725,18-08-2026,CVE-2026-71026,General Enterprise Technology,General Enterprise / Indian Attack Surface,CWE-284,CVSS v3.1: 9.1 — Critical,Theoretical / no exploitation evidence,Vulnerability in the Oracle Commerce Guided Search / Oracle Commerce Experience Manager product of Oracle Commerce (component: Endeca Application Controller).   The supported version that is affected is 11.4.0. Easily exploitable vulnerability allows...,Apply vendor security patches.,https://nvd.nist.gov/vuln/detail/CVE-2026-71026
IN-VULN-2026-0726,18-08-2026,CVE-2026-71027,General Enterprise Technology,General Enterprise / Indian Attack Surface,CWE-284,CVSS v3.1: 7.6 — High,Theoretical / no exploitation evidence,Vulnerability in the Oracle Commerce Guided Search / Oracle Commerce Experience Manager product of Oracle Commerce (component: Endeca Application Controller).   The supported version that is affected is 11.4.0. Easily exploitable vulnerability allows...,Apply vendor security patches.,https://nvd.nist.gov/vuln/detail/CVE-2026-71027
IN-VULN-2026-0727,18-08-2026,CVE-2026-71028,General Enterprise Technology,General Enterprise / Indian Attack Surface,CWE-284,CVSS v3.1: 7.8 — High,Theoretical / no exploitation evidence,Vulnerability in the Oracle Commerce Guided Search / Oracle Commerce Experience Manager product of Oracle Commerce (component: Endeca Application Controller).   The supported version that is affected is 11.4.0. Easily exploitable vulnerability allows...,Apply vendor security patches.,https://nvd.nist.gov/vuln/detail/CVE-2026-71028
IN-VULN-2026-0728,18-08-2026,CVE-2026-71030,General Enterprise Technology,General Enterprise / Indian Attack Surface,CWE-284,CVSS v3.1: 7.2 — High,Theoretical / no exploitation evidence,Vulnerability in the Oracle Commerce Guided Search / Oracle Commerce Experience Manager product of Oracle Commerce (component: Endeca Application Controller).   The supported version that is affected is 11.4.0. Easily exploitable vulnerability allows...,Apply vendor security patches.,https://nvd.nist.gov/vuln/detail/CVE-2026-71030
IN-VULN-2026-0729,18-08-2026,CVE-2026-71032,General Enterprise Technology,General Enterprise / Indian Attack Surface,CWE-284,CVSS v3.1: 7.2 — High,Theoretical / no exploitation evidence,Vulnerability in the Oracle Commerce Guided Search / Oracle Commerce Experience Manager product of Oracle Commerce (component: Endeca Application Controller).   The supported version that is affected is 11.4.0. Easily exploitable vulnerability allows...,Apply vendor security patches.,https://nvd.nist.gov/vuln/detail/CVE-2026-71032
IN-VULN-2026-0730,18-08-2026,CVE-2026-71034,General Enterprise Technology,General Enterprise / Indian Attack Surface,CWE-284,CVSS v3.1: 7.5 — High,Theoretical / no exploitation evidence,Vulnerability in the Oracle Commerce Guided Search / Oracle Commerce Experience Manager product of Oracle Commerce (component: Forge).   The supported version that is affected is 11.4.0. Easily exploitable vulnerability allows unauthenticated attacke...,Apply vendor security patches.,https://nvd.nist.gov/vuln/detail/CVE-2026-71034
IN-VULN-2026-0731,18-08-2026,CVE-2026-71035,General Enterprise Technology,General Enterprise / Indian Attack Surface,CWE-284,CVSS v3.1: 8.1 — High,Theoretical / no exploitation evidence,Vulnerability in the Oracle Commerce Guided Search / Oracle Commerce Experience Manager product of Oracle Commerce (component: Forge).   The supported version that is affected is 11.4.0. Difficult to exploit vulnerability allows unauthenticated attac...,Apply vendor security patches.,https://nvd.nist.gov/vuln/detail/CVE-2026-71035
IN-VULN-2026-0732,18-08-2026,CVE-2026-71036,General Enterprise Technology,General Enterprise / Indian Attack Surface,CWE-284,CVSS v3.1: 9.1 — Critical,Theoretical / no exploitation evidence,Vulnerability in the Oracle Commerce Guided Search / Oracle Commerce Experience Manager product of Oracle Commerce (component: Experience Manager).   The supported version that is affected is 11.4.0. Easily exploitable vulnerability allows unauthenti...,Apply vendor security patches.,https://nvd.nist.gov/vuln/detail/CVE-2026-71036
IN-VULN-2026-0733,18-08-2026,CVE-2026-71037,General Enterprise Technology,General Enterprise / Indian Attack Surface,CWE-284,CVSS v3.1: 9.3 — Critical,Theoretical / no exploitation evidence,Vulnerability in the Oracle Commerce Guided Search / Oracle Commerce Experience Manager product of Oracle Commerce (component: Experience Manager).   The supported version that is affected is 11.4.0. Easily exploitable vulnerability allows unauthenti...,Apply vendor security patches.,https://nvd.nist.gov/vuln/detail/CVE-2026-71037
IN-VULN-2026-0734,18-08-2026,CVE-2026-71038,General Enterprise Technology,General Enterprise / Indian Attack Surface,CWE-284,CVSS v3.1: 7.5 — High,Theoretical / no exploitation evidence,Vulnerability in the Oracle Commerce Guided Search / Oracle Commerce Experience Manager product of Oracle Commerce (component: Experience Manager).   The supported version that is affected is 11.4.0. Easily exploitable vulnerability allows unauthenti...,Apply vendor security patches.,https://nvd.nist.gov/vuln/detail/CVE-2026-71038
IN-VULN-2026-0735,18-08-2026,CVE-2026-71039,General Enterprise Technology,General Enterprise / Indian Attack Surface,CWE-284,CVSS v3.1: 8.8 — High,Theoretical / no exploitation evidence,Vulnerability in the Oracle Agile PLM product of Oracle Supply Chain (component: Application Server).   The supported version that is affected is 9.3.6. Easily exploitable vulnerability allows low privileged attacker with network access via HTTP to c...,Apply vendor security patches.,https://nvd.nist.gov/vuln/detail/CVE-2026-71039
IN-VULN-2026-0736,18-08-2026,CVE-2026-71040,General Enterprise Technology,General Enterprise / Indian Attack Surface,CWE-284,CVSS v3.1: 9.8 — Critical,Theoretical / no exploitation evidence,Vulnerability in the Oracle Agile PLM product of Oracle Supply Chain (component: Security).   The supported version that is affected is 9.3.6. Easily exploitable vulnerability allows unauthenticated attacker with network access via HTTP to compromise...,Apply vendor security patches.,https://nvd.nist.gov/vuln/detail/CVE-2026-71040
IN-VULN-2026-0737,18-08-2026,CVE-2026-71041,General Enterprise Technology,General Enterprise / Indian Attack Surface,CWE-284,CVSS v3.1: 7.0 — High,Theoretical / no exploitation evidence,Vulnerability in the Oracle Agile PLM product of Oracle Supply Chain (component: Gantt Chart).   The supported version that is affected is 9.3.6. Difficult to exploit vulnerability allows low privileged attacker with logon to the infrastructure where...,Apply vendor security patches.,https://nvd.nist.gov/vuln/detail/CVE-2026-71041
IN-VULN-2026-0738,18-08-2026,CVE-2026-71042,General Enterprise Technology,General Enterprise / Indian Attack Surface,CWE-284,CVSS v3.1: 8.1 — High,Theoretical / no exploitation evidence,Vulnerability in the Oracle Agile PLM product of Oracle Supply Chain (component: PGC / Excel Plugin).   The supported version that is affected is 9.3.6. Easily exploitable vulnerability allows low privileged attacker with network access via HTTP to c...,Apply vendor security patches.,https://nvd.nist.gov/vuln/detail/CVE-2026-71042
IN-VULN-2026-0739,18-08-2026,CVE-2026-71043,General Enterprise Technology,General Enterprise / Indian Attack Surface,CWE-284,CVSS v3.1: 7.5 — High,Theoretical / no exploitation evidence,Vulnerability in the Oracle Agile PLM product of Oracle Supply Chain (component: Security).   The supported version that is affected is 9.3.6. Easily exploitable vulnerability allows unauthenticated attacker with network access via HTTP to compromise...,Apply vendor security patches.,https://nvd.nist.gov/vuln/detail/CVE-2026-71043
IN-VULN-2026-0740,18-08-2026,CVE-2026-71044,General Enterprise Technology,General Enterprise / Indian Attack Surface,CWE-284,CVSS v3.1: 8.8 — High,Theoretical / no exploitation evidence,Vulnerability in the Oracle Agile PLM product of Oracle Supply Chain (component: Export).   The supported version that is affected is 9.3.6. Easily exploitable vulnerability allows low privileged attacker with network access via HTTP to compromise Or...,Apply vendor security patches.,https://nvd.nist.gov/vuln/detail/CVE-2026-71044
IN-VULN-2026-0741,18-08-2026,CVE-2026-71045,General Enterprise Technology,General Enterprise / Indian Attack Surface,CWE-284,CVSS v3.1: 8.8 — High,Theoretical / no exploitation evidence,Vulnerability in the Oracle Agile PLM product of Oracle Supply Chain (component: Security).   The supported version that is affected is 9.3.6. Easily exploitable vulnerability allows unauthenticated attacker with network access via HTTP to compromise...,Apply vendor security patches.,https://nvd.nist.gov/vuln/detail/CVE-2026-71045
IN-VULN-2026-0742,18-08-2026,CVE-2026-71046,General Enterprise Technology,General Enterprise / Indian Attack Surface,CWE-284,CVSS v3.1: 8.8 — High,Theoretical / no exploitation evidence,Vulnerability in the Oracle Agile PLM product of Oracle Supply Chain (component: Security).   The supported version that is affected is 9.3.6. Easily exploitable vulnerability allows low privileged attacker with logon to the infrastructure where Orac...,Apply vendor security patches.,https://nvd.nist.gov/vuln/detail/CVE-2026-71046
IN-VULN-2026-0743,18-08-2026,CVE-2026-71048,General Enterprise Technology,General Enterprise / Indian Attack Surface,CWE-284,CVSS v3.1: 7.6 — High,Theoretical / no exploitation evidence,Vulnerability in the Oracle Product Lifecycle Analytics product of Oracle Supply Chain (component: Installation Issues).   The supported version that is affected is 3.6.1. Easily exploitable vulnerability allows low privileged attacker with network a...,Apply vendor security patches.,https://nvd.nist.gov/vuln/detail/CVE-2026-71048
IN-VULN-2026-0744,18-08-2026,CVE-2026-71049,General Enterprise Technology,General Enterprise / Indian Attack Surface,CWE-284,CVSS v3.1: 8.5 — High,Theoretical / no exploitation evidence,Vulnerability in the Oracle Product Lifecycle Analytics product of Oracle Supply Chain (component: Installation Issues).   The supported version that is affected is 3.6.1. Easily exploitable vulnerability allows low privileged attacker with network a...,Apply vendor security patches.,https://nvd.nist.gov/vuln/detail/CVE-2026-71049
IN-VULN-2026-0745,18-08-2026,CVE-2026-71050,General Enterprise Technology,General Enterprise / Indian Attack Surface,CWE-284,CVSS v3.1: 8.7 — High,Theoretical / no exploitation evidence,Vulnerability in the Oracle Product Lifecycle Analytics product of Oracle Supply Chain (component: Installation Issues).   The supported version that is affected is 3.6.1. Easily exploitable vulnerability allows high privileged attacker with network ...,Apply vendor security patches.,https://nvd.nist.gov/vuln/detail/CVE-2026-71050
IN-VULN-2026-0746,18-08-2026,CVE-2026-71051,General Enterprise Technology,General Enterprise / Indian Attack Surface,CWE-284,CVSS v3.1: 8.8 — High,Theoretical / no exploitation evidence,Vulnerability in the Oracle Product Lifecycle Analytics product of Oracle Supply Chain (component: Installation Issues).   The supported version that is affected is 3.6.1. Easily exploitable vulnerability allows low privileged attacker with logon to ...,Apply vendor security patches.,https://nvd.nist.gov/vuln/detail/CVE-2026-71051
IN-VULN-2026-0747,18-08-2026,CVE-2026-71052,General Enterprise Technology,General Enterprise / Indian Attack Surface,CWE-284,CVSS v3.1: 8.8 — High,Theoretical / no exploitation evidence,Vulnerability in the Oracle Agile Engineering Data Management product of Oracle Supply Chain (component: Web Services Security).   The supported version that is affected is 6.2.1. Easily exploitable vulnerability allows low privileged attacker with n...,Apply vendor security patches.,https://nvd.nist.gov/vuln/detail/CVE-2026-71052
IN-VULN-2026-0748,18-08-2026,CVE-2026-71053,General Enterprise Technology,General Enterprise / Indian Attack Surface,CWE-284,CVSS v3.1: 8.1 — High,Theoretical / no exploitation evidence,Vulnerability in the Oracle Agile Engineering Data Management product of Oracle Supply Chain (component: Web Services Security).   The supported version that is affected is 6.2.1. Difficult to exploit vulnerability allows unauthenticated attacker wit...,Apply vendor security patches.,https://nvd.nist.gov/vuln/detail/CVE-2026-71053
IN-VULN-2026-0749,18-08-2026,CVE-2026-71055,General Enterprise Technology,General Enterprise / Indian Attack Surface,CWE-284,CVSS v3.1: 8.8 — High,Theoretical / no exploitation evidence,Vulnerability in the Oracle Business Intelligence Enterprise Edition product of Oracle Analytics (component: Platform Security).   The supported version that is affected is 12.2.1.4.0. Easily exploitable vulnerability allows low privileged attacker w...,Apply vendor security patches.,https://nvd.nist.gov/vuln/detail/CVE-2026-71055
IN-VULN-2026-0750,18-08-2026,CVE-2026-71056,General Enterprise Technology,General Enterprise / Indian Attack Surface,CWE-284,CVSS v3.1: 7.7 — High,Theoretical / no exploitation evidence,"Vulnerability in the Oracle Business Intelligence Enterprise Edition product of Oracle Analytics (component: BI Search).  Supported versions that are affected are 8.2.0.0.0, 12.2.1.4.0 and  26.01.0.0.0. Easily exploitable vulnerability allows low pri...",Apply vendor security patches.,https://nvd.nist.gov/vuln/detail/CVE-2026-71056
IN-VULN-2026-0751,18-08-2026,CVE-2026-71057,General Enterprise Technology,General Enterprise / Indian Attack Surface,CWE-284,CVSS v3.1: 8.5 — High,Theoretical / no exploitation evidence,"Vulnerability in the Oracle BI Publisher product of Oracle Analytics (component: BI Platform Security).  Supported versions that are affected are 8.2.0.0.0, 12.2.1.4.0 and  26.1.0.0.0. Easily exploitable vulnerability allows low privileged attacker w...",Apply vendor security patches.,https://nvd.nist.gov/vuln/detail/CVE-2026-71057
IN-VULN-2026-0752,18-08-2026,CVE-2026-71058,General Enterprise Technology,General Enterprise / Indian Attack Surface,CWE-284,CVSS v3.1: 8.8 — High,Theoretical / no exploitation evidence,"Vulnerability in the Oracle BI Publisher product of Oracle Analytics (component: Web Service API).  Supported versions that are affected are 8.2.0.0.0, 12.2.1.4.0 and  26.01.0.0.0. Easily exploitable vulnerability allows low privileged attacker with ...",Apply vendor security patches.,https://nvd.nist.gov/vuln/detail/CVE-2026-71058
IN-VULN-2026-0753,18-08-2026,CVE-2026-71059,General Enterprise Technology,General Enterprise / Indian Attack Surface,CWE-284,CVSS v3.1: 9.9 — Critical,Theoretical / no exploitation evidence,Vulnerability in the Oracle BI Publisher product of Oracle Analytics (component: Web Service API).  Supported versions that are affected are 8.2.0.0.0 and  26.1.0.0.0. Easily exploitable vulnerability allows low privileged attacker with network acces...,Apply vendor security patches.,https://nvd.nist.gov/vuln/detail/CVE-2026-71059
IN-VULN-2026-0754,18-08-2026,CVE-2026-71061,General Enterprise Technology,General Enterprise / Indian Attack Surface,CWE-284,CVSS v3.1: 7.5 — High,Theoretical / no exploitation evidence,Vulnerability in the Oracle Business Intelligence Enterprise Edition product of Oracle Analytics (component: BI Platform Security).  Supported versions that are affected are 8.2.0.0.0 and  26.01.0.0.0. Easily exploitable vulnerability allows unauthen...,Apply vendor security patches.,https://nvd.nist.gov/vuln/detail/CVE-2026-71061
IN-VULN-2026-0755,18-08-2026,CVE-2026-71062,General Enterprise Technology,General Enterprise / Indian Attack Surface,CWE-284,CVSS v3.1: 8.5 — High,Theoretical / no exploitation evidence,Vulnerability in the RDBMS component of Oracle Database Server.  Supported versions that are affected are 23.4.0-23.26.3. Difficult to exploit vulnerability allows low privileged attacker having Authenticated User privilege with network access via Or...,Apply vendor security patches.,https://nvd.nist.gov/vuln/detail/CVE-2026-71062
IN-VULN-2026-0756,18-08-2026,CVE-2026-71063,General Enterprise Technology,General Enterprise / Indian Attack Surface,CWE-284,CVSS v3.1: 9.6 — Critical,Theoretical / no exploitation evidence,"Vulnerability in the Portable Clusterware component of Oracle Database Server.  Supported versions that are affected are 19.3-19.32, 21.3-21.23 and  23.4.0-23.26.3. Easily exploitable vulnerability allows unauthenticated attacker with access to the p...",Apply vendor security patches.,https://nvd.nist.gov/vuln/detail/CVE-2026-71063
IN-VULN-2026-0757,18-08-2026,CVE-2026-71064,General Enterprise Technology,General Enterprise / Indian Attack Surface,NVD-CWE-noinfo,CVSS v3.1: 9.6 — Critical,Theoretical / no exploitation evidence,"Vulnerability in the Portable Clusterware component of Oracle Database Server.  Supported versions that are affected are 19.3-19.32, 21.3-21.23 and  23.4.0-23.26.3. Easily exploitable vulnerability allows unauthenticated attacker with access to the p...",Apply vendor security patches.,https://nvd.nist.gov/vuln/detail/CVE-2026-71064
IN-VULN-2026-0758,18-08-2026,CVE-2026-71065,General Enterprise Technology,General Enterprise / Indian Attack Surface,CWE-284,CVSS v3.1: 9.3 — Critical,Theoretical / no exploitation evidence,Vulnerability in the Helidon product of Oracle Fusion Middleware (component: Imperative Web Server).  Supported versions that are affected are 3.0.0-3.2.17. Easily exploitable vulnerability allows unauthenticated attacker with network access via HTTP...,Apply vendor security patches.,https://nvd.nist.gov/vuln/detail/CVE-2026-71065
IN-VULN-2026-0759,18-08-2026,CVE-2026-71067,General Enterprise Technology,General Enterprise / Indian Attack Surface,CWE-306,CVSS v3.1: 8.8 — High,Theoretical / no exploitation evidence,Vulnerability in the Oracle Agile PLM MCAD Connector product of Oracle Supply Chain (component: CAX Client).   The supported version that is affected is 3.6. Easily exploitable vulnerability allows low privileged attacker with network access via HTTP...,Apply vendor security patches.,https://nvd.nist.gov/vuln/detail/CVE-2026-71067
IN-VULN-2026-0760,18-08-2026,CVE-2026-71068,General Enterprise Technology,General Enterprise / Indian Attack Surface,CWE-306,CVSS v3.1: 8.1 — High,Theoretical / no exploitation evidence,Vulnerability in the Oracle Agile PLM MCAD Connector product of Oracle Supply Chain (component: CAX Client).   The supported version that is affected is 3.6. Difficult to exploit vulnerability allows unauthenticated attacker with network access via H...,Apply vendor security patches.,https://nvd.nist.gov/vuln/detail/CVE-2026-71068
IN-VULN-2026-0761,18-08-2026,CVE-2026-71069,General Enterprise Technology,General Enterprise / Indian Attack Surface,CWE-284,CVSS v3.1: 7.5 — High,Theoretical / no exploitation evidence,Vulnerability in the Oracle Agile PLM MCAD Connector product of Oracle Supply Chain (component: CAX Client).   The supported version that is affected is 3.6. Difficult to exploit vulnerability allows low privileged attacker with network access via HT...,Apply vendor security patches.,https://nvd.nist.gov/vuln/detail/CVE-2026-71069
IN-VULN-2026-0762,18-08-2026,CVE-2026-71074,General Enterprise Technology,General Enterprise / Indian Attack Surface,CWE-284,CVSS v3.1: 9.8 — Critical,Theoretical / no exploitation evidence,Vulnerability in the Helidon product of Oracle Fusion Middleware (component: Imperative Web Server).  Supported versions that are affected are 1.0.0-1.4.19 and  3.0.0-3.2.17. Easily exploitable vulnerability allows unauthenticated attacker with netwo...,Apply vendor security patches.,https://nvd.nist.gov/vuln/detail/CVE-2026-71074
IN-VULN-2026-0763,18-08-2026,CVE-2026-71092,General Enterprise Technology,General Enterprise / Indian Attack Surface,CWE-284,CVSS v3.1: 7.5 — High,Theoretical / no exploitation evidence,Vulnerability in the PeopleSoft Enterprise FIN Lease Administration product of Oracle PeopleSoft (component: Lease Administration).   The supported version that is affected is 9.2. Difficult to exploit vulnerability allows low privileged attacker wit...,Apply vendor security patches.,https://nvd.nist.gov/vuln/detail/CVE-2026-71092
IN-VULN-2026-0764,18-08-2026,CVE-2026-71094,General Enterprise Technology,General Enterprise / Indian Attack Surface,CWE-284,CVSS v3.1: 7.3 — High,Theoretical / no exploitation evidence,Vulnerability in the Oracle Business Intelligence Enterprise Edition product of Oracle Analytics (component: Presentation Services).   The supported version that is affected is 12.2.1.4.0. Easily exploitable vulnerability allows low privileged attack...,Apply vendor security patches.,https://nvd.nist.gov/vuln/detail/CVE-2026-71094
IN-VULN-2026-0765,18-08-2026,CVE-2026-71095,General Enterprise Technology,General Enterprise / Indian Attack Surface,CWE-284,CVSS v3.1: 8.3 — High,Theoretical / no exploitation evidence,Vulnerability in the Oracle Business Intelligence Enterprise Edition product of Oracle Analytics (component: BI Platform Security).   The supported version that is affected is 12.2.1.4.0. Easily exploitable vulnerability allows low privileged attacke...,Apply vendor security patches.,https://nvd.nist.gov/vuln/detail/CVE-2026-71095
IN-VULN-2026-0766,18-08-2026,CVE-2026-71096,General Enterprise Technology,General Enterprise / Indian Attack Surface,CWE-284,CVSS v3.1: 8.2 — High,Theoretical / no exploitation evidence,"Vulnerability in the Oracle Business Intelligence Enterprise Edition product of Oracle Analytics (component: BI Platform Security).  Supported versions that are affected are 8.2.0.0.0, 12.2.1.4.0 and  26.01.0.0.0. Difficult to exploit vulnerability a...",Apply vendor security patches.,https://nvd.nist.gov/vuln/detail/CVE-2026-71096
IN-VULN-2026-0767,18-08-2026,CVE-2026-71097,General Enterprise Technology,General Enterprise / Indian Attack Surface,CWE-284,CVSS v3.1: 7.8 — High,Theoretical / no exploitation evidence,Vulnerability in the Oracle Business Intelligence Enterprise Edition product of Oracle Analytics (component: Platform Security).   The supported version that is affected is 26.01.0.0.0. Easily exploitable vulnerability allows low privileged attacker ...,Apply vendor security patches.,https://nvd.nist.gov/vuln/detail/CVE-2026-71097
IN-VULN-2026-0768,18-08-2026,CVE-2026-71098,General Enterprise Technology,General Enterprise / Indian Attack Surface,CWE-284,CVSS v3.1: 7.0 — High,Theoretical / no exploitation evidence,Vulnerability in the Oracle Business Intelligence Enterprise Edition product of Oracle Analytics (component: Platform Security).   The supported version that is affected is 26.01.0.0.0. Difficult to exploit vulnerability allows low privileged attacke...,Apply vendor security patches.,https://nvd.nist.gov/vuln/detail/CVE-2026-71098
IN-VULN-2026-0769,18-08-2026,CVE-2026-71099,General Enterprise Technology,General Enterprise / Indian Attack Surface,CWE-284,CVSS v3.1: 7.2 — High,Theoretical / no exploitation evidence,Vulnerability in the Oracle Business Intelligence Enterprise Edition product of Oracle Analytics (component: Analytics Web Answers).   The supported version that is affected is 26.01.0.0.0. Easily exploitable vulnerability allows high privileged atta...,Apply vendor security patches.,https://nvd.nist.gov/vuln/detail/CVE-2026-71099
IN-VULN-2026-0770,18-08-2026,CVE-2026-71101,General Enterprise Technology,General Enterprise / Indian Attack Surface,CWE-284,CVSS v3.1: 7.8 — High,Theoretical / no exploitation evidence,Vulnerability in the Oracle HRMS (US) product of Oracle E-Business Suite (component: US Payroll Tax Issues).  Supported versions that are affected are 12.2.3-12.2.15. Easily exploitable vulnerability allows low privileged attacker with logon to the i...,Apply vendor security patches.,https://nvd.nist.gov/vuln/detail/CVE-2026-71101
IN-VULN-2026-0771,18-08-2026,CVE-2026-71102,General Enterprise Technology,General Enterprise / Indian Attack Surface,CWE-284,CVSS v3.1: 9.1 — Critical,Theoretical / no exploitation evidence,"Vulnerability in the Portable Clusterware component of Oracle Database Server.  Supported versions that are affected are 19.3-19.32, 21.3-21.23 and  23.4.0-23.26.3. Easily exploitable vulnerability allows unauthenticated attacker with network access ...",Apply vendor security patches.,https://nvd.nist.gov/vuln/detail/CVE-2026-71102
IN-VULN-2026-0772,18-08-2026,CVE-2026-71104,General Enterprise Technology,General Enterprise / Indian Attack Surface,CWE-284,CVSS v3.1: 7.2 — High,Theoretical / no exploitation evidence,Vulnerability in the Oracle HRMS (Netherlands) product of Oracle E-Business Suite (component: Netherlands Payroll).  Supported versions that are affected are 12.2.3-12.2.15. Easily exploitable vulnerability allows high privileged attacker with networ...,Apply vendor security patches.,https://nvd.nist.gov/vuln/detail/CVE-2026-71104
IN-VULN-2026-0773,18-08-2026,CVE-2026-71106,General Enterprise Technology,General Enterprise / Indian Attack Surface,CWE-284,CVSS v3.1: 8.8 — High,Theoretical / no exploitation evidence,Vulnerability in the Oracle Hospitality OPERA 5 Property Services product of Oracle Hospitality Applications (component: Opera Servlet).  Supported versions that are affected are 5.6.28.0-5.6.28.1. Easily exploitable vulnerability allows unauthentica...,Apply vendor security patches.,https://nvd.nist.gov/vuln/detail/CVE-2026-71106
IN-VULN-2026-0774,18-08-2026,CVE-2026-71107,General Enterprise Technology,General Enterprise / Indian Attack Surface,CWE-284,CVSS v3.1: 7.5 — High,Theoretical / no exploitation evidence,Vulnerability in the Oracle Business Intelligence Enterprise Edition product of Oracle Analytics (component: Analytics Server).  Supported versions that are affected are 8.2.0.0.0 and  26.01.0.0.0. Easily exploitable vulnerability allows unauthentica...,Apply vendor security patches.,https://nvd.nist.gov/vuln/detail/CVE-2026-71107
IN-VULN-2026-0775,18-08-2026,CVE-2026-71110,General Enterprise Technology,General Enterprise / Indian Attack Surface,CWE-269,CVSS v3.1: 8.1 — High,Theoretical / no exploitation evidence,"Vulnerability in the Helidon product of Oracle Fusion Middleware (component: Imperative Web Server).  Supported versions that are affected are 1.0.0-1.4.18, 3.0.0-3.2.17 and  4.0.0-4.4.1. Easily exploitable vulnerability allows low privileged attacke...",Apply vendor security patches.,https://nvd.nist.gov/vuln/detail/CVE-2026-71110
IN-VULN-2026-0776,18-08-2026,CVE-2026-71111,General Enterprise Technology,General Enterprise / Indian Attack Surface,NVD-CWE-noinfo,CVSS v3.1: 7.8 — High,Theoretical / no exploitation evidence,Vulnerability in the Oracle Identity Manager product of Oracle Fusion Middleware (component: Installer).  Supported versions that are affected are 12.2.1.4.0 and  14.1.2.1.0. Easily exploitable vulnerability allows low privileged attacker with logon ...,Apply vendor security patches.,https://nvd.nist.gov/vuln/detail/CVE-2026-71111
IN-VULN-2026-0777,18-08-2026,CVE-2026-71112,General Enterprise Technology,General Enterprise / Indian Attack Surface,CWE-284,CVSS v3.1: 8.1 — High,Theoretical / no exploitation evidence,Vulnerability in the PeopleSoft Enterprise FIN Common Objects product of Oracle PeopleSoft (component: Security).   The supported version that is affected is 9.2. Difficult to exploit vulnerability allows unauthenticated attacker with network access ...,Apply vendor security patches.,https://nvd.nist.gov/vuln/detail/CVE-2026-71112
IN-VULN-2026-0778,18-08-2026,CVE-2026-71113,General Enterprise Technology,General Enterprise / Indian Attack Surface,CWE-284,CVSS v3.1: 7.5 — High,Theoretical / no exploitation evidence,Vulnerability in the Oracle VM VirtualBox product of Oracle Virtualization (component: Core).   The supported version that is affected is 7.2.14. Easily exploitable vulnerability allows unauthenticated attacker with network access via RDP to compromi...,Apply vendor security patches.,https://nvd.nist.gov/vuln/detail/CVE-2026-71113
IN-VULN-2026-0779,18-08-2026,CVE-2026-71116,General Enterprise Technology,General Enterprise / Indian Attack Surface,CWE-284,CVSS v3.1: 7.5 — High,Theoretical / no exploitation evidence,Vulnerability in the Oracle VM VirtualBox product of Oracle Virtualization (component: Core).   The supported version that is affected is 7.2.14. Difficult to exploit vulnerability allows high privileged attacker with logon to the infrastructure wher...,Apply vendor security patches.,https://nvd.nist.gov/vuln/detail/CVE-2026-71116
IN-VULN-2026-0780,18-08-2026,CVE-2026-71117,General Enterprise Technology,General Enterprise / Indian Attack Surface,CWE-284,CVSS v3.1: 7.5 — High,Theoretical / no exploitation evidence,Vulnerability in the Oracle Hyperion Financial Management product of Oracle Hyperion (component: Security).   The supported version that is affected is 11.2.25.0.000. Difficult to exploit vulnerability allows high privileged attacker with logon to th...,Apply vendor security patches.,https://nvd.nist.gov/vuln/detail/CVE-2026-71117
IN-VULN-2026-0781,18-08-2026,CVE-2026-71122,General Enterprise Technology,General Enterprise / Indian Attack Surface,CWE-284,CVSS v3.1: 8.0 — High,Theoretical / no exploitation evidence,Vulnerability in the Oracle Business Intelligence Enterprise Edition product of Oracle Analytics (component: Platform Security).   The supported version that is affected is 26.01.0.0.0. Difficult to exploit vulnerability allows high privileged attack...,Apply vendor security patches.,https://nvd.nist.gov/vuln/detail/CVE-2026-71122
IN-VULN-2026-0782,18-08-2026,CVE-2026-71126,General Enterprise Technology,General Enterprise / Indian Attack Surface,CWE-284,CVSS v3.1: 7.8 — High,Theoretical / no exploitation evidence,Vulnerability in the Oracle VM VirtualBox product of Oracle Virtualization (component: Core).   The supported version that is affected is 7.2.14. Difficult to exploit vulnerability allows low privileged attacker with logon to the infrastructure where...,Apply vendor security patches.,https://nvd.nist.gov/vuln/detail/CVE-2026-71126
IN-VULN-2026-0783,18-08-2026,CVE-2026-71129,General Enterprise Technology,General Enterprise / Indian Attack Surface,CWE-284,CVSS v3.1: 8.2 — High,Theoretical / no exploitation evidence,Vulnerability in the Oracle VM VirtualBox product of Oracle Virtualization (component: Core).   The supported version that is affected is 7.2.14. Easily exploitable vulnerability allows high privileged attacker with logon to the infrastructure where ...,Apply vendor security patches.,https://nvd.nist.gov/vuln/detail/CVE-2026-71129
IN-VULN-2026-0784,18-08-2026,CVE-2026-71130,General Enterprise Technology,General Enterprise / Indian Attack Surface,CWE-284,CVSS v3.1: 8.2 — High,Theoretical / no exploitation evidence,Vulnerability in the Oracle VM VirtualBox product of Oracle Virtualization (component: Core).   The supported version that is affected is 7.2.14. Easily exploitable vulnerability allows unauthenticated attacker with network access via RDP to compromi...,Apply vendor security patches.,https://nvd.nist.gov/vuln/detail/CVE-2026-71130
IN-VULN-2026-0785,18-08-2026,CVE-2026-71131,General Enterprise Technology,General Enterprise / Indian Attack Surface,CWE-284,CVSS v3.1: 8.6 — High,Theoretical / no exploitation evidence,Vulnerability in the Oracle VM VirtualBox product of Oracle Virtualization (component: Core).   The supported version that is affected is 7.2.14. Easily exploitable vulnerability allows unauthenticated attacker with logon to the infrastructure where ...,Apply vendor security patches.,https://nvd.nist.gov/vuln/detail/CVE-2026-71131
IN-VULN-2026-0786,18-08-2026,CVE-2026-71136,General Enterprise Technology,General Enterprise / Indian Attack Surface,CWE-284,CVSS v3.1: 7.3 — High,Theoretical / no exploitation evidence,Vulnerability in the Oracle VM VirtualBox product of Oracle Virtualization (component: Core).   The supported version that is affected is 7.2.14. Easily exploitable vulnerability allows high privileged attacker with logon to the infrastructure where ...,Apply vendor security patches.,https://nvd.nist.gov/vuln/detail/CVE-2026-71136
IN-VULN-2026-0787,18-08-2026,CVE-2026-71138,General Enterprise Technology,General Enterprise / Indian Attack Surface,CWE-284,CVSS v3.1: 7.3 — High,Theoretical / no exploitation evidence,Vulnerability in the Oracle VM VirtualBox product of Oracle Virtualization (component: Core).   The supported version that is affected is 7.2.14. Easily exploitable vulnerability allows high privileged attacker with logon to the infrastructure where ...,Apply vendor security patches.,https://nvd.nist.gov/vuln/detail/CVE-2026-71138
IN-VULN-2026-0788,18-08-2026,CVE-2026-71141,General Enterprise Technology,General Enterprise / Indian Attack Surface,CWE-284,CVSS v3.1: 7.7 — High,Theoretical / no exploitation evidence,Vulnerability in the Oracle VM VirtualBox product of Oracle Virtualization (component: Core).   The supported version that is affected is 7.2.14. Easily exploitable vulnerability allows unauthenticated attacker with logon to the infrastructure where ...,Apply vendor security patches.,https://nvd.nist.gov/vuln/detail/CVE-2026-71141
IN-VULN-2026-0789,18-08-2026,CVE-2026-71142,General Enterprise Technology,General Enterprise / Indian Attack Surface,CWE-284,CVSS v3.1: 7.5 — High,Theoretical / no exploitation evidence,"Vulnerability in the Oracle Communications Unified Inventory Management product of Oracle Communications (component: Security Component).  Supported versions that are affected are 7.5.0-7.5.1, 7.6.0-7.8.0 and  8.0.1. Easily exploitable vulnerability ...",Apply vendor security patches.,https://nvd.nist.gov/vuln/detail/CVE-2026-71142
IN-VULN-2026-0790,18-08-2026,CVE-2026-71143,General Enterprise Technology,General Enterprise / Indian Attack Surface,CWE-284,CVSS v3.1: 7.4 — High,Theoretical / no exploitation evidence,"Vulnerability in the Oracle Communications Unified Inventory Management product of Oracle Communications (component: Third Party).  Supported versions that are affected are 7.5.0, 7.5.1, 7.6.0-7.8.0 and  8.0.1. Difficult to exploit vulnerability allo...",Apply vendor security patches.,https://nvd.nist.gov/vuln/detail/CVE-2026-71143
IN-VULN-2026-0791,18-08-2026,CVE-2026-71150,General Enterprise Technology,General Enterprise / Indian Attack Surface,CWE-269,CVSS v3.1: 8.8 — High,Theoretical / no exploitation evidence,Vulnerability in the Oracle Hyperion Financial Management product of Oracle Hyperion (component: Security).   The supported version that is affected is 11.2.25.0.000. Easily exploitable vulnerability allows low privileged attacker with network access...,Apply vendor security patches.,https://nvd.nist.gov/vuln/detail/CVE-2026-71150
IN-VULN-2026-0792,18-08-2026,CVE-2026-71152,General Enterprise Technology,General Enterprise / Indian Attack Surface,CWE-284,CVSS v3.1: 9.8 — Critical,Theoretical / no exploitation evidence,Vulnerability in the Helidon product of Oracle Fusion Middleware (component: Imperative Web Server).  Supported versions that are affected are 3.0.0-3.2.17 and  4.0.0-4.4.1. Easily exploitable vulnerability allows unauthenticated attacker with networ...,Apply vendor security patches.,https://nvd.nist.gov/vuln/detail/CVE-2026-71152
IN-VULN-2026-0793,18-08-2026,CVE-2026-71153,General Enterprise Technology,General Enterprise / Indian Attack Surface,CWE-284,CVSS v3.1: 7.5 — High,Theoretical / no exploitation evidence,Vulnerability in the Helidon product of Oracle Fusion Middleware (component: Imperative Web Server).  Supported versions that are affected are 1.0.0-1.4.19. Easily exploitable vulnerability allows unauthenticated attacker with network access via HTTP...,Apply vendor security patches.,https://nvd.nist.gov/vuln/detail/CVE-2026-71153
IN-VULN-2026-0794,18-08-2026,CVE-2026-71155,General Enterprise Technology,General Enterprise / Indian Attack Surface,CWE-284,CVSS v3.1: 8.5 — High,Theoretical / no exploitation evidence,Vulnerability in the Helidon product of Oracle Fusion Middleware (component: Imperative Web Server).  Supported versions that are affected are 3.0.0-3.2.17. Easily exploitable vulnerability allows low privileged attacker with network access via HTTP ...,Apply vendor security patches.,https://nvd.nist.gov/vuln/detail/CVE-2026-71155
IN-VULN-2026-0795,18-08-2026,CVE-2026-71158,General Enterprise Technology,General Enterprise / Indian Attack Surface,CWE-284,CVSS v3.1: 7.5 — High,Theoretical / no exploitation evidence,Vulnerability in the Helidon product of Oracle Fusion Middleware (component: Imperative Web Server).  Supported versions that are affected are 3.0.0-3.2.17. Easily exploitable vulnerability allows unauthenticated attacker with network access via HTTP...,Apply vendor security patches.,https://nvd.nist.gov/vuln/detail/CVE-2026-71158
IN-VULN-2026-0796,18-08-2026,CVE-2026-71159,General Enterprise Technology,General Enterprise / Indian Attack Surface,CWE-284,CVSS v3.1: 8.2 — High,Theoretical / no exploitation evidence,Vulnerability in the Helidon product of Oracle Fusion Middleware (component: Imperative Web Server).  Supported versions that are affected are 3.0.0-3.2.17. Easily exploitable vulnerability allows unauthenticated attacker with network access via HTTP...,Apply vendor security patches.,https://nvd.nist.gov/vuln/detail/CVE-2026-71159
IN-VULN-2026-0797,18-08-2026,CVE-2026-71160,General Enterprise Technology,General Enterprise / Indian Attack Surface,CWE-284,CVSS v3.1: 7.5 — High,Theoretical / no exploitation evidence,Vulnerability in the Helidon product of Oracle Fusion Middleware (component: Imperative Web Server).  Supported versions that are affected are 1.0.0-1.4.18 and  3.0.0-3.2.17. Difficult to exploit vulnerability allows low privileged attacker with netw...,Apply vendor security patches.,https://nvd.nist.gov/vuln/detail/CVE-2026-71160
IN-VULN-2026-0798,18-08-2026,CVE-2026-71164,General Enterprise Technology,General Enterprise / Indian Attack Surface,CWE-284,CVSS v3.1: 9.8 — Critical,Theoretical / no exploitation evidence,Vulnerability in the Helidon product of Oracle Fusion Middleware (component: Imperative Web Server).  Supported versions that are affected are 3.0.0-3.2.17. Easily exploitable vulnerability allows unauthenticated attacker with network access via HTTP...,Apply vendor security patches.,https://nvd.nist.gov/vuln/detail/CVE-2026-71164
IN-VULN-2026-0799,18-08-2026,CVE-2026-71166,General Enterprise Technology,General Enterprise / Indian Attack Surface,CWE-284,CVSS v3.1: 9.4 — Critical,Theoretical / no exploitation evidence,Vulnerability in the Helidon product of Oracle Fusion Middleware (component: Imperative Web Server).  Supported versions that are affected are 3.0.0-3.2.17. Easily exploitable vulnerability allows unauthenticated attacker with network access via HTTP...,Apply vendor security patches.,https://nvd.nist.gov/vuln/detail/CVE-2026-71166
IN-VULN-2026-0800,18-08-2026,CVE-2026-71167,General Enterprise Technology,General Enterprise / Indian Attack Surface,CWE-284,CVSS v3.1: 9.4 — Critical,Theoretical / no exploitation evidence,Vulnerability in the Helidon product of Oracle Fusion Middleware (component: Imperative Web Server).  Supported versions that are affected are 4.0.0-4.4.1. Easily exploitable vulnerability allows unauthenticated attacker with network access via HTTP ...,Apply vendor security patches.,https://nvd.nist.gov/vuln/detail/CVE-2026-71167
IN-VULN-2026-0801,18-08-2026,CVE-2026-73865,General Enterprise Technology,General Enterprise / Indian Attack Surface,CWE-284,CVSS v3.1: 9.1 — Critical,Theoretical / no exploitation evidence,Vulnerability in the Helidon product of Oracle Fusion Middleware (component: Imperative Web Server).  Supported versions that are affected are 3.0.0-3.2.17. Easily exploitable vulnerability allows unauthenticated attacker with network access via HTTP...,Apply vendor security patches.,https://nvd.nist.gov/vuln/detail/CVE-2026-73865
IN-VULN-2026-0802,18-08-2026,CVE-2026-73866,General Enterprise Technology,General Enterprise / Indian Attack Surface,CWE-284,CVSS v3.1: 9.1 — Critical,Theoretical / no exploitation evidence,Vulnerability in the Helidon product of Oracle Fusion Middleware (component: Imperative Web Server).  Supported versions that are affected are 4.0.0-4.4.1. Easily exploitable vulnerability allows unauthenticated attacker with network access via HTTP ...,Apply vendor security patches.,https://nvd.nist.gov/vuln/detail/CVE-2026-73866
IN-VULN-2026-0803,18-08-2026,CVE-2026-73875,General Enterprise Technology,General Enterprise / Indian Attack Surface,CWE-284,CVSS v3.1: 7.2 — High,Theoretical / no exploitation evidence,Vulnerability in the Helidon product of Oracle Fusion Middleware (component: Imperative Web Server).  Supported versions that are affected are 3.0.0-3.2.18. Easily exploitable vulnerability allows unauthenticated attacker with network access via HTTP...,Apply vendor security patches.,https://nvd.nist.gov/vuln/detail/CVE-2026-73875
IN-VULN-2026-0804,18-08-2026,CVE-2026-73876,General Enterprise Technology,General Enterprise / Indian Attack Surface,CWE-284,CVSS v3.1: 7.2 — High,Theoretical / no exploitation evidence,Vulnerability in the Helidon product of Oracle Fusion Middleware (component: Imperative Web Server).  Supported versions that are affected are 4.0.0-4.5.0. Easily exploitable vulnerability allows unauthenticated attacker with network access via HTTP ...,Apply vendor security patches.,https://nvd.nist.gov/vuln/detail/CVE-2026-73876
IN-VULN-2026-0805,18-08-2026,CVE-2026-73878,General Enterprise Technology,General Enterprise / Indian Attack Surface,CWE-200,CVSS v3.1: 7.5 — High,Theoretical / no exploitation evidence,Vulnerability in the Helidon product of Oracle Fusion Middleware (component: Imperative Web Server).  Supported versions that are affected are 3.0.0-3.2.17. Easily exploitable vulnerability allows unauthenticated attacker with network access via HTTP...,Apply vendor security patches.,https://nvd.nist.gov/vuln/detail/CVE-2026-73878
IN-VULN-2026-0806,18-08-2026,CVE-2026-73879,General Enterprise Technology,General Enterprise / Indian Attack Surface,CWE-284,CVSS v3.1: 7.5 — High,Theoretical / no exploitation evidence,Vulnerability in the Helidon product of Oracle Fusion Middleware (component: Imperative Web Server).  Supported versions that are affected are 4.0.0-4.5.0. Easily exploitable vulnerability allows unauthenticated attacker with network access via HTTP ...,Apply vendor security patches.,https://nvd.nist.gov/vuln/detail/CVE-2026-73879
IN-VULN-2026-0807,18-08-2026,CVE-2026-73882,General Enterprise Technology,General Enterprise / Indian Attack Surface,CWE-400,CVSS v3.1: 7.5 — High,Theoretical / no exploitation evidence,Vulnerability in the Helidon product of Oracle Fusion Middleware (component: Imperative Web Server).  Supported versions that are affected are 3.0.0-3.2.18. Easily exploitable vulnerability allows unauthenticated attacker with network access via HTTP...,Apply vendor security patches.,https://nvd.nist.gov/vuln/detail/CVE-2026-73882
IN-VULN-2026-0808,18-08-2026,CVE-2026-73883,General Enterprise Technology,General Enterprise / Indian Attack Surface,CWE-200,CVSS v3.1: 7.5 — High,Theoretical / no exploitation evidence,Vulnerability in the Helidon product of Oracle Fusion Middleware (component: Imperative Web Server).  Supported versions that are affected are 3.0.0-3.2.17. Easily exploitable vulnerability allows unauthenticated attacker with network access via HTTP...,Apply vendor security patches.,https://nvd.nist.gov/vuln/detail/CVE-2026-73883
IN-VULN-2026-0809,18-08-2026,CVE-2026-73884,General Enterprise Technology,General Enterprise / Indian Attack Surface,CWE-200,CVSS v3.1: 7.5 — High,Theoretical / no exploitation evidence,Vulnerability in the Helidon product of Oracle Fusion Middleware (component: Imperative Web Server).  Supported versions that are affected are 4.0.0-4.4.1. Easily exploitable vulnerability allows unauthenticated attacker with network access via HTTP ...,Apply vendor security patches.,https://nvd.nist.gov/vuln/detail/CVE-2026-73884
IN-VULN-2026-0810,18-08-2026,CVE-2026-73885,General Enterprise Technology,General Enterprise / Indian Attack Surface,CWE-284,CVSS v3.1: 7.2 — High,Theoretical / no exploitation evidence,Vulnerability in the Helidon product of Oracle Fusion Middleware (component: Imperative Web Server).  Supported versions that are affected are 3.0.0-3.2.17. Easily exploitable vulnerability allows unauthenticated attacker with network access via HTTP...,Apply vendor security patches.,https://nvd.nist.gov/vuln/detail/CVE-2026-73885
IN-VULN-2026-0811,18-08-2026,CVE-2026-73886,General Enterprise Technology,General Enterprise / Indian Attack Surface,CWE-284,CVSS v3.1: 7.2 — High,Theoretical / no exploitation evidence,Vulnerability in the Helidon product of Oracle Fusion Middleware (component: Imperative Web Server).  Supported versions that are affected are 4.0.0-4.4.1. Easily exploitable vulnerability allows unauthenticated attacker with network access via HTTP ...,Apply vendor security patches.,https://nvd.nist.gov/vuln/detail/CVE-2026-73886
IN-VULN-2026-0812,18-08-2026,CVE-2026-73887,General Enterprise Technology,General Enterprise / Indian Attack Surface,CWE-284,CVSS v3.1: 7.5 — High,Theoretical / no exploitation evidence,Vulnerability in the Helidon product of Oracle Fusion Middleware (component: Imperative Web Server).  Supported versions that are affected are 4.0.0-4.4.1. Easily exploitable vulnerability allows unauthenticated attacker with network access via HTTP/...,Apply vendor security patches.,https://nvd.nist.gov/vuln/detail/CVE-2026-73887
IN-VULN-2026-0813,18-08-2026,CVE-2026-73890,General Enterprise Technology,General Enterprise / Indian Attack Surface,CWE-284,CVSS v3.1: 7.5 — High,Theoretical / no exploitation evidence,Vulnerability in the Helidon product of Oracle Fusion Middleware (component: Imperative Web Server).  Supported versions that are affected are 4.0.0-4.4.1. Easily exploitable vulnerability allows unauthenticated attacker with network access via HTTP/...,Apply vendor security patches.,https://nvd.nist.gov/vuln/detail/CVE-2026-73890
IN-VULN-2026-0814,18-08-2026,CVE-2026-73891,General Enterprise Technology,General Enterprise / Indian Attack Surface,CWE-284,CVSS v3.1: 7.3 — High,Theoretical / no exploitation evidence,Vulnerability in the Helidon product of Oracle Fusion Middleware (component: Imperative Web Server).  Supported versions that are affected are 4.0.0-4.4.1. Easily exploitable vulnerability allows unauthenticated attacker with network access via HTTP ...,Apply vendor security patches.,https://nvd.nist.gov/vuln/detail/CVE-2026-73891
IN-VULN-2026-0815,18-08-2026,CVE-2026-73894,General Enterprise Technology,General Enterprise / Indian Attack Surface,CWE-284,CVSS v3.1: 7.3 — High,Theoretical / no exploitation evidence,Vulnerability in the Helidon product of Oracle Fusion Middleware (component: Imperative Web Server).  Supported versions that are affected are 4.0.0-4.4.1. Easily exploitable vulnerability allows unauthenticated attacker with network access via HTTP ...,Apply vendor security patches.,https://nvd.nist.gov/vuln/detail/CVE-2026-73894
IN-VULN-2026-0816,18-08-2026,CVE-2026-73902,General Enterprise Technology,General Enterprise / Indian Attack Surface,CWE-284,CVSS v3.1: 7.5 — High,Theoretical / no exploitation evidence,Vulnerability in the Helidon product of Oracle Fusion Middleware (component: Imperative Web Server).  Supported versions that are affected are 3.0.0-3.2.18. Easily exploitable vulnerability allows unauthenticated attacker with network access via HTTP...,Apply vendor security patches.,https://nvd.nist.gov/vuln/detail/CVE-2026-73902
IN-VULN-2026-0817,18-08-2026,CVE-2026-73903,General Enterprise Technology,General Enterprise / Indian Attack Surface,CWE-284,CVSS v3.1: 7.5 — High,Theoretical / no exploitation evidence,Vulnerability in the Helidon product of Oracle Fusion Middleware (component: Imperative Web Server).  Supported versions that are affected are 4.0.0-4.5.0. Easily exploitable vulnerability allows unauthenticated attacker with network access via HTTP ...,Apply vendor security patches.,https://nvd.nist.gov/vuln/detail/CVE-2026-73903
IN-VULN-2026-0818,18-08-2026,CVE-2026-73905,General Enterprise Technology,General Enterprise / Indian Attack Surface,CWE-284,CVSS v3.1: 9.8 — Critical,Theoretical / no exploitation evidence,Vulnerability in the Helidon product of Oracle Fusion Middleware (component: Imperative Web Server).  Supported versions that are affected are 4.0.0-4.4.1. Easily exploitable vulnerability allows unauthenticated attacker with network access via HTTP ...,Apply vendor security patches.,https://nvd.nist.gov/vuln/detail/CVE-2026-73905
IN-VULN-2026-0819,18-08-2026,CVE-2026-73907,General Enterprise Technology,General Enterprise / Indian Attack Surface,CWE-284,CVSS v3.1: 7.5 — High,Theoretical / no exploitation evidence,Vulnerability in the Helidon product of Oracle Fusion Middleware (component: Imperative Web Server).  Supported versions that are affected are 3.0.0-3.2.17. Easily exploitable vulnerability allows unauthenticated attacker with network access via HTTP...,Apply vendor security patches.,https://nvd.nist.gov/vuln/detail/CVE-2026-73907
IN-VULN-2026-0820,18-08-2026,CVE-2026-73908,General Enterprise Technology,General Enterprise / Indian Attack Surface,CWE-284,CVSS v3.1: 7.5 — High,Theoretical / no exploitation evidence,Vulnerability in the Helidon product of Oracle Fusion Middleware (component: Imperative Web Server).  Supported versions that are affected are 4.0.0-4.4.1. Easily exploitable vulnerability allows unauthenticated attacker with network access via HTTP ...,Apply vendor security patches.,https://nvd.nist.gov/vuln/detail/CVE-2026-73908
IN-VULN-2026-0821,18-08-2026,CVE-2026-73912,General Enterprise Technology,General Enterprise / Indian Attack Surface,CWE-284,CVSS v3.1: 9.8 — Critical,Theoretical / no exploitation evidence,Vulnerability in the Helidon product of Oracle Fusion Middleware (component: Imperative Web Server).  Supported versions that are affected are 4.0.0-4.4.1. Easily exploitable vulnerability allows unauthenticated attacker with network access via HTTP ...,Apply vendor security patches.,https://nvd.nist.gov/vuln/detail/CVE-2026-73912
IN-VULN-2026-0822,18-08-2026,CVE-2026-73915,General Enterprise Technology,General Enterprise / Indian Attack Surface,CWE-284,CVSS v3.1: 7.5 — High,Theoretical / no exploitation evidence,Vulnerability in the Helidon product of Oracle Fusion Middleware (component: Imperative Web Server).  Supported versions that are affected are 4.0.0-4.4.1. Easily exploitable vulnerability allows unauthenticated attacker with network access via HTTP ...,Apply vendor security patches.,https://nvd.nist.gov/vuln/detail/CVE-2026-73915
IN-VULN-2026-0823,18-08-2026,CVE-2026-73916,General Enterprise Technology,General Enterprise / Indian Attack Surface,CWE-284,CVSS v3.1: 9.1 — Critical,Theoretical / no exploitation evidence,Vulnerability in the Helidon product of Oracle Fusion Middleware (component: Imperative Web Server).  Supported versions that are affected are 3.0.0-3.2.17. Easily exploitable vulnerability allows unauthenticated attacker with network access via HTTP...,Apply vendor security patches.,https://nvd.nist.gov/vuln/detail/CVE-2026-73916
IN-VULN-2026-0824,18-08-2026,CVE-2026-73917,General Enterprise Technology,General Enterprise / Indian Attack Surface,CWE-284,CVSS v3.1: 9.1 — Critical,Theoretical / no exploitation evidence,Vulnerability in the Helidon product of Oracle Fusion Middleware (component: Imperative Web Server).  Supported versions that are affected are 4.0.0-4.4.1. Easily exploitable vulnerability allows unauthenticated attacker with network access via HTTP ...,Apply vendor security patches.,https://nvd.nist.gov/vuln/detail/CVE-2026-73917
IN-VULN-2026-0825,18-08-2026,CVE-2026-73918,General Enterprise Technology,General Enterprise / Indian Attack Surface,CWE-284,CVSS v3.1: 7.3 — High,Theoretical / no exploitation evidence,Vulnerability in the Helidon product of Oracle Fusion Middleware (component: Imperative Web Server).  Supported versions that are affected are 4.0.0-4.4.1. Easily exploitable vulnerability allows unauthenticated attacker with network access via HTTP ...,Apply vendor security patches.,https://nvd.nist.gov/vuln/detail/CVE-2026-73918
IN-VULN-2026-0826,18-08-2026,CVE-2026-73920,General Enterprise Technology,General Enterprise / Indian Attack Surface,CWE-284,CVSS v3.1: 9.4 — Critical,Theoretical / no exploitation evidence,Vulnerability in the Helidon product of Oracle Fusion Middleware (component: Imperative Web Server).  Supported versions that are affected are 4.0.0-4.4.1. Easily exploitable vulnerability allows unauthenticated attacker with network access via HTTP ...,Apply vendor security patches.,https://nvd.nist.gov/vuln/detail/CVE-2026-73920
IN-VULN-2026-0827,18-08-2026,CVE-2026-73921,General Enterprise Technology,General Enterprise / Indian Attack Surface,CWE-284,CVSS v3.1: 9.8 — Critical,Theoretical / no exploitation evidence,Vulnerability in the Helidon product of Oracle Fusion Middleware (component: Imperative Web Server).  Supported versions that are affected are 1.0.0-1.4.19. Easily exploitable vulnerability allows unauthenticated attacker with network access via HTTP...,Apply vendor security patches.,https://nvd.nist.gov/vuln/detail/CVE-2026-73921
IN-VULN-2026-0828,18-08-2026,CVE-2026-73922,General Enterprise Technology,General Enterprise / Indian Attack Surface,CWE-284,CVSS v3.1: 9.1 — Critical,Theoretical / no exploitation evidence,Vulnerability in the Helidon product of Oracle Fusion Middleware (component: Imperative Web Server).  Supported versions that are affected are 1.0.0-1.4.18. Easily exploitable vulnerability allows unauthenticated attacker with network access via HTTP...,Apply vendor security patches.,https://nvd.nist.gov/vuln/detail/CVE-2026-73922
IN-VULN-2026-0829,18-08-2026,CVE-2026-73924,General Enterprise Technology,General Enterprise / Indian Attack Surface,CWE-284,CVSS v3.1: 9.1 — Critical,Theoretical / no exploitation evidence,Vulnerability in the Helidon product of Oracle Fusion Middleware (component: Imperative Web Server).  Supported versions that are affected are 1.0.0-1.4.18. Easily exploitable vulnerability allows unauthenticated attacker with network access via HTTP...,Apply vendor security patches.,https://nvd.nist.gov/vuln/detail/CVE-2026-73924
IN-VULN-2026-0830,18-08-2026,CVE-2026-73925,General Enterprise Technology,General Enterprise / Indian Attack Surface,CWE-284,CVSS v3.1: 8.2 — High,Theoretical / no exploitation evidence,Vulnerability in the Helidon product of Oracle Fusion Middleware (component: Imperative Web Server).  Supported versions that are affected are 1.0.0-1.4.18. Easily exploitable vulnerability allows unauthenticated attacker with network access via HTTP...,Apply vendor security patches.,https://nvd.nist.gov/vuln/detail/CVE-2026-73925
IN-VULN-2026-0831,18-08-2026,CVE-2026-73927,General Enterprise Technology,General Enterprise / Indian Attack Surface,CWE-284,CVSS v3.1: 7.5 — High,Theoretical / no exploitation evidence,Vulnerability in the Helidon product of Oracle Fusion Middleware (component: Imperative Web Server).  Supported versions that are affected are 3.0.0-3.2.19. Easily exploitable vulnerability allows unauthenticated attacker with network access via HTTP...,Apply vendor security patches.,https://nvd.nist.gov/vuln/detail/CVE-2026-73927
IN-VULN-2026-0832,18-08-2026,CVE-2026-73928,General Enterprise Technology,General Enterprise / Indian Attack Surface,CWE-284,CVSS v3.1: 7.2 — High,Theoretical / no exploitation evidence,Vulnerability in the Helidon product of Oracle Fusion Middleware (component: Imperative Web Server).  Supported versions that are affected are 4.0.0-4.5.2. Easily exploitable vulnerability allows unauthenticated attacker with network access via HTTP ...,Apply vendor security patches.,https://nvd.nist.gov/vuln/detail/CVE-2026-73928
IN-VULN-2026-0833,18-08-2026,CVE-2026-73929,General Enterprise Technology,General Enterprise / Indian Attack Surface,CWE-284,CVSS v3.1: 8.3 — High,Theoretical / no exploitation evidence,Vulnerability in the Helidon product of Oracle Fusion Middleware (component: Imperative Web Server).  Supported versions that are affected are 4.0.0-4.5.2. Easily exploitable vulnerability allows unauthenticated attacker with network access via HTTP ...,Apply vendor security patches.,https://nvd.nist.gov/vuln/detail/CVE-2026-73929
IN-VULN-2026-0834,18-08-2026,CVE-2026-73930,General Enterprise Technology,General Enterprise / Indian Attack Surface,CWE-284,CVSS v3.1: 9.9 — Critical,Theoretical / no exploitation evidence,Vulnerability in the Helidon product of Oracle Fusion Middleware (component: Imperative Web Server).  Supported versions that are affected are 3.0.0-3.2.19 and  4.0.0-4.5.2. Easily exploitable vulnerability allows unauthenticated attacker with networ...,Apply vendor security patches.,https://nvd.nist.gov/vuln/detail/CVE-2026-73930
IN-VULN-2026-0835,18-08-2026,CVE-2026-73931,General Enterprise Technology,General Enterprise / Indian Attack Surface,CWE-284,CVSS v3.1: 8.3 — High,Theoretical / no exploitation evidence,Vulnerability in the Helidon product of Oracle Fusion Middleware (component: Imperative Web Server).  Supported versions that are affected are 4.0.0-4.5.2. Easily exploitable vulnerability allows unauthenticated attacker with network access via HTTP ...,Apply vendor security patches.,https://nvd.nist.gov/vuln/detail/CVE-2026-73931
IN-VULN-2026-0836,18-08-2026,CVE-2026-73933,General Enterprise Technology,General Enterprise / Indian Attack Surface,CWE-284,CVSS v3.1: 7.3 — High,Theoretical / no exploitation evidence,Vulnerability in the Helidon product of Oracle Fusion Middleware (component: Imperative Web Server).  Supported versions that are affected are 4.0.0-4.5.2. Easily exploitable vulnerability allows unauthenticated attacker with network access via HTTP ...,Apply vendor security patches.,https://nvd.nist.gov/vuln/detail/CVE-2026-73933
IN-VULN-2026-0837,18-08-2026,CVE-2026-73934,General Enterprise Technology,General Enterprise / Indian Attack Surface,CWE-284,CVSS v3.1: 7.5 — High,Theoretical / no exploitation evidence,Vulnerability in the Helidon product of Oracle Fusion Middleware (component: Imperative Web Server).  Supported versions that are affected are 3.0.0-3.2.18. Easily exploitable vulnerability allows unauthenticated attacker with network access via HTTP...,Apply vendor security patches.,https://nvd.nist.gov/vuln/detail/CVE-2026-73934
IN-VULN-2026-0838,18-08-2026,CVE-2026-73935,General Enterprise Technology,General Enterprise / Indian Attack Surface,CWE-284,CVSS v3.1: 7.5 — High,Theoretical / no exploitation evidence,Vulnerability in the Helidon product of Oracle Fusion Middleware (component: Imperative Web Server).  Supported versions that are affected are 4.0.0-4.5.0. Easily exploitable vulnerability allows unauthenticated attacker with network access via HTTP/...,Apply vendor security patches.,https://nvd.nist.gov/vuln/detail/CVE-2026-73935
IN-VULN-2026-0839,18-08-2026,CVE-2026-73936,General Enterprise Technology,General Enterprise / Indian Attack Surface,CWE-284,CVSS v3.1: 7.5 — High,Theoretical / no exploitation evidence,Vulnerability in the Helidon product of Oracle Fusion Middleware (component: Imperative Web Server).  Supported versions that are affected are 4.0.0-4.5.0. Easily exploitable vulnerability allows unauthenticated attacker with network access via HTTP ...,Apply vendor security patches.,https://nvd.nist.gov/vuln/detail/CVE-2026-73936
IN-VULN-2026-0840,18-08-2026,CVE-2026-73937,General Enterprise Technology,General Enterprise / Indian Attack Surface,CWE-284,CVSS v3.1: 8.2 — High,Theoretical / no exploitation evidence,Vulnerability in the Helidon product of Oracle Fusion Middleware (component: Imperative Web Server).  Supported versions that are affected are 4.0.0-4.4.1. Easily exploitable vulnerability allows unauthenticated attacker with network access via HTTP/...,Apply vendor security patches.,https://nvd.nist.gov/vuln/detail/CVE-2026-73937
IN-VULN-2026-0841,18-08-2026,CVE-2026-73938,General Enterprise Technology,General Enterprise / Indian Attack Surface,CWE-284,CVSS v3.1: 7.5 — High,Theoretical / no exploitation evidence,Vulnerability in the Helidon product of Oracle Fusion Middleware (component: Imperative Web Server).  Supported versions that are affected are 4.0.0-4.4.1. Easily exploitable vulnerability allows unauthenticated attacker with network access via HTTP ...,Apply vendor security patches.,https://nvd.nist.gov/vuln/detail/CVE-2026-73938
IN-VULN-2026-0842,18-08-2026,CVE-2026-73939,General Enterprise Technology,General Enterprise / Indian Attack Surface,CWE-284,CVSS v3.1: 8.6 — High,Theoretical / no exploitation evidence,Vulnerability in the Helidon product of Oracle Fusion Middleware (component: Imperative Web Server).  Supported versions that are affected are 3.0.0-3.2.19. Easily exploitable vulnerability allows unauthenticated attacker with network access via HTTP...,Apply vendor security patches.,https://nvd.nist.gov/vuln/detail/CVE-2026-73939
IN-VULN-2026-0843,18-08-2026,CVE-2026-76034,General Enterprise Technology,General Enterprise / Indian Attack Surface,CWE-122,CVSS v3.1: 8.8 — High,Theoretical / no exploitation evidence,Buffer overflow in WebGL in Google Chrome prior to 151.0.7922.169 allowed a remote attacker to execute arbitrary code outside the sandbox via a crafted HTML page. (Chromium security severity: Critical),Apply vendor security patches.,https://nvd.nist.gov/vuln/detail/CVE-2026-76034
IN-VULN-2026-0844,18-08-2026,CVE-2026-76035,General Enterprise Technology,General Enterprise / Indian Attack Surface,CWE-20,CVSS v3.1: 9.6 — Critical,Theoretical / no exploitation evidence,Inappropriate implementation in Media in Google Chrome on on Mac prior to 151.0.7922.169 allowed a remote attacker to execute arbitrary code outside the sandbox via a crafted HTML page. (Chromium security severity: High),Apply vendor security patches.,https://nvd.nist.gov/vuln/detail/CVE-2026-76035
IN-VULN-2026-0845,18-08-2026,CVE-2026-76036,General Enterprise Technology,General Enterprise / Indian Attack Surface,CWE-122,CVSS v3.1: 9.6 — Critical,Theoretical / no exploitation evidence,Buffer overflow in Dawn in Google Chrome on on Android prior to 151.0.7922.169 allowed a remote attacker to execute arbitrary code outside the sandbox via a crafted HTML page. (Chromium security severity: Critical),Apply vendor security patches.,https://nvd.nist.gov/vuln/detail/CVE-2026-76036
IN-VULN-2026-0846,18-08-2026,CVE-2026-76037,General Enterprise Technology,General Enterprise / Indian Attack Surface,CWE-59,CVSS v3.1: 8.4 — High,Theoretical / no exploitation evidence,Link following in CredentialProvider in Google Chrome on on Windows prior to 151.0.7922.169 allowed a local attacker to potentially execute arbitrary code outside the sandbox via a local program. (Chromium security severity: High),Apply vendor security patches.,https://nvd.nist.gov/vuln/detail/CVE-2026-76037
IN-VULN-2026-0847,18-08-2026,CVE-2026-76038,General Enterprise Technology,General Enterprise / Indian Attack Surface,CWE-843,CVSS v3.1: 8.8 — High,Theoretical / no exploitation evidence,Type confusion in V8 in Google Chrome prior to 151.0.7922.169 allowed a remote attacker to execute arbitrary code inside the sandbox via a crafted HTML page. (Chromium security severity: High),Apply vendor security patches.,https://nvd.nist.gov/vuln/detail/CVE-2026-76038
IN-VULN-2026-0848,18-08-2026,CVE-2026-76040,General Enterprise Technology,General Enterprise / Indian Attack Surface,CWE-416,CVSS v3.1: 8.8 — High,Theoretical / no exploitation evidence,Use after free in Browser in Google Chrome on on Mac prior to 151.0.7922.169 allowed a remote attacker leveraging social engineering to execute arbitrary code outside the sandbox via a crafted HTML page. (Chromium security severity: High),Apply vendor security patches.,https://nvd.nist.gov/vuln/detail/CVE-2026-76040
IN-VULN-2026-0849,18-08-2026,CVE-2026-76043,General Enterprise Technology,General Enterprise / Indian Attack Surface,CWE-682,CVSS v3.1: 8.8 — High,Theoretical / no exploitation evidence,Incorrect calculation in V8 in Google Chrome prior to 151.0.7922.169 allowed a remote attacker to execute arbitrary code inside the sandbox via a crafted HTML page. (Chromium security severity: High),Apply vendor security patches.,https://nvd.nist.gov/vuln/detail/CVE-2026-76043
IN-VULN-2026-0850,18-08-2026,CVE-2026-76044,General Enterprise Technology,General Enterprise / Indian Attack Surface,CWE-367,CVSS v3.1: 8.3 — High,Theoretical / no exploitation evidence,Race condition in USB in Google Chrome prior to 151.0.7922.169 allowed a remote attacker who had compromised the renderer process to potentially execute arbitrary code outside the sandbox via a crafted HTML page. (Chromium security severity: High),Apply vendor security patches.,https://nvd.nist.gov/vuln/detail/CVE-2026-76044
IN-VULN-2026-0851,18-08-2026,CVE-2026-76045,General Enterprise Technology,General Enterprise / Indian Attack Surface,CWE-416,CVSS v3.1: 8.8 — High,Theoretical / no exploitation evidence,Use after free in WebGL in Google Chrome prior to 151.0.7922.169 allowed a remote attacker to execute arbitrary code inside the sandbox via a crafted HTML page. (Chromium security severity: High),Apply vendor security patches.,https://nvd.nist.gov/vuln/detail/CVE-2026-76045
IN-VULN-2026-0852,18-08-2026,CVE-2026-76046,General Enterprise Technology,General Enterprise / Indian Attack Surface,CWE-122,CVSS v3.1: 8.3 — High,Theoretical / no exploitation evidence,Buffer overflow in ANGLE in Google Chrome on on Android prior to 151.0.7922.169 allowed a remote attacker who had compromised the renderer process to execute arbitrary code outside the sandbox via a crafted HTML page. (Chromium security severity: Hig...,Apply vendor security patches.,https://nvd.nist.gov/vuln/detail/CVE-2026-76046
IN-VULN-2026-0853,18-08-2026,CVE-2026-76047,General Enterprise Technology,General Enterprise / Indian Attack Surface,CWE-843,CVSS v3.1: 8.8 — High,Theoretical / no exploitation evidence,Type confusion in V8 in Google Chrome prior to 151.0.7922.169 allowed a remote attacker to execute arbitrary code inside the sandbox via a crafted HTML page. (Chromium security severity: High),Apply vendor security patches.,https://nvd.nist.gov/vuln/detail/CVE-2026-76047
IN-VULN-2026-0854,18-08-2026,CVE-2026-50191,General Enterprise Technology,General Enterprise / Indian Attack Surface,CWE-287,CVSS v3.1: 8.8 — High,Theoretical / no exploitation evidence,"4gaBoards is a boards system for realtime project management. Prior to 3.3.8, 4gaBoards is vulnerable to pre-account takeover when registrationEnabled, localRegistrationEnabled, and ssoRegistrationEnabled are enabled and Google, GitHub, Microsoft, or...",Apply vendor security patches.,https://nvd.nist.gov/vuln/detail/CVE-2026-50191
IN-VULN-2026-0855,18-08-2026,CVE-2026-53958,General Enterprise Technology,General Enterprise / Indian Attack Surface,CWE-287,CVSS v3.1: 7.6 — High,Theoretical / no exploitation evidence,"4gaBoards is a boards system for realtime project management. Prior to 3.3.9, 4gaBoards allows an authenticated user to modify ssoGoogleId, ssoGoogleEmail, ssoGithubId, ssoGithubUsername, ssoGithubEmail, ssoMicrosoftId, ssoMicrosoftEmail, ssoOidcId, ...",Apply vendor security patches.,https://nvd.nist.gov/vuln/detail/CVE-2026-53958
IN-VULN-2026-0856,19-08-2026,CVE-2026-15780,General Enterprise Technology,General Enterprise / Indian Attack Surface,CWE-79,CVSS v3.1: 7.2 — High,Theoretical / no exploitation evidence,"The WP Statistics – Simple, privacy-friendly Google Analytics alternative plugin for WordPress is vulnerable to Stored Cross-Site Scripting via the 'utm_campaign' parameter in all versions up to, and including, 14.16.8 due to insufficient input sanit...",Apply vendor security patches.,https://nvd.nist.gov/vuln/detail/CVE-2026-15780
IN-VULN-2026-0857,19-08-2026,CVE-2026-20030,General Enterprise Technology,General Enterprise / Indian Attack Surface,CWE-89,CVSS v3.1: 10.0 — Critical,Theoretical / no exploitation evidence,"As part of Cisco's ongoing commitment to proactive security and product quality, the Cisco Crosswork engineering team has conducted a comprehensive internal security review. This review resulted in a software hardening release that addresses multiple...",Apply vendor security patches.,https://nvd.nist.gov/vuln/detail/CVE-2026-20030
IN-VULN-2026-0858,19-08-2026,CVE-2026-20231,General Enterprise Technology,General Enterprise / Indian Attack Surface,CWE-74,CVSS v3.1: 9.9 — Critical,Theoretical / no exploitation evidence,"As part of Cisco's ongoing commitment to proactive security and product quality, the Cisco Secure Workload engineering team has conducted a comprehensive internal security review. This review resulted in a software hardening release that addresses mu...",Apply vendor security patches.,https://nvd.nist.gov/vuln/detail/CVE-2026-20231
IN-VULN-2026-0859,19-08-2026,CVE-2026-20315,General Enterprise Technology,General Enterprise / Indian Attack Surface,CWE-284,CVSS v3.1: 10.0 — Critical,Theoretical / no exploitation evidence,"As part of Cisco's ongoing commitment to proactive security and product quality, the Cisco Secure Workload engineering team has conducted a comprehensive internal security review. This review resulted in a software hardening release that addresses mu...",Apply vendor security patches.,https://nvd.nist.gov/vuln/detail/CVE-2026-20315
IN-VULN-2026-0860,19-08-2026,CVE-2026-20317,General Enterprise Technology,General Enterprise / Indian Attack Surface,CWE-287,CVSS v3.1: 10.0 — Critical,Theoretical / no exploitation evidence,"As part of Cisco's ongoing commitment to proactive security and product quality, the Cisco Secure Workload engineering team has conducted a comprehensive internal security review. This review resulted in a software hardening release that addresses mu...",Apply vendor security patches.,https://nvd.nist.gov/vuln/detail/CVE-2026-20317
IN-VULN-2026-0861,19-08-2026,CVE-2026-20318,General Enterprise Technology,General Enterprise / Indian Attack Surface,CWE-20,CVSS v3.1: 9.6 — Critical,Theoretical / no exploitation evidence,"As part of Cisco's ongoing commitment to proactive security and product quality, the Cisco Secure Workload engineering team has conducted a comprehensive internal security review. This review resulted in a software hardening release that addresses mu...",Apply vendor security patches.,https://nvd.nist.gov/vuln/detail/CVE-2026-20318
IN-VULN-2026-0862,19-08-2026,CVE-2026-20319,General Enterprise Technology,General Enterprise / Indian Attack Surface,CWE-119,CVSS v3.1: 7.5 — High,Theoretical / no exploitation evidence,"As part of Cisco's ongoing commitment to proactive security and product quality, the Cisco Secure Workload engineering team has conducted a comprehensive internal security review. This review resulted in a software hardening release that addresses mu...",Apply vendor security patches.,https://nvd.nist.gov/vuln/detail/CVE-2026-20319
IN-VULN-2026-0863,19-08-2026,CVE-2026-20320,General Enterprise Technology,General Enterprise / Indian Attack Surface,CWE-611,CVSS v3.1: 7.5 — High,Theoretical / no exploitation evidence,"A vulnerability in the Open Client Interface (OCI) XML Parser of Cisco BroadWorks could allow an unauthenticated, remote attacker to read sensitive configuration information on an affected system.
 This vulnerability exists because XML entries are ...",Apply vendor security patches.,https://nvd.nist.gov/vuln/detail/CVE-2026-20320
IN-VULN-2026-0864,19-08-2026,CVE-2026-20357,General Enterprise Technology,General Enterprise / Indian Attack Surface,CWE-306,CVSS v3.1: 10.0 — Critical,Theoretical / no exploitation evidence,"As part of Cisco's ongoing commitment to proactive security and product quality, the Cisco Crosswork engineering team has conducted a comprehensive internal security review. This review resulted in a software hardening release that addresses multiple...",Apply vendor security patches.,https://nvd.nist.gov/vuln/detail/CVE-2026-20357
IN-VULN-2026-0865,19-08-2026,CVE-2026-20358,General Enterprise Technology,General Enterprise / Indian Attack Surface,CWE-73,CVSS v3.1: 10.0 — Critical,Theoretical / no exploitation evidence,"As part of Cisco's ongoing commitment to proactive security and product quality, the Cisco Crosswork engineering team has conducted a comprehensive internal security review. This review resulted in a software hardening release that addresses multiple...",Apply vendor security patches.,https://nvd.nist.gov/vuln/detail/CVE-2026-20358
IN-VULN-2026-0866,19-08-2026,CVE-2026-20359,General Enterprise Technology,General Enterprise / Indian Attack Surface,CWE-522,CVSS v3.1: 9.9 — Critical,Theoretical / no exploitation evidence,"As part of Cisco's ongoing commitment to proactive security and product quality, the Cisco Crosswork engineering team has conducted a comprehensive internal security review. This review resulted in a software hardening release that addresses multiple...",Apply vendor security patches.,https://nvd.nist.gov/vuln/detail/CVE-2026-20359
IN-VULN-2026-0867,19-08-2026,CVE-2026-76389,General Enterprise Technology,General Enterprise / Indian Attack Surface,CWE-918,CVSS v3.1: 8.8 — High,Theoretical / no exploitation evidence,"In Cisco Talos Intelligence for Enterprise Security Cloud versions below 1.0.3, a user that holds a role with the get_talos_enrichment capability could send a crafted request to the Talos intelligence enrichment Representational State Transfer (REST)...",Apply vendor security patches.,https://nvd.nist.gov/vuln/detail/CVE-2026-76389
IN-VULN-2026-0868,20-08-2026,CVE-2026-76017,General Enterprise Technology,General Enterprise / Indian Attack Surface,CWE-416,CVSS v3.1: 8.8 — High,Theoretical / no exploitation evidence,Use after free in Chromoting in Google Chrome prior to 151.0.7922.173 allowed a remote attacker to execute arbitrary code outside the sandbox via crafted network traffic. (Chromium security severity: Critical),Apply vendor security patches.,https://nvd.nist.gov/vuln/detail/CVE-2026-76017
IN-VULN-2026-0869,20-08-2026,CVE-2026-76018,General Enterprise Technology,General Enterprise / Indian Attack Surface,CWE-250,CVSS v3.1: 8.8 — High,Theoretical / no exploitation evidence,Privilege elevation in Import in Google Chrome prior to 151.0.7922.173 allowed a remote attacker leveraging social engineering to potentially execute arbitrary code outside the sandbox via a crafted file. (Chromium security severity: High),Apply vendor security patches.,https://nvd.nist.gov/vuln/detail/CVE-2026-76018
IN-VULN-2026-0870,20-08-2026,CVE-2026-76019,General Enterprise Technology,General Enterprise / Indian Attack Surface,CWE-863,CVSS v3.1: 8.1 — High,Theoretical / no exploitation evidence,Incorrect authorization in Workers in Google Chrome prior to 151.0.7922.173 allowed a remote attacker who had compromised the renderer process and leveraged social engineering to bypass web origin policy via a crafted HTML page. (Chromium security se...,Apply vendor security patches.,https://nvd.nist.gov/vuln/detail/CVE-2026-76019
IN-VULN-2026-0871,20-08-2026,CVE-2026-76020,General Enterprise Technology,General Enterprise / Indian Attack Surface,CWE-367,CVSS v3.1: 7.5 — High,Theoretical / no exploitation evidence,Race condition in V8 in Google Chrome prior to 151.0.7922.173 allowed a remote attacker to execute arbitrary code inside the sandbox via a crafted HTML page. (Chromium security severity: High),Apply vendor security patches.,https://nvd.nist.gov/vuln/detail/CVE-2026-76020
IN-VULN-2026-0872,20-08-2026,CVE-2026-76021,General Enterprise Technology,General Enterprise / Indian Attack Surface,CWE-416,CVSS v3.1: 8.8 — High,Theoretical / no exploitation evidence,Use after free in DOM in Google Chrome prior to 151.0.7922.173 allowed a remote attacker to execute arbitrary code inside the sandbox via a crafted HTML page. (Chromium security severity: High),Apply vendor security patches.,https://nvd.nist.gov/vuln/detail/CVE-2026-76021
IN-VULN-2026-0873,20-08-2026,CVE-2026-76022,General Enterprise Technology,General Enterprise / Indian Attack Surface,CWE-122,CVSS v3.1: 8.8 — High,Theoretical / no exploitation evidence,Buffer overflow in Network in Google Chrome prior to 151.0.7922.173 allowed a remote attacker to execute arbitrary code outside the sandbox via a crafted HTML page. (Chromium security severity: High),Apply vendor security patches.,https://nvd.nist.gov/vuln/detail/CVE-2026-76022
IN-VULN-2026-0874,20-08-2026,CVE-2026-76023,General Enterprise Technology,General Enterprise / Indian Attack Surface,CWE-913,CVSS v3.1: 8.8 — High,Theoretical / no exploitation evidence,Improper resource control in Linux Toolkit Theming in Google Chrome prior to 151.0.7922.173 allowed a remote attacker who had compromised the renderer process to execute arbitrary code outside the sandbox via a crafted HTML page. (Chromium security s...,Apply vendor security patches.,https://nvd.nist.gov/vuln/detail/CVE-2026-76023
IN-VULN-2026-0875,20-08-2026,CVE-2026-63509,General Enterprise Technology,General Enterprise / Indian Attack Surface,CWE-23,CVSS v3.1: 9.9 — Critical,Theoretical / no exploitation evidence,Relative path traversal in Microsoft Fabric allows an authorized attacker to elevate privileges over a network.,Apply vendor security patches.,https://nvd.nist.gov/vuln/detail/CVE-2026-63509
IN-VULN-2026-0876,20-08-2026,CVE-2026-65801,General Enterprise Technology,General Enterprise / Indian Attack Surface,CWE-918,CVSS v3.1: 10.0 — Critical,Theoretical / no exploitation evidence,Server-side request forgery (ssrf) in Microsoft Exchange Online allows an unauthorized attacker to elevate privileges over a network.,Apply vendor security patches.,https://nvd.nist.gov/vuln/detail/CVE-2026-65801
IN-VULN-2026-0877,20-08-2026,CVE-2026-69558,General Enterprise Technology,General Enterprise / Indian Attack Surface,CWE-639,CVSS v3.1: 8.6 — High,Theoretical / no exploitation evidence,Authorization bypass through user-controlled key in Microsoft Partner Center allows an unauthorized attacker to disclose information over a network.,Apply vendor security patches.,https://nvd.nist.gov/vuln/detail/CVE-2026-69558
IN-VULN-2026-0878,20-08-2026,CVE-2026-69836,General Enterprise Technology,General Enterprise / Indian Attack Surface,CWE-502,CVSS v3.1: 10.0 — Critical,Theoretical / no exploitation evidence,Deserialization of untrusted data in Microsoft Entra ID allows an unauthorized attacker to execute code over a network.,Apply vendor security patches.,https://nvd.nist.gov/vuln/detail/CVE-2026-69836
IN-VULN-2026-0879,20-08-2026,CVE-2026-69855,General Enterprise Technology,General Enterprise / Indian Attack Surface,CWE-918,CVSS v3.1: 7.7 — High,Theoretical / no exploitation evidence,Server-side request forgery (ssrf) in Microsoft Copilot in Azure allows an authorized attacker to disclose information over a network.,Apply vendor security patches.,https://nvd.nist.gov/vuln/detail/CVE-2026-69855
IN-VULN-2026-0880,21-08-2026,CVE-2026-61397,General Enterprise Technology,General Enterprise / Indian Attack Surface,CWE-200,CVSS v3.1: 7.5 — High,Theoretical / no exploitation evidence,"Exposure of Sensitive Information to an Unauthorized Actor vulnerability in Apache CloudStack's OAuth2 authentication plugin and Google OAuth integration.

This issue affects Apache CloudStack: from 4.19.0.0 through 4.20.3.0 and from 4.21.0.0 through...",Apply vendor security patches.,https://nvd.nist.gov/vuln/detail/CVE-2026-61397
IN-VULN-2026-0881,21-08-2026,CVE-2026-62316,General Enterprise Technology,General Enterprise / Indian Attack Surface,CWE-200,CVSS v3.1: 8.8 — High,Theoretical / no exploitation evidence,"Microsoft UFO open-source framework for intelligent automation across devices and platforms. Prior to 3.0.8, ufo/client/mcp/http_servers/linux_mcp_server.py binds a FastMCP streamable HTTP server to localhost:8010 but does not validate the Host, Orig...",Apply vendor security patches.,https://nvd.nist.gov/vuln/detail/CVE-2026-62316
IN-VULN-2026-0882,21-08-2026,CVE-2026-63135,General Enterprise Technology,General Enterprise / Indian Attack Surface,CWE-79,CVSS v3.1: 8.2 — High,Theoretical / no exploitation evidence,"YOURLS is a self-hosted, customizable URL shortener written in PHP. From 1.5.1 until 1.10.4, YOURLS stores the HTTP Referer header through yourls_get_referrer(), yourls_sanitize_url_safe(), and yourls_log_redirect(), then aggregates the value in your...",Apply vendor security patches.,https://nvd.nist.gov/vuln/detail/CVE-2026-63135
IN-VULN-2026-0883,24-08-2026,CVE-2026-66907,General Enterprise Technology,General Enterprise / Indian Attack Surface,CWE-23,CVSS v3.1: 7.5 — High,Theoretical / no exploitation evidence,"Relative path traversal vulnerability in Apache Camel Google Storage component.



This issue affects Apache Camel: from 4.0.0 before 4.14.9, from 4.15.0 before 4.18.4, from 4.19.0 before 4.22.0.



The camel-google-storage consumer downloads Google ...",Apply vendor security patches.,https://nvd.nist.gov/vuln/detail/CVE-2026-66907
IN-VULN-2026-0884,25-08-2026,CVE-2026-79622,General Enterprise Technology,General Enterprise / Indian Attack Surface,CWE-22,CVSS v3.1: 7.3 — High,Theoretical / no exploitation evidence,A weakness has been identified in dekdee adobe-xd-mcp 1.0.0. Impacted is an unknown function of the file src/parsers/xd-parser.ts of the component file-access-from-request Endpoint. Executing a manipulation of the argument outputFile/outputDir can le...,Apply vendor security patches.,https://nvd.nist.gov/vuln/detail/CVE-2026-79622
IN-VULN-2026-0885,25-08-2026,CVE-2026-71399,General Enterprise Technology,General Enterprise / Indian Attack Surface,CWE-120,CVSS v3.1: 7.8 — High,Theoretical / no exploitation evidence,Adobe XD is affected by a Buffer Overflow vulnerability that could result in arbitrary code execution in the context of the current user. An attacker could exploit this vulnerability to execute arbitrary code. Exploitation of this issue requires user...,Apply vendor security patches.,https://nvd.nist.gov/vuln/detail/CVE-2026-71399
IN-VULN-2026-0886,25-08-2026,CVE-2026-76193,General Enterprise Technology,General Enterprise / Indian Attack Surface,CWE-918,CVSS v3.1: 10.0 — Critical,Theoretical / no exploitation evidence,Adobe Campaign Classic (ACC) is affected by a Server-Side Request Forgery (SSRF) vulnerability that could result in arbitrary code execution in the context of the current user. An attacker could exploit this vulnerability to execute arbitrary code. E...,Apply vendor security patches.,https://nvd.nist.gov/vuln/detail/CVE-2026-76193
IN-VULN-2026-0887,25-08-2026,CVE-2026-76195,General Enterprise Technology,General Enterprise / Indian Attack Surface,CWE-78,CVSS v3.1: 10.0 — Critical,Theoretical / no exploitation evidence,Adobe Campaign Classic (ACC) is affected by an Improper Neutralization of Special Elements used in an OS Command ('OS Command Injection') vulnerability that could result in arbitrary code execution in the context of the current user. An attacker coul...,Apply vendor security patches.,https://nvd.nist.gov/vuln/detail/CVE-2026-76195
IN-VULN-2026-0888,25-08-2026,CVE-2026-76197,General Enterprise Technology,General Enterprise / Indian Attack Surface,CWE-78,CVSS v3.1: 10.0 — Critical,Theoretical / no exploitation evidence,Adobe Campaign Classic (ACC) is affected by an Improper Neutralization of Special Elements used in an OS Command ('OS Command Injection') vulnerability that could result in arbitrary code execution in the context of the current user. An attacker coul...,Apply vendor security patches.,https://nvd.nist.gov/vuln/detail/CVE-2026-76197
IN-VULN-2026-0889,25-08-2026,CVE-2026-78891,General Enterprise Technology,General Enterprise / Indian Attack Surface,CWE-122,CVSS v3.1: 8.8 — High,Theoretical / no exploitation evidence,Buffer overflow in WebRTC in Google Chrome prior to 152.0.7977.65 allowed a remote attacker to execute arbitrary code inside the sandbox via a crafted HTML page. (Chromium security severity: Medium),Apply vendor security patches.,https://nvd.nist.gov/vuln/detail/CVE-2026-78891
IN-VULN-2026-0890,25-08-2026,CVE-2026-78892,General Enterprise Technology,General Enterprise / Indian Attack Surface,CWE-863,CVSS v3.1: 7.1 — High,Theoretical / no exploitation evidence,Incorrect authorization in Chromoting in Google Chrome on on Windows prior to 152.0.7977.65 allowed a local attacker to bypass system access restrictions via a local program. (Chromium security severity: Medium),Apply vendor security patches.,https://nvd.nist.gov/vuln/detail/CVE-2026-78892
IN-VULN-2026-0891,25-08-2026,CVE-2026-78899,General Enterprise Technology,General Enterprise / Indian Attack Surface,CWE-416,CVSS v3.1: 8.8 — High,Theoretical / no exploitation evidence,Use after free in V8 in Google Chrome prior to 152.0.7977.65 allowed a remote attacker to execute arbitrary code inside the sandbox via a crafted HTML page. (Chromium security severity: High),Apply vendor security patches.,https://nvd.nist.gov/vuln/detail/CVE-2026-78899
IN-VULN-2026-0892,25-08-2026,CVE-2026-78900,General Enterprise Technology,General Enterprise / Indian Attack Surface,CWE-20,CVSS v3.1: 9.6 — Critical,Theoretical / no exploitation evidence,Improper input validation in Media in Google Chrome prior to 152.0.7977.65 allowed a remote attacker to potentially execute arbitrary code outside the sandbox via a crafted HTML page. (Chromium security severity: High),Apply vendor security patches.,https://nvd.nist.gov/vuln/detail/CVE-2026-78900
IN-VULN-2026-0893,25-08-2026,CVE-2026-78901,General Enterprise Technology,General Enterprise / Indian Attack Surface,CWE-362,CVSS v3.1: 7.5 — High,Theoretical / no exploitation evidence,Race condition in V8 in Google Chrome prior to 152.0.7977.65 allowed a remote attacker to execute arbitrary code inside the sandbox via a crafted HTML page. (Chromium security severity: Medium),Apply vendor security patches.,https://nvd.nist.gov/vuln/detail/CVE-2026-78901
IN-VULN-2026-0894,25-08-2026,CVE-2026-78904,General Enterprise Technology,General Enterprise / Indian Attack Surface,CWE-843,CVSS v3.1: 9.6 — Critical,Theoretical / no exploitation evidence,Type confusion in ANGLE in Google Chrome prior to 152.0.7977.65 allowed a remote attacker to potentially execute arbitrary code outside the sandbox via a crafted HTML page. (Chromium security severity: High),Apply vendor security patches.,https://nvd.nist.gov/vuln/detail/CVE-2026-78904
IN-VULN-2026-0895,25-08-2026,CVE-2026-78905,General Enterprise Technology,General Enterprise / Indian Attack Surface,CWE-843,CVSS v3.1: 8.8 — High,Theoretical / no exploitation evidence,Type confusion in ANGLE in Google Chrome prior to 152.0.7977.65 allowed a remote attacker to potentially execute arbitrary code outside the sandbox via a crafted HTML page. (Chromium security severity: Medium),Apply vendor security patches.,https://nvd.nist.gov/vuln/detail/CVE-2026-78905
IN-VULN-2026-0896,25-08-2026,CVE-2026-78906,General Enterprise Technology,General Enterprise / Indian Attack Surface,CWE-362,CVSS v3.1: 7.5 — High,Theoretical / no exploitation evidence,Race condition in ANGLE in Google Chrome prior to 152.0.7977.65 allowed a remote attacker to potentially execute arbitrary code outside the sandbox via a crafted HTML page. (Chromium security severity: Medium),Apply vendor security patches.,https://nvd.nist.gov/vuln/detail/CVE-2026-78906
IN-VULN-2026-0897,25-08-2026,CVE-2026-78909,General Enterprise Technology,General Enterprise / Indian Attack Surface,CWE-416,CVSS v3.1: 9.6 — Critical,Theoretical / no exploitation evidence,Use after free in Views in Google Chrome prior to 152.0.7977.65 allowed a remote attacker leveraging social engineering to execute arbitrary code outside the sandbox via a crafted HTML page. (Chromium security severity: Medium),Apply vendor security patches.,https://nvd.nist.gov/vuln/detail/CVE-2026-78909
IN-VULN-2026-0898,25-08-2026,CVE-2026-78910,General Enterprise Technology,General Enterprise / Indian Attack Surface,CWE-121,CVSS v3.1: 8.8 — High,Theoretical / no exploitation evidence,Buffer overflow in V8 in Google Chrome prior to 152.0.7977.65 allowed a remote attacker to execute arbitrary code inside the sandbox via a crafted HTML page. (Chromium security severity: Medium),Apply vendor security patches.,https://nvd.nist.gov/vuln/detail/CVE-2026-78910
IN-VULN-2026-0899,25-08-2026,CVE-2026-78911,General Enterprise Technology,General Enterprise / Indian Attack Surface,CWE-863,CVSS v3.1: 8.3 — High,Theoretical / no exploitation evidence,Incorrect authorization in USB in Google Chrome prior to 152.0.7977.65 allowed a remote attacker who had compromised the renderer process and leveraged social engineering to potentially execute arbitrary code outside the sandbox via a crafted HTML pa...,Apply vendor security patches.,https://nvd.nist.gov/vuln/detail/CVE-2026-78911
IN-VULN-2026-0900,25-08-2026,CVE-2026-78913,General Enterprise Technology,General Enterprise / Indian Attack Surface,CWE-416,CVSS v3.1: 8.1 — High,Theoretical / no exploitation evidence,Use after free in Chromoting in Google Chrome prior to 152.0.7977.65 allowed a remote attacker to potentially execute arbitrary code outside the sandbox via crafted network traffic. (Chromium security severity: Medium),Apply vendor security patches.,https://nvd.nist.gov/vuln/detail/CVE-2026-78913
IN-VULN-2026-0901,25-08-2026,CVE-2026-78915,General Enterprise Technology,General Enterprise / Indian Attack Surface,CWE-362,CVSS v3.1: 7.5 — High,Theoretical / no exploitation evidence,Race condition in Enterprise in Google Chrome on on Windows prior to 152.0.7977.65 allowed an adjacent attacker to potentially execute arbitrary code outside the sandbox via crafted network traffic. (Chromium security severity: Low),Apply vendor security patches.,https://nvd.nist.gov/vuln/detail/CVE-2026-78915
IN-VULN-2026-0902,25-08-2026,CVE-2026-78934,General Enterprise Technology,General Enterprise / Indian Attack Surface,CWE-362,CVSS v3.1: 8.3 — High,Theoretical / no exploitation evidence,Race condition in ReadAloud in Google Chrome prior to 152.0.7977.65 allowed a remote attacker leveraging social engineering to execute arbitrary code inside the sandbox via a crafted HTML page. (Chromium security severity: High),Apply vendor security patches.,https://nvd.nist.gov/vuln/detail/CVE-2026-78934
IN-VULN-2026-0903,25-08-2026,CVE-2026-78935,General Enterprise Technology,General Enterprise / Indian Attack Surface,CWE-457,CVSS v3.1: 9.6 — Critical,Theoretical / no exploitation evidence,Use of uninitialized variable in Mobile in Google Chrome on on iOS prior to 152.0.7977.65 allowed a remote attacker to potentially execute arbitrary code outside the sandbox via a crafted HTML page. (Chromium security severity: Critical),Apply vendor security patches.,https://nvd.nist.gov/vuln/detail/CVE-2026-78935
IN-VULN-2026-0904,25-08-2026,CVE-2026-78937,General Enterprise Technology,General Enterprise / Indian Attack Surface,CWE-416,CVSS v3.1: 9.6 — Critical,Theoretical / no exploitation evidence,Use after free in Search in Google Chrome on on Android prior to 152.0.7977.65 allowed a remote attacker leveraging social engineering to potentially execute arbitrary code outside the sandbox via a crafted HTML page. (Chromium security severity: Med...,Apply vendor security patches.,https://nvd.nist.gov/vuln/detail/CVE-2026-78937
IN-VULN-2026-0905,25-08-2026,CVE-2026-78938,General Enterprise Technology,General Enterprise / Indian Attack Surface,CWE-843,CVSS v3.1: 8.8 — High,Theoretical / no exploitation evidence,Type confusion in V8 in Google Chrome prior to 152.0.7977.65 allowed a remote attacker to execute arbitrary code inside the sandbox via a crafted HTML page. (Chromium security severity: High),Apply vendor security patches.,https://nvd.nist.gov/vuln/detail/CVE-2026-78938
IN-VULN-2026-0906,25-08-2026,CVE-2026-78939,General Enterprise Technology,General Enterprise / Indian Attack Surface,CWE-416,CVSS v3.1: 9.6 — Critical,Theoretical / no exploitation evidence,Use after free in Chromecast in Google Chrome prior to 152.0.7977.65 allowed a remote attacker who had compromised the renderer process to execute arbitrary code outside the sandbox via a crafted HTML page. (Chromium security severity: High),Apply vendor security patches.,https://nvd.nist.gov/vuln/detail/CVE-2026-78939
IN-VULN-2026-0907,25-08-2026,CVE-2026-78944,General Enterprise Technology,General Enterprise / Indian Attack Surface,CWE-416,CVSS v3.1: 8.8 — High,Theoretical / no exploitation evidence,Use after free in DevTools in Google Chrome prior to 152.0.7977.65 allowed a remote attacker leveraging social engineering to execute arbitrary code inside the sandbox via a crafted Chrome extension. (Chromium security severity: Medium),Apply vendor security patches.,https://nvd.nist.gov/vuln/detail/CVE-2026-78944
IN-VULN-2026-0908,25-08-2026,CVE-2026-78945,General Enterprise Technology,General Enterprise / Indian Attack Surface,CWE-416,CVSS v3.1: 9.6 — Critical,Theoretical / no exploitation evidence,Use after free in Views in Google Chrome prior to 152.0.7977.65 allowed a remote attacker leveraging social engineering to potentially execute arbitrary code outside the sandbox via a crafted HTML page. (Chromium security severity: Medium),Apply vendor security patches.,https://nvd.nist.gov/vuln/detail/CVE-2026-78945
IN-VULN-2026-0909,25-08-2026,CVE-2026-78948,General Enterprise Technology,General Enterprise / Indian Attack Surface,CWE-122,CVSS v3.1: 9.6 — Critical,Theoretical / no exploitation evidence,Buffer overflow in WebGL in Google Chrome prior to 152.0.7977.65 allowed a remote attacker to execute arbitrary code outside the sandbox via a crafted HTML page. (Chromium security severity: High),Apply vendor security patches.,https://nvd.nist.gov/vuln/detail/CVE-2026-78948
IN-VULN-2026-0910,25-08-2026,CVE-2026-78950,General Enterprise Technology,General Enterprise / Indian Attack Surface,CWE-190,CVSS v3.1: 8.8 — High,Theoretical / no exploitation evidence,Integer overflow in WebRTC in Google Chrome prior to 152.0.7977.65 allowed a remote attacker to potentially execute arbitrary code inside the sandbox via a crafted HTML page. (Chromium security severity: Low),Apply vendor security patches.,https://nvd.nist.gov/vuln/detail/CVE-2026-78950
IN-VULN-2026-0911,25-08-2026,CVE-2026-78951,General Enterprise Technology,General Enterprise / Indian Attack Surface,CWE-416,CVSS v3.1: 9.6 — Critical,Theoretical / no exploitation evidence,Use after free in ServiceWorker in Google Chrome prior to 152.0.7977.65 allowed a remote attacker to execute arbitrary code outside the sandbox via a crafted HTML page. (Chromium security severity: Medium),Apply vendor security patches.,https://nvd.nist.gov/vuln/detail/CVE-2026-78951
IN-VULN-2026-0912,25-08-2026,CVE-2026-78952,General Enterprise Technology,General Enterprise / Indian Attack Surface,CWE-787,CVSS v3.1: 8.3 — High,Theoretical / no exploitation evidence,Out of bounds write in Crashpad in Google Chrome on on Windows prior to 152.0.7977.65 allowed a remote attacker who had compromised the renderer process to execute arbitrary code outside the sandbox via a crafted HTML page. (Chromium security severit...,Apply vendor security patches.,https://nvd.nist.gov/vuln/detail/CVE-2026-78952
IN-VULN-2026-0913,25-08-2026,CVE-2026-78956,General Enterprise Technology,General Enterprise / Indian Attack Surface,CWE-843,CVSS v3.1: 8.8 — High,Theoretical / no exploitation evidence,Type confusion in V8 in Google Chrome prior to 152.0.7977.65 allowed a remote attacker leveraging social engineering to execute arbitrary code inside the sandbox via a crafted HTML page. (Chromium security severity: Low),Apply vendor security patches.,https://nvd.nist.gov/vuln/detail/CVE-2026-78956
IN-VULN-2026-0914,25-08-2026,CVE-2026-78963,General Enterprise Technology,General Enterprise / Indian Attack Surface,CWE-20,CVSS v3.1: 8.8 — High,Theoretical / no exploitation evidence,Improper input validation in Media in Google Chrome prior to 152.0.7977.65 allowed a remote attacker to potentially execute arbitrary code outside the sandbox via a crafted HTML page. (Chromium security severity: Medium),Apply vendor security patches.,https://nvd.nist.gov/vuln/detail/CVE-2026-78963
IN-VULN-2026-0915,25-08-2026,CVE-2026-78964,General Enterprise Technology,General Enterprise / Indian Attack Surface,CWE-416,CVSS v3.1: 9.6 — Critical,Theoretical / no exploitation evidence,Use after free in Sync in Google Chrome on on iOS prior to 152.0.7977.65 allowed a remote attacker to potentially execute arbitrary code outside the sandbox via a crafted HTML page. (Chromium security severity: Low),Apply vendor security patches.,https://nvd.nist.gov/vuln/detail/CVE-2026-78964
IN-VULN-2026-0916,25-08-2026,CVE-2026-78978,General Enterprise Technology,General Enterprise / Indian Attack Surface,CWE-125,CVSS v3.1: 8.8 — High,Theoretical / no exploitation evidence,Out of bounds read in ANGLE in Google Chrome on on Windows prior to 152.0.7977.65 allowed a remote attacker to potentially execute arbitrary code outside the sandbox via a crafted HTML page. (Chromium security severity: Medium),Apply vendor security patches.,https://nvd.nist.gov/vuln/detail/CVE-2026-78978
IN-VULN-2026-0917,25-08-2026,CVE-2026-78983,General Enterprise Technology,General Enterprise / Indian Attack Surface,CWE-416,CVSS v3.1: 8.3 — High,Theoretical / no exploitation evidence,Use after free in Views in Google Chrome prior to 152.0.7977.65 allowed a remote attacker who had compromised the renderer process to execute arbitrary code outside the sandbox via a crafted HTML page. (Chromium security severity: Medium),Apply vendor security patches.,https://nvd.nist.gov/vuln/detail/CVE-2026-78983
IN-VULN-2026-0918,25-08-2026,CVE-2026-78985,General Enterprise Technology,General Enterprise / Indian Attack Surface,CWE-706,CVSS v3.1: 9.6 — Critical,Theoretical / no exploitation evidence,Incorrect reference resolution in FileSystem in Google Chrome prior to 152.0.7977.65 allowed a remote attacker leveraging social engineering to potentially execute arbitrary code outside the sandbox via a crafted HTML page. (Chromium security severit...,Apply vendor security patches.,https://nvd.nist.gov/vuln/detail/CVE-2026-78985
IN-VULN-2026-0919,25-08-2026,CVE-2026-78989,General Enterprise Technology,General Enterprise / Indian Attack Surface,CWE-125,CVSS v3.1: 9.6 — Critical,Theoretical / no exploitation evidence,Out of bounds read in ANGLE in Google Chrome on on Windows prior to 152.0.7977.65 allowed a remote attacker to potentially execute arbitrary code outside the sandbox via a crafted HTML page. (Chromium security severity: High),Apply vendor security patches.,https://nvd.nist.gov/vuln/detail/CVE-2026-78989
IN-VULN-2026-0920,25-08-2026,CVE-2026-78990,General Enterprise Technology,General Enterprise / Indian Attack Surface,CWE-416,CVSS v3.1: 8.8 — High,Theoretical / no exploitation evidence,Use after free in Compositing in Google Chrome prior to 152.0.7977.65 allowed a remote attacker to execute arbitrary code inside the sandbox via a crafted HTML page. (Chromium security severity: Medium),Apply vendor security patches.,https://nvd.nist.gov/vuln/detail/CVE-2026-78990
IN-VULN-2026-0921,25-08-2026,CVE-2026-78999,General Enterprise Technology,General Enterprise / Indian Attack Surface,CWE-269,CVSS v3.1: 8.3 — High,Theoretical / no exploitation evidence,Improper privilege management in Navigation in Google Chrome prior to 152.0.7977.65 allowed a remote attacker who had compromised the renderer process and leveraged social engineering to potentially execute arbitrary code outside the sandbox via a cr...,Apply vendor security patches.,https://nvd.nist.gov/vuln/detail/CVE-2026-78999
IN-VULN-2026-0922,25-08-2026,CVE-2026-79008,General Enterprise Technology,General Enterprise / Indian Attack Surface,CWE-20,CVSS v3.1: 8.3 — High,Theoretical / no exploitation evidence,Improper input validation in GPU in Google Chrome on on Android prior to 152.0.7977.65 allowed a remote attacker who had compromised the renderer process to potentially execute arbitrary code outside the sandbox via a crafted HTML page. (Chromium sec...,Apply vendor security patches.,https://nvd.nist.gov/vuln/detail/CVE-2026-79008
IN-VULN-2026-0923,25-08-2026,CVE-2026-79011,General Enterprise Technology,General Enterprise / Indian Attack Surface,CWE-451,CVSS v3.1: 8.1 — High,Theoretical / no exploitation evidence,UI misrepresentation in Browser in Google Chrome prior to 152.0.7977.65 allowed a remote attacker leveraging social engineering to bypass system access restrictions via a crafted HTML page. (Chromium security severity: High),Apply vendor security patches.,https://nvd.nist.gov/vuln/detail/CVE-2026-79011
IN-VULN-2026-0924,25-08-2026,CVE-2026-79012,General Enterprise Technology,General Enterprise / Indian Attack Surface,CWE-416,CVSS v3.1: 9.6 — Critical,Theoretical / no exploitation evidence,Use after free in Safebrowsing in Google Chrome on on Mac prior to 152.0.7977.65 allowed a remote attacker leveraging social engineering to execute arbitrary code outside the sandbox via a crafted HTML page. (Chromium security severity: Critical),Apply vendor security patches.,https://nvd.nist.gov/vuln/detail/CVE-2026-79012
IN-VULN-2026-0925,25-08-2026,CVE-2026-79019,General Enterprise Technology,General Enterprise / Indian Attack Surface,CWE-787,CVSS v3.1: 9.6 — Critical,Theoretical / no exploitation evidence,Out of bounds write in ANGLE in Google Chrome on on Windows prior to 152.0.7977.65 allowed a remote attacker to potentially execute arbitrary code outside the sandbox via a crafted HTML page. (Chromium security severity: High),Apply vendor security patches.,https://nvd.nist.gov/vuln/detail/CVE-2026-79019
IN-VULN-2026-0926,25-08-2026,CVE-2026-79020,General Enterprise Technology,General Enterprise / Indian Attack Surface,CWE-125,CVSS v3.1: 8.1 — High,Theoretical / no exploitation evidence,Out of bounds read in Skia in Google Chrome prior to 152.0.7977.65 allowed a remote attacker to potentially read memory inside the sandbox via a crafted media file. (Chromium security severity: Medium),Apply vendor security patches.,https://nvd.nist.gov/vuln/detail/CVE-2026-79020
IN-VULN-2026-0927,25-08-2026,CVE-2026-79026,General Enterprise Technology,General Enterprise / Indian Attack Surface,CWE-416,CVSS v3.1: 9.6 — Critical,Theoretical / no exploitation evidence,Use after free in Extensions in Google Chrome prior to 152.0.7977.65 allowed a remote attacker leveraging social engineering to potentially execute arbitrary code outside the sandbox via a crafted Chrome extension. (Chromium security severity: High),Apply vendor security patches.,https://nvd.nist.gov/vuln/detail/CVE-2026-79026
IN-VULN-2026-0928,25-08-2026,CVE-2026-79027,General Enterprise Technology,General Enterprise / Indian Attack Surface,CWE-416,CVSS v3.1: 8.1 — High,Theoretical / no exploitation evidence,Use after free in WebRTC in Google Chrome prior to 152.0.7977.65 allowed a remote attacker to execute arbitrary code inside the sandbox via crafted network traffic. (Chromium security severity: High),Apply vendor security patches.,https://nvd.nist.gov/vuln/detail/CVE-2026-79027
IN-VULN-2026-0929,25-08-2026,CVE-2026-79033,General Enterprise Technology,General Enterprise / Indian Attack Surface,CWE-691,CVSS v3.1: 8.8 — High,Theoretical / no exploitation evidence,Insufficient control flow management in DevTools in Google Chrome prior to 152.0.7977.65 allowed a remote attacker leveraging social engineering to potentially execute arbitrary code inside the sandbox via a crafted HTML page. (Chromium security seve...,Apply vendor security patches.,https://nvd.nist.gov/vuln/detail/CVE-2026-79033
IN-VULN-2026-0930,25-08-2026,CVE-2026-79039,General Enterprise Technology,General Enterprise / Indian Attack Surface,CWE-416,CVSS v3.1: 8.1 — High,Theoretical / no exploitation evidence,Use after free in Mobile in Google Chrome on on iOS prior to 152.0.7977.65 allowed a remote attacker to execute arbitrary code outside the sandbox via crafted network traffic. (Chromium security severity: High),Apply vendor security patches.,https://nvd.nist.gov/vuln/detail/CVE-2026-79039
IN-VULN-2026-0931,25-08-2026,CVE-2026-79043,General Enterprise Technology,General Enterprise / Indian Attack Surface,CWE-787,CVSS v3.1: 9.6 — Critical,Theoretical / no exploitation evidence,Out of bounds write in ANGLE in Google Chrome prior to 152.0.7977.65 allowed a remote attacker to potentially execute arbitrary code outside the sandbox via a crafted HTML page. (Chromium security severity: High),Apply vendor security patches.,https://nvd.nist.gov/vuln/detail/CVE-2026-79043
IN-VULN-2026-0932,25-08-2026,CVE-2026-79045,General Enterprise Technology,General Enterprise / Indian Attack Surface,CWE-843,CVSS v3.1: 8.8 — High,Theoretical / no exploitation evidence,Type confusion in V8 in Google Chrome prior to 152.0.7977.65 allowed a remote attacker leveraging social engineering to read memory inside the sandbox via a crafted HTML page. (Chromium security severity: Low),Apply vendor security patches.,https://nvd.nist.gov/vuln/detail/CVE-2026-79045
IN-VULN-2026-0933,25-08-2026,CVE-2026-79047,General Enterprise Technology,General Enterprise / Indian Attack Surface,CWE-416,CVSS v3.1: 9.6 — Critical,Theoretical / no exploitation evidence,Use after free in Views in Google Chrome prior to 152.0.7977.65 allowed a remote attacker leveraging social engineering to execute arbitrary code outside the sandbox via a crafted HTML page. (Chromium security severity: High),Apply vendor security patches.,https://nvd.nist.gov/vuln/detail/CVE-2026-79047
IN-VULN-2026-0934,25-08-2026,CVE-2026-79048,General Enterprise Technology,General Enterprise / Indian Attack Surface,CWE-787,CVSS v3.1: 8.8 — High,Theoretical / no exploitation evidence,Out of bounds write in ANGLE in Google Chrome on on Windows prior to 152.0.7977.65 allowed a remote attacker to potentially execute arbitrary code inside the sandbox via a crafted HTML page. (Chromium security severity: High),Apply vendor security patches.,https://nvd.nist.gov/vuln/detail/CVE-2026-79048
IN-VULN-2026-0935,25-08-2026,CVE-2026-79052,General Enterprise Technology,General Enterprise / Indian Attack Surface,CWE-416,CVSS v3.1: 9.6 — Critical,Theoretical / no exploitation evidence,Use after free in Aura in Google Chrome prior to 152.0.7977.65 allowed a remote attacker to execute arbitrary code outside the sandbox via a crafted HTML page. (Chromium security severity: Critical),Apply vendor security patches.,https://nvd.nist.gov/vuln/detail/CVE-2026-79052
IN-VULN-2026-0936,25-08-2026,CVE-2026-79054,General Enterprise Technology,General Enterprise / Indian Attack Surface,CWE-416,CVSS v3.1: 8.3 — High,Theoretical / no exploitation evidence,Use after free in Chromecast in Google Chrome prior to 152.0.7977.65 allowed a remote attacker who had compromised the renderer process to execute arbitrary code outside the sandbox via a crafted HTML page. (Chromium security severity: Critical),Apply vendor security patches.,https://nvd.nist.gov/vuln/detail/CVE-2026-79054
IN-VULN-2026-0937,25-08-2026,CVE-2026-79056,General Enterprise Technology,General Enterprise / Indian Attack Surface,CWE-416,CVSS v3.1: 9.6 — Critical,Theoretical / no exploitation evidence,Use after free in ServiceWorker in Google Chrome prior to 152.0.7977.65 allowed a remote attacker to potentially execute arbitrary code outside the sandbox via a crafted HTML page. (Chromium security severity: Low),Apply vendor security patches.,https://nvd.nist.gov/vuln/detail/CVE-2026-79056
IN-VULN-2026-0938,25-08-2026,CVE-2026-79057,General Enterprise Technology,General Enterprise / Indian Attack Surface,CWE-367,CVSS v3.1: 8.1 — High,Theoretical / no exploitation evidence,Race condition in Start in Google Chrome on on Android prior to 152.0.7977.65 allowed a local attacker leveraging social engineering to potentially execute arbitrary code outside the sandbox via a co-installed app. (Chromium security severity: Medium...,Apply vendor security patches.,https://nvd.nist.gov/vuln/detail/CVE-2026-79057
IN-VULN-2026-0939,25-08-2026,CVE-2026-79058,General Enterprise Technology,General Enterprise / Indian Attack Surface,CWE-862,CVSS v3.1: 9.1 — Critical,Theoretical / no exploitation evidence,Missing authorization in Passwords in Google Chrome prior to 152.0.7977.65 allowed a remote attacker who had compromised the renderer process to spoof UI elements via a crafted HTML page. (Chromium security severity: Low),Apply vendor security patches.,https://nvd.nist.gov/vuln/detail/CVE-2026-79058
IN-VULN-2026-0940,25-08-2026,CVE-2026-79064,General Enterprise Technology,General Enterprise / Indian Attack Surface,CWE-416,CVSS v3.1: 9.6 — Critical,Theoretical / no exploitation evidence,Use after free in Network in Google Chrome on on Mac prior to 152.0.7977.65 allowed a remote attacker leveraging social engineering to execute arbitrary code outside the sandbox via a crafted Chrome extension. (Chromium security severity: Medium),Apply vendor security patches.,https://nvd.nist.gov/vuln/detail/CVE-2026-79064
IN-VULN-2026-0941,25-08-2026,CVE-2026-79069,General Enterprise Technology,General Enterprise / Indian Attack Surface,CWE-119,CVSS v3.1: 8.8 — High,Theoretical / no exploitation evidence,Memory corruption in Tint in Google Chrome on on Mac prior to 152.0.7977.65 allowed a remote attacker to potentially execute arbitrary code outside the sandbox via a crafted HTML page. (Chromium security severity: High),Apply vendor security patches.,https://nvd.nist.gov/vuln/detail/CVE-2026-79069
IN-VULN-2026-0942,25-08-2026,CVE-2026-79071,General Enterprise Technology,General Enterprise / Indian Attack Surface,CWE-367,CVSS v3.1: 8.3 — High,Theoretical / no exploitation evidence,Race condition in GPU in Google Chrome prior to 152.0.7977.65 allowed a remote attacker who had compromised the renderer process to potentially execute arbitrary code outside the sandbox via a crafted HTML page. (Chromium security severity: Medium),Apply vendor security patches.,https://nvd.nist.gov/vuln/detail/CVE-2026-79071
IN-VULN-2026-0943,25-08-2026,CVE-2026-79072,General Enterprise Technology,General Enterprise / Indian Attack Surface,CWE-754,CVSS v3.1: 8.1 — High,Theoretical / no exploitation evidence,Improper state validation in Performance in Google Chrome prior to 152.0.7977.65 allowed a remote attacker to potentially read memory inside the sandbox via a crafted HTML page. (Chromium security severity: High),Apply vendor security patches.,https://nvd.nist.gov/vuln/detail/CVE-2026-79072
IN-VULN-2026-0944,25-08-2026,CVE-2026-79073,General Enterprise Technology,General Enterprise / Indian Attack Surface,CWE-754,CVSS v3.1: 8.8 — High,Theoretical / no exploitation evidence,Improper state validation in Parser in Google Chrome prior to 152.0.7977.65 allowed a remote attacker to potentially execute arbitrary code inside the sandbox via a crafted HTML page. (Chromium security severity: Medium),Apply vendor security patches.,https://nvd.nist.gov/vuln/detail/CVE-2026-79073
IN-VULN-2026-0945,25-08-2026,CVE-2026-79078,General Enterprise Technology,General Enterprise / Indian Attack Surface,CWE-416,CVSS v3.1: 9.6 — Critical,Theoretical / no exploitation evidence,Use after free in FedCM in Google Chrome prior to 152.0.7977.65 allowed a remote attacker leveraging social engineering to execute arbitrary code outside the sandbox via a crafted HTML page. (Chromium security severity: High),Apply vendor security patches.,https://nvd.nist.gov/vuln/detail/CVE-2026-79078
IN-VULN-2026-0946,25-08-2026,CVE-2026-79083,General Enterprise Technology,General Enterprise / Indian Attack Surface,CWE-841,CVSS v3.1: 7.5 — High,Theoretical / no exploitation evidence,Improper enforcement of behavioral workflow in Media in Google Chrome prior to 152.0.7977.65 allowed a remote attacker who had compromised the renderer process to potentially execute arbitrary code outside the sandbox via a crafted HTML page. (Chromi...,Apply vendor security patches.,https://nvd.nist.gov/vuln/detail/CVE-2026-79083
IN-VULN-2026-0947,25-08-2026,CVE-2026-79090,General Enterprise Technology,General Enterprise / Indian Attack Surface,CWE-269,CVSS v3.1: 9.8 — Critical,Theoretical / no exploitation evidence,Improper privilege management in Actor in Google Chrome prior to 152.0.7977.65 allowed a remote attacker leveraging social engineering to bypass system access restrictions via a crafted HTML page. (Chromium security severity: Low),Apply vendor security patches.,https://nvd.nist.gov/vuln/detail/CVE-2026-79090
IN-VULN-2026-0948,25-08-2026,CVE-2026-79091,General Enterprise Technology,General Enterprise / Indian Attack Surface,CWE-416,CVSS v3.1: 9.6 — Critical,Theoretical / no exploitation evidence,Use after free in Bluetooth in Google Chrome on on Mac prior to 152.0.7977.65 allowed a remote attacker leveraging social engineering to execute arbitrary code outside the sandbox via a crafted HTML page. (Chromium security severity: Medium),Apply vendor security patches.,https://nvd.nist.gov/vuln/detail/CVE-2026-79091
IN-VULN-2026-0949,25-08-2026,CVE-2026-79097,General Enterprise Technology,General Enterprise / Indian Attack Surface,CWE-416,CVSS v3.1: 8.8 — High,Theoretical / no exploitation evidence,Use after free in V8 in Google Chrome prior to 152.0.7977.65 allowed a remote attacker to execute arbitrary code inside the sandbox via a crafted HTML page. (Chromium security severity: Medium),Apply vendor security patches.,https://nvd.nist.gov/vuln/detail/CVE-2026-79097
IN-VULN-2026-0950,25-08-2026,CVE-2026-79109,General Enterprise Technology,General Enterprise / Indian Attack Surface,CWE-20,CVSS v3.1: 8.3 — High,Theoretical / no exploitation evidence,Improper input validation in Printing in Google Chrome prior to 152.0.7977.65 allowed a remote attacker who had compromised the renderer process to potentially execute arbitrary code outside the sandbox via a crafted HTML page. (Chromium security sev...,Apply vendor security patches.,https://nvd.nist.gov/vuln/detail/CVE-2026-79109
IN-VULN-2026-0951,25-08-2026,CVE-2026-79111,General Enterprise Technology,General Enterprise / Indian Attack Surface,CWE-20,CVSS v3.1: 9.6 — Critical,Theoretical / no exploitation evidence,Improper input validation in Dawn in Google Chrome prior to 152.0.7977.65 allowed a remote attacker to potentially execute arbitrary code outside the sandbox via a crafted HTML page. (Chromium security severity: High),Apply vendor security patches.,https://nvd.nist.gov/vuln/detail/CVE-2026-79111
IN-VULN-2026-0952,25-08-2026,CVE-2026-79119,General Enterprise Technology,General Enterprise / Indian Attack Surface,CWE-416,CVSS v3.1: 8.8 — High,Theoretical / no exploitation evidence,Use after free in PDF in Google Chrome prior to 152.0.7977.65 allowed a remote attacker to execute arbitrary code inside the sandbox via a crafted PDF file. (Chromium security severity: Low),Apply vendor security patches.,https://nvd.nist.gov/vuln/detail/CVE-2026-79119
IN-VULN-2026-0953,25-08-2026,CVE-2026-79121,General Enterprise Technology,General Enterprise / Indian Attack Surface,CWE-20,CVSS v3.1: 8.3 — High,Theoretical / no exploitation evidence,Improper input validation in Chromecast in Google Chrome prior to 152.0.7977.65 allowed a remote attacker who had compromised the renderer process to potentially execute arbitrary code outside the sandbox via a crafted HTML page. (Chromium security s...,Apply vendor security patches.,https://nvd.nist.gov/vuln/detail/CVE-2026-79121
IN-VULN-2026-0954,25-08-2026,CVE-2026-79127,General Enterprise Technology,General Enterprise / Indian Attack Surface,CWE-787,CVSS v3.1: 8.8 — High,Theoretical / no exploitation evidence,Out of bounds write in ANGLE in Google Chrome prior to 152.0.7977.65 allowed a remote attacker to execute arbitrary code outside the sandbox via a crafted HTML page. (Chromium security severity: Medium),Apply vendor security patches.,https://nvd.nist.gov/vuln/detail/CVE-2026-79127
IN-VULN-2026-0955,25-08-2026,CVE-2026-79128,General Enterprise Technology,General Enterprise / Indian Attack Surface,CWE-416,CVSS v3.1: 9.6 — Critical,Theoretical / no exploitation evidence,Use after free in Views in Google Chrome on on Mac prior to 152.0.7977.65 allowed a remote attacker to execute arbitrary code outside the sandbox via a crafted HTML page. (Chromium security severity: Medium),Apply vendor security patches.,https://nvd.nist.gov/vuln/detail/CVE-2026-79128
IN-VULN-2026-0956,25-08-2026,CVE-2026-79129,General Enterprise Technology,General Enterprise / Indian Attack Surface,CWE-416,CVSS v3.1: 9.6 — Critical,Theoretical / no exploitation evidence,Use after free in Sessions in Google Chrome on on Android prior to 152.0.7977.65 allowed a remote attacker leveraging social engineering to execute arbitrary code outside the sandbox via UI Interaction. (Chromium security severity: Medium),Apply vendor security patches.,https://nvd.nist.gov/vuln/detail/CVE-2026-79129
IN-VULN-2026-0957,25-08-2026,CVE-2026-79130,General Enterprise Technology,General Enterprise / Indian Attack Surface,CWE-122,CVSS v3.1: 9.6 — Critical,Theoretical / no exploitation evidence,Buffer overflow in ANGLE in Google Chrome prior to 152.0.7977.65 allowed a remote attacker to execute arbitrary code outside the sandbox via a crafted HTML page. (Chromium security severity: High),Apply vendor security patches.,https://nvd.nist.gov/vuln/detail/CVE-2026-79130
IN-VULN-2026-0958,25-08-2026,CVE-2026-79131,General Enterprise Technology,General Enterprise / Indian Attack Surface,CWE-787,CVSS v3.1: 9.6 — Critical,Theoretical / no exploitation evidence,Out of bounds write in ANGLE in Google Chrome prior to 152.0.7977.65 allowed a remote attacker to execute arbitrary code outside the sandbox via a crafted HTML page. (Chromium security severity: High),Apply vendor security patches.,https://nvd.nist.gov/vuln/detail/CVE-2026-79131
IN-VULN-2026-0959,25-08-2026,CVE-2026-79132,General Enterprise Technology,General Enterprise / Indian Attack Surface,CWE-20,CVSS v3.1: 8.3 — High,Theoretical / no exploitation evidence,Improper input validation in Input in Google Chrome on on Android prior to 152.0.7977.65 allowed a remote attacker who had compromised the renderer process to potentially execute arbitrary code outside the sandbox via a crafted HTML page. (Chromium s...,Apply vendor security patches.,https://nvd.nist.gov/vuln/detail/CVE-2026-79132
IN-VULN-2026-0960,25-08-2026,CVE-2026-79138,General Enterprise Technology,General Enterprise / Indian Attack Surface,CWE-787,CVSS v3.1: 9.6 — Critical,Theoretical / no exploitation evidence,Out of bounds write in ANGLE in Google Chrome on on Windows prior to 152.0.7977.65 allowed a remote attacker to potentially execute arbitrary code outside the sandbox via a crafted HTML page. (Chromium security severity: High),Apply vendor security patches.,https://nvd.nist.gov/vuln/detail/CVE-2026-79138
IN-VULN-2026-0961,25-08-2026,CVE-2026-79139,General Enterprise Technology,General Enterprise / Indian Attack Surface,CWE-20,CVSS v3.1: 7.5 — High,Theoretical / no exploitation evidence,Improper input validation in Media in Google Chrome on on Windows prior to 152.0.7977.65 allowed a remote attacker who had compromised the renderer process to potentially execute arbitrary code outside the sandbox via a crafted HTML page. (Chromium s...,Apply vendor security patches.,https://nvd.nist.gov/vuln/detail/CVE-2026-79139
IN-VULN-2026-0962,25-08-2026,CVE-2026-79140,General Enterprise Technology,General Enterprise / Indian Attack Surface,CWE-416,CVSS v3.1: 9.6 — Critical,Theoretical / no exploitation evidence,Use after free in Views in Google Chrome on on Mac prior to 152.0.7977.65 allowed a remote attacker to execute arbitrary code outside the sandbox via a crafted HTML page. (Chromium security severity: Medium),Apply vendor security patches.,https://nvd.nist.gov/vuln/detail/CVE-2026-79140
IN-VULN-2026-0963,25-08-2026,CVE-2026-79142,General Enterprise Technology,General Enterprise / Indian Attack Surface,CWE-122,CVSS v3.1: 8.8 — High,Theoretical / no exploitation evidence,Buffer overflow in ANGLE in Google Chrome on on Android prior to 152.0.7977.65 allowed a remote attacker to execute arbitrary code outside the sandbox via a crafted HTML page. (Chromium security severity: High),Apply vendor security patches.,https://nvd.nist.gov/vuln/detail/CVE-2026-79142
IN-VULN-2026-0964,25-08-2026,CVE-2026-79148,General Enterprise Technology,General Enterprise / Indian Attack Surface,CWE-193,CVSS v3.1: 9.1 — Critical,Theoretical / no exploitation evidence,Off-by-one error in DevTools in Google Chrome prior to 152.0.7977.65 allowed a remote attacker leveraging social engineering to potentially read memory inside the sandbox via a crafted Chrome extension. (Chromium security severity: Low),Apply vendor security patches.,https://nvd.nist.gov/vuln/detail/CVE-2026-79148
IN-VULN-2026-0965,25-08-2026,CVE-2026-79149,General Enterprise Technology,General Enterprise / Indian Attack Surface,CWE-416,CVSS v3.1: 9.6 — Critical,Theoretical / no exploitation evidence,Use after free in ANGLE in Google Chrome prior to 152.0.7977.65 allowed a remote attacker to execute arbitrary code outside the sandbox via a crafted HTML page. (Chromium security severity: High),Apply vendor security patches.,https://nvd.nist.gov/vuln/detail/CVE-2026-79149
IN-VULN-2026-0966,25-08-2026,CVE-2026-79150,General Enterprise Technology,General Enterprise / Indian Attack Surface,CWE-416,CVSS v3.1: 9.6 — Critical,Theoretical / no exploitation evidence,Use after free in Views in Google Chrome on on Mac prior to 152.0.7977.65 allowed a remote attacker to execute arbitrary code outside the sandbox via a crafted HTML page. (Chromium security severity: Critical),Apply vendor security patches.,https://nvd.nist.gov/vuln/detail/CVE-2026-79150
IN-VULN-2026-0967,25-08-2026,CVE-2026-79152,General Enterprise Technology,General Enterprise / Indian Attack Surface,CWE-863,CVSS v3.1: 9.8 — Critical,Theoretical / no exploitation evidence,Incorrect authorization in CustomTabs in Google Chrome on on Android prior to 152.0.7977.65 allowed a local attacker to bypass web origin policy via a co-installed app. (Chromium security severity: Low),Apply vendor security patches.,https://nvd.nist.gov/vuln/detail/CVE-2026-79152
IN-VULN-2026-0968,25-08-2026,CVE-2026-79155,General Enterprise Technology,General Enterprise / Indian Attack Surface,CWE-367,CVSS v3.1: 8.3 — High,Theoretical / no exploitation evidence,Race condition in FileSystem in Google Chrome prior to 152.0.7977.65 allowed a remote attacker who had compromised the renderer process to potentially execute arbitrary code outside the sandbox via a crafted HTML page. (Chromium security severity: Hi...,Apply vendor security patches.,https://nvd.nist.gov/vuln/detail/CVE-2026-79155
IN-VULN-2026-0969,25-08-2026,CVE-2026-79175,General Enterprise Technology,General Enterprise / Indian Attack Surface,CWE-843,CVSS v3.1: 8.3 — High,Theoretical / no exploitation evidence,Type confusion in Accessibility in Google Chrome on on Windows prior to 152.0.7977.65 allowed a remote attacker who had compromised the renderer process to execute arbitrary code outside the sandbox via a crafted HTML page. (Chromium security severit...,Apply vendor security patches.,https://nvd.nist.gov/vuln/detail/CVE-2026-79175
IN-VULN-2026-0970,25-08-2026,CVE-2026-79182,General Enterprise Technology,General Enterprise / Indian Attack Surface,CWE-20,CVSS v3.1: 8.8 — High,Theoretical / no exploitation evidence,Improper input validation in Media in Google Chrome prior to 152.0.7977.65 allowed a remote attacker to potentially execute arbitrary code outside the sandbox via a crafted HTML page. (Chromium security severity: Medium),Apply vendor security patches.,https://nvd.nist.gov/vuln/detail/CVE-2026-79182
IN-VULN-2026-0971,25-08-2026,CVE-2026-79183,General Enterprise Technology,General Enterprise / Indian Attack Surface,CWE-416,CVSS v3.1: 8.8 — High,Theoretical / no exploitation evidence,Use after free in Accessibility in Google Chrome prior to 152.0.7977.65 allowed a remote attacker leveraging social engineering to execute arbitrary code outside the sandbox via UI Interaction. (Chromium security severity: High),Apply vendor security patches.,https://nvd.nist.gov/vuln/detail/CVE-2026-79183
IN-VULN-2026-0972,25-08-2026,CVE-2026-79187,General Enterprise Technology,General Enterprise / Indian Attack Surface,CWE-416,CVSS v3.1: 8.8 — High,Theoretical / no exploitation evidence,Use after free in WebRTC in Google Chrome prior to 152.0.7977.65 allowed a remote attacker to execute arbitrary code inside the sandbox via a crafted HTML page. (Chromium security severity: High),Apply vendor security patches.,https://nvd.nist.gov/vuln/detail/CVE-2026-79187
IN-VULN-2026-0973,25-08-2026,CVE-2026-79188,General Enterprise Technology,General Enterprise / Indian Attack Surface,CWE-787,CVSS v3.1: 9.6 — Critical,Theoretical / no exploitation evidence,Out of bounds write in ANGLE in Google Chrome prior to 152.0.7977.65 allowed a remote attacker to potentially execute arbitrary code outside the sandbox via a crafted HTML page. (Chromium security severity: High),Apply vendor security patches.,https://nvd.nist.gov/vuln/detail/CVE-2026-79188
IN-VULN-2026-0974,25-08-2026,CVE-2026-79189,General Enterprise Technology,General Enterprise / Indian Attack Surface,CWE-787,CVSS v3.1: 9.6 — Critical,Theoretical / no exploitation evidence,Out of bounds write in ANGLE in Google Chrome prior to 152.0.7977.65 allowed a remote attacker to potentially execute arbitrary code outside the sandbox via a crafted HTML page. (Chromium security severity: High),Apply vendor security patches.,https://nvd.nist.gov/vuln/detail/CVE-2026-79189
IN-VULN-2026-0975,25-08-2026,CVE-2026-79194,General Enterprise Technology,General Enterprise / Indian Attack Surface,CWE-416,CVSS v3.1: 8.1 — High,Theoretical / no exploitation evidence,Use after free in Chromoting in Google Chrome on on Windows prior to 152.0.7977.65 allowed a remote attacker to execute arbitrary code outside the sandbox via crafted network traffic. (Chromium security severity: High),Apply vendor security patches.,https://nvd.nist.gov/vuln/detail/CVE-2026-79194
IN-VULN-2026-0976,25-08-2026,CVE-2026-79195,General Enterprise Technology,General Enterprise / Indian Attack Surface,CWE-416,CVSS v3.1: 8.8 — High,Theoretical / no exploitation evidence,Use after free in Script in Google Chrome prior to 152.0.7977.65 allowed a remote attacker to execute arbitrary code inside the sandbox via a crafted HTML page. (Chromium security severity: High),Apply vendor security patches.,https://nvd.nist.gov/vuln/detail/CVE-2026-79195
IN-VULN-2026-0977,25-08-2026,CVE-2026-79197,General Enterprise Technology,General Enterprise / Indian Attack Surface,CWE-416,CVSS v3.1: 8.8 — High,Theoretical / no exploitation evidence,Use after free in V8 in Google Chrome prior to 152.0.7977.65 allowed a remote attacker to execute arbitrary code inside the sandbox via a crafted HTML page. (Chromium security severity: Low),Apply vendor security patches.,https://nvd.nist.gov/vuln/detail/CVE-2026-79197
IN-VULN-2026-0978,25-08-2026,CVE-2026-79198,General Enterprise Technology,General Enterprise / Indian Attack Surface,CWE-416,CVSS v3.1: 8.8 — High,Theoretical / no exploitation evidence,Use after free in Platform in Google Chrome prior to 152.0.7977.65 allowed a remote attacker to execute arbitrary code inside the sandbox via a crafted HTML page. (Chromium security severity: High),Apply vendor security patches.,https://nvd.nist.gov/vuln/detail/CVE-2026-79198
IN-VULN-2026-0979,25-08-2026,CVE-2026-79200,General Enterprise Technology,General Enterprise / Indian Attack Surface,CWE-416,CVSS v3.1: 9.6 — Critical,Theoretical / no exploitation evidence,Use after free in Aura in Google Chrome prior to 152.0.7977.65 allowed a remote attacker to execute arbitrary code outside the sandbox via a crafted HTML page. (Chromium security severity: Critical),Apply vendor security patches.,https://nvd.nist.gov/vuln/detail/CVE-2026-79200
IN-VULN-2026-0980,25-08-2026,CVE-2026-79202,General Enterprise Technology,General Enterprise / Indian Attack Surface,CWE-416,CVSS v3.1: 8.8 — High,Theoretical / no exploitation evidence,Use after free in Chromecast in Google Chrome prior to 152.0.7977.65 allowed a remote attacker to execute arbitrary code inside the sandbox via a crafted HTML page. (Chromium security severity: High),Apply vendor security patches.,https://nvd.nist.gov/vuln/detail/CVE-2026-79202
IN-VULN-2026-0981,25-08-2026,CVE-2026-79209,General Enterprise Technology,General Enterprise / Indian Attack Surface,CWE-843,CVSS v3.1: 8.8 — High,Theoretical / no exploitation evidence,Type confusion in Animation in Google Chrome prior to 152.0.7977.65 allowed a remote attacker to potentially execute arbitrary code inside the sandbox via a crafted HTML page. (Chromium security severity: Medium),Apply vendor security patches.,https://nvd.nist.gov/vuln/detail/CVE-2026-79209
IN-VULN-2026-0982,25-08-2026,CVE-2026-79210,General Enterprise Technology,General Enterprise / Indian Attack Surface,CWE-416,CVSS v3.1: 8.3 — High,Theoretical / no exploitation evidence,Use after free in Audio in Google Chrome on on Android prior to 152.0.7977.65 allowed a remote attacker who had compromised the renderer process to execute arbitrary code outside the sandbox via a crafted HTML page. (Chromium security severity: Mediu...,Apply vendor security patches.,https://nvd.nist.gov/vuln/detail/CVE-2026-79210
IN-VULN-2026-0983,25-08-2026,CVE-2026-79215,General Enterprise Technology,General Enterprise / Indian Attack Surface,CWE-190,CVSS v3.1: 8.8 — High,Theoretical / no exploitation evidence,Integer overflow in WebGL in Google Chrome prior to 152.0.7977.65 allowed a remote attacker to potentially execute arbitrary code outside the sandbox via a crafted HTML page. (Chromium security severity: Medium),Apply vendor security patches.,https://nvd.nist.gov/vuln/detail/CVE-2026-79215
IN-VULN-2026-0984,25-08-2026,CVE-2026-79216,General Enterprise Technology,General Enterprise / Indian Attack Surface,CWE-122,CVSS v3.1: 7.5 — High,Theoretical / no exploitation evidence,Buffer overflow in Blink in Google Chrome prior to 152.0.7977.65 allowed a remote attacker who had compromised the renderer process to execute arbitrary code inside the sandbox via a crafted HTML page. (Chromium security severity: Medium),Apply vendor security patches.,https://nvd.nist.gov/vuln/detail/CVE-2026-79216
IN-VULN-2026-0985,25-08-2026,CVE-2026-79218,General Enterprise Technology,General Enterprise / Indian Attack Surface,CWE-863,CVSS v3.1: 8.3 — High,Theoretical / no exploitation evidence,Incorrect authorization in Sandbox in Google Chrome prior to 152.0.7977.65 allowed a remote attacker who had compromised the renderer process to potentially execute arbitrary code outside the sandbox via a crafted HTML page. (Chromium security severi...,Apply vendor security patches.,https://nvd.nist.gov/vuln/detail/CVE-2026-79218
IN-VULN-2026-0986,25-08-2026,CVE-2026-79219,General Enterprise Technology,General Enterprise / Indian Attack Surface,CWE-416,CVSS v3.1: 8.8 — High,Theoretical / no exploitation evidence,Use after free in Bluetooth in Google Chrome prior to 152.0.7977.65 allowed a remote attacker leveraging social engineering to execute arbitrary code outside the sandbox via a crafted Chrome extension. (Chromium security severity: High),Apply vendor security patches.,https://nvd.nist.gov/vuln/detail/CVE-2026-79219
IN-VULN-2026-0987,25-08-2026,CVE-2026-79223,General Enterprise Technology,General Enterprise / Indian Attack Surface,CWE-190,CVSS v3.1: 8.8 — High,Theoretical / no exploitation evidence,Integer overflow in Chromium in Google Chrome prior to 152.0.7977.65 allowed a remote attacker to read memory inside the sandbox via a crafted file. (Chromium security severity: Low),Apply vendor security patches.,https://nvd.nist.gov/vuln/detail/CVE-2026-79223
IN-VULN-2026-0988,25-08-2026,CVE-2026-79224,General Enterprise Technology,General Enterprise / Indian Attack Surface,CWE-416,CVSS v3.1: 8.3 — High,Theoretical / no exploitation evidence,Use after free in Chromecast in Google Chrome prior to 152.0.7977.65 allowed a remote attacker who had compromised the renderer process to execute arbitrary code outside the sandbox via a crafted HTML page. (Chromium security severity: Critical),Apply vendor security patches.,https://nvd.nist.gov/vuln/detail/CVE-2026-79224
IN-VULN-2026-0989,25-08-2026,CVE-2026-79226,General Enterprise Technology,General Enterprise / Indian Attack Surface,CWE-269,CVSS v3.1: 8.8 — High,Theoretical / no exploitation evidence,Improper privilege management in Regional Capabilities in Google Chrome prior to 152.0.7977.65 allowed a remote attacker leveraging social engineering to bypass system access restrictions via a crafted Chrome extension. (Chromium security severity: M...,Apply vendor security patches.,https://nvd.nist.gov/vuln/detail/CVE-2026-79226
IN-VULN-2026-0990,25-08-2026,CVE-2026-79227,General Enterprise Technology,General Enterprise / Indian Attack Surface,CWE-843,CVSS v3.1: 8.8 — High,Theoretical / no exploitation evidence,Type confusion in DevTools in Google Chrome prior to 152.0.7977.65 allowed a remote attacker leveraging social engineering to execute arbitrary code inside the sandbox via a crafted HTML page. (Chromium security severity: Medium),Apply vendor security patches.,https://nvd.nist.gov/vuln/detail/CVE-2026-79227
IN-VULN-2026-0991,25-08-2026,CVE-2026-79230,General Enterprise Technology,General Enterprise / Indian Attack Surface,CWE-20,CVSS v3.1: 8.8 — High,Theoretical / no exploitation evidence,Improper input validation in ANGLE in Google Chrome on on Mac prior to 152.0.7977.65 allowed a remote attacker to potentially execute arbitrary code outside the sandbox via a crafted HTML page. (Chromium security severity: Medium),Apply vendor security patches.,https://nvd.nist.gov/vuln/detail/CVE-2026-79230
IN-VULN-2026-0992,25-08-2026,CVE-2026-79231,General Enterprise Technology,General Enterprise / Indian Attack Surface,CWE-122,CVSS v3.1: 8.8 — High,Theoretical / no exploitation evidence,Buffer overflow in Media in Google Chrome prior to 152.0.7977.65 allowed a remote attacker to execute arbitrary code inside the sandbox via a crafted HTML page. (Chromium security severity: Medium),Apply vendor security patches.,https://nvd.nist.gov/vuln/detail/CVE-2026-79231
IN-VULN-2026-0993,25-08-2026,CVE-2026-79232,General Enterprise Technology,General Enterprise / Indian Attack Surface,CWE-416,CVSS v3.1: 9.6 — Critical,Theoretical / no exploitation evidence,Use after free in Aura in Google Chrome prior to 152.0.7977.65 allowed a remote attacker to potentially execute arbitrary code outside the sandbox via a crafted HTML page. (Chromium security severity: High),Apply vendor security patches.,https://nvd.nist.gov/vuln/detail/CVE-2026-79232
IN-VULN-2026-0994,25-08-2026,CVE-2026-79235,General Enterprise Technology,General Enterprise / Indian Attack Surface,CWE-416,CVSS v3.1: 9.6 — Critical,Theoretical / no exploitation evidence,Use after free in WebGL in Google Chrome prior to 152.0.7977.65 allowed a remote attacker to execute arbitrary code outside the sandbox via a crafted HTML page. (Chromium security severity: High),Apply vendor security patches.,https://nvd.nist.gov/vuln/detail/CVE-2026-79235
IN-VULN-2026-0995,25-08-2026,CVE-2026-79236,General Enterprise Technology,General Enterprise / Indian Attack Surface,CWE-843,CVSS v3.1: 8.8 — High,Theoretical / no exploitation evidence,Type confusion in V8 in Google Chrome prior to 152.0.7977.65 allowed a remote attacker to execute arbitrary code inside the sandbox via a crafted HTML page. (Chromium security severity: High),Apply vendor security patches.,https://nvd.nist.gov/vuln/detail/CVE-2026-79236
IN-VULN-2026-0996,25-08-2026,CVE-2026-79240,General Enterprise Technology,General Enterprise / Indian Attack Surface,CWE-787,CVSS v3.1: 8.8 — High,Theoretical / no exploitation evidence,Out of bounds write in ANGLE in Google Chrome on on Windows prior to 152.0.7977.65 allowed a remote attacker to potentially execute arbitrary code inside the sandbox via a crafted HTML page. (Chromium security severity: High),Apply vendor security patches.,https://nvd.nist.gov/vuln/detail/CVE-2026-79240
IN-VULN-2026-0997,25-08-2026,CVE-2026-79244,General Enterprise Technology,General Enterprise / Indian Attack Surface,CWE-416,CVSS v3.1: 8.8 — High,Theoretical / no exploitation evidence,Use after free in Animation in Google Chrome prior to 152.0.7977.65 allowed a remote attacker to execute arbitrary code inside the sandbox via a crafted HTML page. (Chromium security severity: Low),Apply vendor security patches.,https://nvd.nist.gov/vuln/detail/CVE-2026-79244
IN-VULN-2026-0998,25-08-2026,CVE-2026-79245,General Enterprise Technology,General Enterprise / Indian Attack Surface,CWE-416,CVSS v3.1: 7.7 — High,Theoretical / no exploitation evidence,Use after free in UI in Google Chrome prior to 152.0.7977.65 allowed a local attacker who had compromised the renderer process to execute arbitrary code outside the sandbox via a local program. (Chromium security severity: Medium),Apply vendor security patches.,https://nvd.nist.gov/vuln/detail/CVE-2026-79245
IN-VULN-2026-0999,25-08-2026,CVE-2026-79247,General Enterprise Technology,General Enterprise / Indian Attack Surface,CWE-416,CVSS v3.1: 8.3 — High,Theoretical / no exploitation evidence,Use after free in Chromoting in Google Chrome on on Windows prior to 152.0.7977.65 allowed a remote attacker who had compromised the renderer process to execute arbitrary code outside the sandbox via crafted network traffic. (Chromium security severi...,Apply vendor security patches.,https://nvd.nist.gov/vuln/detail/CVE-2026-79247
IN-VULN-2026-1000,25-08-2026,CVE-2026-79256,General Enterprise Technology,General Enterprise / Indian Attack Surface,CWE-610,CVSS v3.1: 8.3 — High,Theoretical / no exploitation evidence,Externally controlled reference in WebView in Google Chrome on on Android prior to 152.0.7977.65 allowed a remote attacker who had compromised the renderer process to potentially execute arbitrary code outside the sandbox via a crafted HTML page. (Ch...,Apply vendor security patches.,https://nvd.nist.gov/vuln/detail/CVE-2026-79256
IN-VULN-2026-1001,25-08-2026,CVE-2026-79257,General Enterprise Technology,General Enterprise / Indian Attack Surface,CWE-416,CVSS v3.1: 9.6 — Critical,Theoretical / no exploitation evidence,Use after free in Views in Google Chrome prior to 152.0.7977.65 allowed a remote attacker to execute arbitrary code outside the sandbox via a crafted HTML page. (Chromium security severity: High),Apply vendor security patches.,https://nvd.nist.gov/vuln/detail/CVE-2026-79257
IN-VULN-2026-1002,25-08-2026,CVE-2026-79263,General Enterprise Technology,General Enterprise / Indian Attack Surface,CWE-367,CVSS v3.1: 8.1 — High,Theoretical / no exploitation evidence,Race condition in Extensions in Google Chrome prior to 152.0.7977.65 allowed a remote attacker to execute arbitrary code inside the sandbox via crafted network traffic. (Chromium security severity: Low),Apply vendor security patches.,https://nvd.nist.gov/vuln/detail/CVE-2026-79263
IN-VULN-2026-1003,25-08-2026,CVE-2026-79266,General Enterprise Technology,General Enterprise / Indian Attack Surface,CWE-416,CVSS v3.1: 8.8 — High,Theoretical / no exploitation evidence,Use after free in DevTools in Google Chrome prior to 152.0.7977.65 allowed a remote attacker leveraging social engineering to execute arbitrary code inside the sandbox via a crafted Chrome extension. (Chromium security severity: Medium),Apply vendor security patches.,https://nvd.nist.gov/vuln/detail/CVE-2026-79266
IN-VULN-2026-1004,25-08-2026,CVE-2026-79275,General Enterprise Technology,General Enterprise / Indian Attack Surface,CWE-416,CVSS v3.1: 9.6 — Critical,Theoretical / no exploitation evidence,Use after free in ANGLE in Google Chrome prior to 152.0.7977.65 allowed a remote attacker to execute arbitrary code outside the sandbox via a crafted HTML page. (Chromium security severity: High),Apply vendor security patches.,https://nvd.nist.gov/vuln/detail/CVE-2026-79275
IN-VULN-2026-1005,25-08-2026,CVE-2026-79282,General Enterprise Technology,General Enterprise / Indian Attack Surface,CWE-416,CVSS v3.1: 9.6 — Critical,Theoretical / no exploitation evidence,Use after free in ANGLE in Google Chrome on on Android prior to 152.0.7977.65 allowed a remote attacker to execute arbitrary code outside the sandbox via a crafted HTML page. (Chromium security severity: Critical),Apply vendor security patches.,https://nvd.nist.gov/vuln/detail/CVE-2026-79282
IN-VULN-2026-1006,25-08-2026,CVE-2026-79286,General Enterprise Technology,General Enterprise / Indian Attack Surface,CWE-862,CVSS v3.1: 7.4 — High,Theoretical / no exploitation evidence,Missing authorization in CustomTabs in Google Chrome on on Android prior to 152.0.7977.65 allowed a local attacker to potentially execute arbitrary code outside the sandbox via a co-installed app. (Chromium security severity: Medium),Apply vendor security patches.,https://nvd.nist.gov/vuln/detail/CVE-2026-79286
IN-VULN-2026-1007,25-08-2026,CVE-2026-79290,General Enterprise Technology,General Enterprise / Indian Attack Surface,CWE-416,CVSS v3.1: 9.6 — Critical,Theoretical / no exploitation evidence,Use after free in Aura in Google Chrome prior to 152.0.7977.65 allowed a remote attacker to execute arbitrary code outside the sandbox via a crafted HTML page. (Chromium security severity: Critical),Apply vendor security patches.,https://nvd.nist.gov/vuln/detail/CVE-2026-79290
IN-VULN-2026-1008,25-08-2026,CVE-2026-79292,General Enterprise Technology,General Enterprise / Indian Attack Surface,CWE-190,CVSS v3.1: 8.3 — High,Theoretical / no exploitation evidence,Integer overflow in Chromecast in Google Chrome prior to 152.0.7977.65 allowed a remote attacker who had compromised the renderer process to potentially execute arbitrary code outside the sandbox via a crafted HTML page. (Chromium security severity: ...,Apply vendor security patches.,https://nvd.nist.gov/vuln/detail/CVE-2026-79292
IN-VULN-2026-1009,26-08-2026,CVE-2026-78236,General Enterprise Technology,General Enterprise / Indian Attack Surface,CWE-284,CVSS v3.1: 8.8 — High,Theoretical / no exploitation evidence,An insecure PIN derivation mechanism in ABR allows a low-privileged user to escalate privileges to administrator by communicating over Cross-Process Communication (XPC) while masquerading as an Apple-signed process.,Apply vendor security patches.,https://nvd.nist.gov/vuln/detail/CVE-2026-78236
IN-VULN-2026-1010,27-08-2026,CVE-2026-19889,General Enterprise Technology,General Enterprise / Indian Attack Surface,CWE-918,CVSS v3.1: 8.2 — High,Theoretical / no exploitation evidence,"GitLab has remediated a vulnerability in the GitLab AI Gateway component affecting all versions of the AI Gateway from 18.9.0 to 19.0.12, 19.1 to 19.1.7, and 19.2 to 19.2.2 that could have allowed an authenticated user with Duo Agent Platform access ...",Apply vendor security patches.,https://nvd.nist.gov/vuln/detail/CVE-2026-19889
IN-VULN-2026-1011,27-08-2026,CVE-2026-75871,General Enterprise Technology,General Enterprise / Indian Attack Surface,CWE-918,CVSS v3.1: 8.2 — High,Theoretical / no exploitation evidence,"GitLab has remediated a vulnerability in the GitLab AI Gateway component affecting all versions of the AI Gateway from 18.10 to 19.0.12, 19.1 to 19.1.7, and 19.2 to 19.2.2 that could have allowed an authenticated user with Duo Agent Platform access t...",Apply vendor security patches.,https://nvd.nist.gov/vuln/detail/CVE-2026-75871
IN-VULN-2026-1012,27-08-2026,CVE-2026-77438,General Enterprise Technology,General Enterprise / Indian Attack Surface,CWE-200,CVSS v3.1: 7.5 — High,Theoretical / no exploitation evidence,"Trilium is an open-source hierarchical note-taking application. In versions up to and including 0.103.0, the public share-search endpoint does not enforce the per-note shareCredentials and shareHiddenFromTree controls, allowing an unauthenticated vis...",Apply vendor security patches.,https://nvd.nist.gov/vuln/detail/CVE-2026-77438
IN-VULN-2026-1013,28-08-2026,CVE-2025-30156,General Enterprise Technology,General Enterprise / Indian Attack Surface,CWE-327,CVSS v3.1: 8.9 — High,Theoretical / no exploitation evidence,"Ceph is an open-source distributed storage platform providing object, block, and file storage. In versions prior to 20.2.4 and 19.2.6, the CephX authentication protocol encrypts tickets with AES-128-CBC in an unauthenticated mode that uses a hard-cod...",Apply vendor security patches.,https://nvd.nist.gov/vuln/detail/CVE-2025-30156
IN-VULN-2026-1014,28-08-2026,CVE-2026-39944,General Enterprise Technology,General Enterprise / Indian Attack Surface,CWE-327,CVSS v3.1: 8.8 — High,Theoretical / no exploitation evidence,"Ceph is an open-source distributed storage platform providing object, block, and file storage. In versions prior to 20.2.4 and 19.2.6, the RADOS Gateway (RGW) protects STS session tokens with an AES-128-CBC handler that provides no message authentica...",Apply vendor security patches.,https://nvd.nist.gov/vuln/detail/CVE-2026-39944
IN-VULN-2026-1015,28-08-2026,CVE-2026-82072,General Enterprise Technology,General Enterprise / Indian Attack Surface,CWE-125,CVSS v3.1: 8.8 — High,Theoretical / no exploitation evidence,Out of bounds read in V8 in Google Chrome prior to 151.0.7922.72 allowed a remote attacker to execute arbitrary code inside the sandbox via a crafted HTML page. (Chromium security severity: Medium),Apply vendor security patches.,https://nvd.nist.gov/vuln/detail/CVE-2026-82072
IN-VULN-2026-1016,28-08-2026,CVE-2026-72984,General Enterprise Technology,General Enterprise / Indian Attack Surface,CWE-843,CVSS v3.1: 8.8 — High,Theoretical / no exploitation evidence,Access of resource using incompatible type ('type confusion') in Microsoft Edge (Chromium-based) allows an unauthorized attacker to execute code over a network.,Apply vendor security patches.,https://nvd.nist.gov/vuln/detail/CVE-2026-72984
IN-VULN-2026-1017,29-08-2026,CVE-2026-82454,General Enterprise Technology,General Enterprise / Indian Attack Surface,CWE-347,CVSS v3.1: 9.1 — Critical,Theoretical / no exploitation evidence,The Omnivore API (packages/api) before the fix in commit abf53d6 contains an authentication bypass in Apple sign-in token verification. The decodeAppleToken function extracted the 'alg' field from the attacker-supplied JWT header and passed it as the...,Apply vendor security patches.,https://nvd.nist.gov/vuln/detail/CVE-2026-82454
IN-VULN-2026-1018,30-08-2026,CVE-2026-82638,General Enterprise Technology,General Enterprise / Indian Attack Surface,CWE-918,CVSS v3.1: 7.5 — High,Theoretical / no exploitation evidence,"jina-ai reader disables its private-address guard outside Google Cloud deployments, allowing unauthenticated attackers to perform server-side request forgery. Attackers can supply publicly resolvable hostnames mapping to private addresses to retrieve...",Apply vendor security patches.,https://nvd.nist.gov/vuln/detail/CVE-2026-82638
IN-VULN-2026-1019,30-08-2026,CVE-2026-82645,General Enterprise Technology,General Enterprise / Indian Attack Surface,CWE-347,CVSS v3.1: 8.6 — High,Theoretical / no exploitation evidence,AVideo (current commit e01e41ecc and earlier) exposes stream credentials through the plugin/Live/view/Live_restreams/getLiveKey.json.php endpoint. Supplying a 'token' request parameter waives both the Live::canRestream() access gate and the restream ...,Apply vendor security patches.,https://nvd.nist.gov/vuln/detail/CVE-2026-82645
IN-VULN-2026-1020,31-08-2026,CVE-2026-59111,General Enterprise Technology,General Enterprise / Indian Attack Surface,CWE-78,CVSS v3.1: 9.3 — Critical,Theoretical / no exploitation evidence,Improper neutralization of special elements used in an OS command ('OS command injection') vulnerability in Digitální a informační agentura (DIA) eObčanka-Identifikace on MacOS enables an attacker to register a custom URL scheme (czeeopauth://) for p...,Apply vendor security patches.,https://nvd.nist.gov/vuln/detail/CVE-2026-59111
IN-VULN-2026-1021,31-08-2026,CVE-2026-82808,General Enterprise Technology,General Enterprise / Indian Attack Surface,CWE-259,CVSS v3.1: 7.3 — High,Theoretical / no exploitation evidence,A vulnerability was identified in Inbox Foundry ActiveInbox Extension up to 7.10.24 on Chrome. Impacted is an unknown function of the file dist/service-worker.production-esm.js of the component Google OAuth Client Secret. Such manipulation leads to h...,Apply vendor security patches.,https://nvd.nist.gov/vuln/detail/CVE-2026-82808
IN-VULN-2026-1022,01-09-2026,CVE-2026-75865,General Enterprise Technology,General Enterprise / Indian Attack Surface,CWE-434,CVSS v3.1: 9.8 — Critical,Theoretical / no exploitation evidence,"The WPLP Cookie Consent – Cookie Banner & Consent Management for GDPR, CCPA & Google Consent Mode plugin for WordPress is vulnerable to arbitrary file upload due to missing file type validation in the saas_upload_logo() function combined with an auth...",Apply vendor security patches.,https://nvd.nist.gov/vuln/detail/CVE-2026-75865
IN-VULN-2026-1023,01-09-2026,CVE-2026-19806,General Enterprise Technology,General Enterprise / Indian Attack Surface,CWE-287,CVSS v3.1: 8.8 — High,Theoretical / no exploitation evidence,"The Support Genix – Helpdesk, AI Chatbot, Knowledge Base & Customer Support Ticketing System plugin for WordPress is vulnerable to Authentication Bypass leading to Administrator Account Takeover in all versions up to, and including, 1.4.52 via the `g...",Apply vendor security patches.,https://nvd.nist.gov/vuln/detail/CVE-2026-19806
IN-VULN-2026-1024,02-09-2026,CVE-2026-84324,General Enterprise Technology,General Enterprise / Indian Attack Surface,CWE-416,CVSS v3.1: 9.0 — Critical,Theoretical / no exploitation evidence,Use after free in Proxy in Google Chrome prior to 152.0.7977.75 allowed a remote attacker to execute arbitrary code outside the sandbox via crafted network traffic. (Chromium security severity: High),Apply vendor security patches.,https://nvd.nist.gov/vuln/detail/CVE-2026-84324
IN-VULN-2026-1025,02-09-2026,CVE-2026-84325,General Enterprise Technology,General Enterprise / Indian Attack Surface,CWE-20,CVSS v3.1: 9.8 — Critical,Theoretical / no exploitation evidence,Improper input validation in DataTransfer in Google Chrome prior to 152.0.7977.75 allowed a remote attacker leveraging social engineering to bypass system access restrictions via a co-installed app. (Chromium security severity: High),Apply vendor security patches.,https://nvd.nist.gov/vuln/detail/CVE-2026-84325
IN-VULN-2026-1026,02-09-2026,CVE-2026-84326,General Enterprise Technology,General Enterprise / Indian Attack Surface,CWE-908,CVSS v3.1: 8.8 — High,Theoretical / no exploitation evidence,Uninitialized resource in V8 in Google Chrome prior to 152.0.7977.75 allowed a remote attacker to execute arbitrary code inside the sandbox via a crafted HTML page. (Chromium security severity: High),Apply vendor security patches.,https://nvd.nist.gov/vuln/detail/CVE-2026-84326
IN-VULN-2026-1027,02-09-2026,CVE-2026-84333,General Enterprise Technology,General Enterprise / Indian Attack Surface,CWE-416,CVSS v3.1: 9.6 — Critical,Theoretical / no exploitation evidence,Use after free in Dawn in Google Chrome on on Android prior to 152.0.7977.75 allowed a remote attacker to execute arbitrary code outside the sandbox via a crafted HTML page. (Chromium security severity: High),Apply vendor security patches.,https://nvd.nist.gov/vuln/detail/CVE-2026-84333
IN-VULN-2026-1028,02-09-2026,CVE-2026-84334,General Enterprise Technology,General Enterprise / Indian Attack Surface,CWE-863,CVSS v3.1: 8.1 — High,Theoretical / no exploitation evidence,Incorrect authorization in Chromoting in Google Chrome on on Windows prior to 152.0.7977.75 allowed a local attacker to execute arbitrary code outside the sandbox via a local program. (Chromium security severity: Medium),Apply vendor security patches.,https://nvd.nist.gov/vuln/detail/CVE-2026-84334
IN-VULN-2026-1029,02-09-2026,CVE-2026-84335,General Enterprise Technology,General Enterprise / Indian Attack Surface,CWE-863,CVSS v3.1: 8.3 — High,Theoretical / no exploitation evidence,Incorrect authorization in TabStrip in Google Chrome prior to 152.0.7977.75 allowed a remote attacker who had compromised the renderer process and leveraged social engineering to potentially execute arbitrary code outside the sandbox via a crafted HT...,Apply vendor security patches.,https://nvd.nist.gov/vuln/detail/CVE-2026-84335
IN-VULN-2026-1030,02-09-2026,CVE-2026-84347,General Enterprise Technology,General Enterprise / Indian Attack Surface,CWE-416,CVSS v3.1: 8.8 — High,Theoretical / no exploitation evidence,Use after free in WebRTC in Google Chrome prior to 152.0.7977.75 allowed a remote attacker to execute arbitrary code inside the sandbox via a crafted HTML page. (Chromium security severity: Medium),Apply vendor security patches.,https://nvd.nist.gov/vuln/detail/CVE-2026-84347
IN-VULN-2026-1031,02-09-2026,CVE-2026-84349,General Enterprise Technology,General Enterprise / Indian Attack Surface,CWE-416,CVSS v3.1: 8.3 — High,Theoretical / no exploitation evidence,Use after free in Browser in Google Chrome prior to 152.0.7977.75 allowed a remote attacker who had compromised the renderer process to execute arbitrary code outside the sandbox via a crafted HTML page. (Chromium security severity: High),Apply vendor security patches.,https://nvd.nist.gov/vuln/detail/CVE-2026-84349
IN-VULN-2026-1032,02-09-2026,CVE-2026-84350,General Enterprise Technology,General Enterprise / Indian Attack Surface,CWE-416,CVSS v3.1: 8.8 — High,Theoretical / no exploitation evidence,Use after free in TabStrip in Google Chrome prior to 152.0.7977.75 allowed a remote attacker leveraging social engineering to execute arbitrary code outside the sandbox via UI Interaction. (Chromium security severity: Low),Apply vendor security patches.,https://nvd.nist.gov/vuln/detail/CVE-2026-84350
IN-VULN-2026-1033,02-09-2026,CVE-2026-84351,General Enterprise Technology,General Enterprise / Indian Attack Surface,CWE-121,CVSS v3.1: 8.3 — High,Theoretical / no exploitation evidence,Buffer overflow in GPU in Google Chrome on on Windows prior to 152.0.7977.75 allowed a remote attacker who had compromised the renderer process to execute arbitrary code outside the sandbox via a crafted HTML page. (Chromium security severity: High),Apply vendor security patches.,https://nvd.nist.gov/vuln/detail/CVE-2026-84351
IN-VULN-2026-1034,02-09-2026,CVE-2026-84352,General Enterprise Technology,General Enterprise / Indian Attack Surface,CWE-416,CVSS v3.1: 9.6 — Critical,Theoretical / no exploitation evidence,Use after free in WebGL in Google Chrome on on Android prior to 152.0.7977.75 allowed a remote attacker to execute arbitrary code outside the sandbox via a crafted HTML page. (Chromium security severity: Critical),Apply vendor security patches.,https://nvd.nist.gov/vuln/detail/CVE-2026-84352
IN-VULN-2026-1035,02-09-2026,CVE-2026-84353,General Enterprise Technology,General Enterprise / Indian Attack Surface,CWE-416,CVSS v3.1: 9.6 — Critical,Theoretical / no exploitation evidence,Use after free in Shared Tab Groups in Google Chrome on on Android prior to 152.0.7977.75 allowed a remote attacker leveraging social engineering to execute arbitrary code outside the sandbox via a crafted HTML page. (Chromium security severity: Crit...,Apply vendor security patches.,https://nvd.nist.gov/vuln/detail/CVE-2026-84353
IN-VULN-2026-1036,02-09-2026,CVE-2026-84354,General Enterprise Technology,General Enterprise / Indian Attack Surface,CWE-863,CVSS v3.1: 9.6 — Critical,Theoretical / no exploitation evidence,Incorrect authorization in FileSystem in Google Chrome prior to 152.0.7977.75 allowed a remote attacker leveraging social engineering to execute arbitrary code outside the sandbox via a crafted HTML page. (Chromium security severity: High),Apply vendor security patches.,https://nvd.nist.gov/vuln/detail/CVE-2026-84354
IN-VULN-2026-1037,02-09-2026,CVE-2026-84672,General Enterprise Technology,General Enterprise / Indian Attack Surface,CWE-639,CVSS v3.1: 8.8 — High,Theoretical / no exploitation evidence,"Jenkins Microsoft Entra ID (previously Azure AD) Plugin 710.v0b_ff8e9cc2d2 and earlier grants Entra group permissions using both the group's unique object ID and its display name, allowing attackers who can create an Entra group with a colliding disp...",Apply vendor security patches.,https://nvd.nist.gov/vuln/detail/CVE-2026-84672
IN-VULN-2026-1038,02-09-2026,CVE-2026-20212,General Enterprise Technology,General Enterprise / Indian Attack Surface,CWE-1327,CVSS v3.1: 9.8 — Critical,Theoretical / no exploitation evidence,"A vulnerability in the Silicon One integration for Cisco Nexus 9000 Series Switches could allow an unauthenticated, remote attacker to execute code with&nbsp;root privileges.

This vulnerability exists because TCP ports 43210 and 43211 are accessib...",Apply vendor security patches.,https://nvd.nist.gov/vuln/detail/CVE-2026-20212
IN-VULN-2026-1039,02-09-2026,CVE-2026-20274,General Enterprise Technology,General Enterprise / Indian Attack Surface,CWE-664,CVSS v3.1: 9.8 — Critical,Theoretical / no exploitation evidence,"As part of Cisco's ongoing commitment to proactive security and product quality, the Cisco IOS XR Software engineering team has conducted a comprehensive internal security review. This review resulted in a software hardening releases that address mul...",Apply vendor security patches.,https://nvd.nist.gov/vuln/detail/CVE-2026-20274
IN-VULN-2026-1040,02-09-2026,CVE-2026-20275,General Enterprise Technology,General Enterprise / Indian Attack Surface,CWE-682,CVSS v3.1: 8.8 — High,Theoretical / no exploitation evidence,"As part of Cisco's ongoing commitment to proactive security and product quality, the Cisco IOS XR Software engineering team has conducted a comprehensive internal security review. This review resulted in a software hardening releases that address mul...",Apply vendor security patches.,https://nvd.nist.gov/vuln/detail/CVE-2026-20275
IN-VULN-2026-1041,02-09-2026,CVE-2026-20276,General Enterprise Technology,General Enterprise / Indian Attack Surface,CWE-691,CVSS v3.1: 8.6 — High,Theoretical / no exploitation evidence,"As part of Cisco's ongoing commitment to proactive security and product quality, the Cisco IOS XR Software engineering team has conducted a comprehensive internal security review. This review resulted in a software hardening releases that address mul...",Apply vendor security patches.,https://nvd.nist.gov/vuln/detail/CVE-2026-20276
IN-VULN-2026-1042,02-09-2026,CVE-2026-20277,General Enterprise Technology,General Enterprise / Indian Attack Surface,CWE-693,CVSS v3.1: 8.2 — High,Theoretical / no exploitation evidence,"As part of Cisco's ongoing commitment to proactive security and product quality, the Cisco IOS XR Software engineering team has conducted a comprehensive internal security review. This review resulted in a software hardening releases that address mul...",Apply vendor security patches.,https://nvd.nist.gov/vuln/detail/CVE-2026-20277
IN-VULN-2026-1043,02-09-2026,CVE-2026-20278,General Enterprise Technology,General Enterprise / Indian Attack Surface,CWE-707,CVSS v3.1: 8.8 — High,Theoretical / no exploitation evidence,"As part of Cisco's ongoing commitment to proactive security and product quality, the Cisco IOS XR Software engineering team has conducted a comprehensive internal security review. This review resulted in a software hardening releases that address mul...",Apply vendor security patches.,https://nvd.nist.gov/vuln/detail/CVE-2026-20278
IN-VULN-2026-1044,02-09-2026,CVE-2026-20279,General Enterprise Technology,General Enterprise / Indian Attack Surface,CWE-284,CVSS v3.1: 9.8 — Critical,Theoretical / no exploitation evidence,"As part of Cisco's ongoing commitment to proactive security and product quality, the Cisco IOS XR Software engineering team has conducted a comprehensive internal security review. This review resulted in a software hardening releases that address mul...",Apply vendor security patches.,https://nvd.nist.gov/vuln/detail/CVE-2026-20279
IN-VULN-2026-1045,02-09-2026,CVE-2026-20280,General Enterprise Technology,General Enterprise / Indian Attack Surface,CWE-703,CVSS v3.1: 8.8 — High,Theoretical / no exploitation evidence,"As part of Cisco's ongoing commitment to proactive security and product quality, the&nbsp;Cisco IOS XR Software engineering team has conducted a comprehensive internal security review. This review resulted in a software hardening releases that addres...",Apply vendor security patches.,https://nvd.nist.gov/vuln/detail/CVE-2026-20280
IN-VULN-2026-1046,02-09-2026,CVE-2026-20281,General Enterprise Technology,General Enterprise / Indian Attack Surface,CWE-401,CVSS v3.1: 7.5 — High,Theoretical / no exploitation evidence,"A vulnerability in Cisco Desk Phone 9800 Series, Cisco IP Phone 7800 and 8800 Series, and Cisco Video Phone 8875 that are running Cisco Session Initiation Protocol (SIP) Software could allow an unauthenticated, remote attacker to cause a denial of se...",Apply vendor security patches.,https://nvd.nist.gov/vuln/detail/CVE-2026-20281
IN-VULN-2026-1047,03-09-2026,CVE-2026-85155,General Enterprise Technology,General Enterprise / Indian Attack Surface,CWE-89,CVSS v3.1: 7.5 — High,Theoretical / no exploitation evidence,WWBN AVideo contains a SQL injection vulnerability in the sort column parameter of the get.json.php endpoint with APIName=channels that allows unauthenticated attackers to order results by arbitrary database columns including users.password and users...,Apply vendor security patches.,https://nvd.nist.gov/vuln/detail/CVE-2026-85155
IN-VULN-2026-1048,03-09-2026,CVE-2026-85042,General Enterprise Technology,General Enterprise / Indian Attack Surface,CWE-416,CVSS v3.1: 9.6 — Critical,Theoretical / no exploitation evidence,Use after free in DevTools in Google Chrome prior to 152.0.7977.82 allowed a remote attacker to execute arbitrary code outside the sandbox via a crafted HTML page. (Chromium security severity: High),Apply vendor security patches.,https://nvd.nist.gov/vuln/detail/CVE-2026-85042
IN-VULN-2026-1049,03-09-2026,CVE-2026-85043,General Enterprise Technology,General Enterprise / Indian Attack Surface,CWE-459,CVSS v3.1: 9.1 — Critical,Theoretical / no exploitation evidence,Incomplete cleanup in Network in Google Chrome prior to 152.0.7977.82 allowed a remote attacker to bypass system access restrictions via crafted network traffic. (Chromium security severity: High),Apply vendor security patches.,https://nvd.nist.gov/vuln/detail/CVE-2026-85043
IN-VULN-2026-1050,03-09-2026,CVE-2026-85045,General Enterprise Technology,General Enterprise / Indian Attack Surface,CWE-367,CVSS v3.1: 7.5 — High,Theoretical / no exploitation evidence,Race condition in V8 in Google Chrome prior to 152.0.7977.82 allowed a remote attacker to execute arbitrary code inside the sandbox via a crafted HTML page. (Chromium security severity: High),Apply vendor security patches.,https://nvd.nist.gov/vuln/detail/CVE-2026-85045
IN-VULN-2026-1051,03-09-2026,CVE-2026-85047,General Enterprise Technology,General Enterprise / Indian Attack Surface,CWE-20,CVSS v3.1: 9.6 — Critical,Theoretical / no exploitation evidence,Improper input validation in Transactions Platform in Google Chrome on on iOS prior to 152.0.7977.82 allowed a remote attacker to potentially execute arbitrary code outside the sandbox via a crafted HTML page. (Chromium security severity: Medium),Apply vendor security patches.,https://nvd.nist.gov/vuln/detail/CVE-2026-85047
IN-VULN-2026-1052,03-09-2026,CVE-2026-85048,General Enterprise Technology,General Enterprise / Indian Attack Surface,CWE-416,CVSS v3.1: 8.3 — High,Theoretical / no exploitation evidence,Use after free in Compositing in Google Chrome prior to 152.0.7977.82 allowed a remote attacker who had compromised the renderer process to execute arbitrary code outside the sandbox via a crafted HTML page. (Chromium security severity: High),Apply vendor security patches.,https://nvd.nist.gov/vuln/detail/CVE-2026-85048
IN-VULN-2026-1053,03-09-2026,CVE-2026-85049,General Enterprise Technology,General Enterprise / Indian Attack Surface,CWE-416,CVSS v3.1: 8.8 — High,Theoretical / no exploitation evidence,Use after free in Skia in Google Chrome prior to 152.0.7977.82 allowed a remote attacker to execute arbitrary code inside the sandbox via a crafted HTML page. (Chromium security severity: High),Apply vendor security patches.,https://nvd.nist.gov/vuln/detail/CVE-2026-85049
IN-VULN-2026-1054,03-09-2026,CVE-2026-85050,General Enterprise Technology,General Enterprise / Indian Attack Surface,CWE-787,CVSS v3.1: 9.6 — Critical,Theoretical / no exploitation evidence,Out of bounds write in WebGL in Google Chrome on on Android prior to 152.0.7977.82 allowed a remote attacker to execute arbitrary code outside the sandbox via a crafted HTML page. (Chromium security severity: High),Apply vendor security patches.,https://nvd.nist.gov/vuln/detail/CVE-2026-85050
IN-VULN-2026-1055,03-09-2026,CVE-2026-85051,General Enterprise Technology,General Enterprise / Indian Attack Surface,CWE-843,CVSS v3.1: 8.8 — High,Theoretical / no exploitation evidence,Type confusion in Compositing in Google Chrome prior to 152.0.7977.82 allowed a remote attacker to execute arbitrary code inside the sandbox via a crafted HTML page. (Chromium security severity: High),Apply vendor security patches.,https://nvd.nist.gov/vuln/detail/CVE-2026-85051
IN-VULN-2026-1056,03-09-2026,CVE-2026-85053,General Enterprise Technology,General Enterprise / Indian Attack Surface,CWE-668,CVSS v3.1: 8.8 — High,Theoretical / no exploitation evidence,Improper resource exposure in CacheStorage in Google Chrome prior to 152.0.7977.82 allowed a remote attacker to execute arbitrary code inside the sandbox via a crafted HTML page. (Chromium security severity: High),Apply vendor security patches.,https://nvd.nist.gov/vuln/detail/CVE-2026-85053
IN-VULN-2026-1057,03-09-2026,CVE-2026-62906,General Enterprise Technology,General Enterprise / Indian Attack Surface,CWE-943,CVSS v3.1: 7.4 — High,Theoretical / no exploitation evidence,Improper neutralization of special elements in data query logic in Microsoft Discovery Studio allows an unauthorized attacker to disclose information over a network.,Apply vendor security patches.,https://nvd.nist.gov/vuln/detail/CVE-2026-62906
IN-VULN-2026-1058,03-09-2026,CVE-2026-62916,General Enterprise Technology,General Enterprise / Indian Attack Surface,CWE-288,CVSS v3.1: 9.1 — Critical,Theoretical / no exploitation evidence,Authentication bypass using an alternate path or channel in Microsoft Entra ID allows an unauthorized attacker to elevate privileges over a network.,Apply vendor security patches.,https://nvd.nist.gov/vuln/detail/CVE-2026-62916
IN-VULN-2026-1059,03-09-2026,CVE-2026-70178,General Enterprise Technology,General Enterprise / Indian Attack Surface,CWE-862,CVSS v3.1: 8.5 — High,Theoretical / no exploitation evidence,Missing authorization in Microsoft Fabric allows an authorized attacker to elevate privileges over a network.,Apply vendor security patches.,https://nvd.nist.gov/vuln/detail/CVE-2026-70178
IN-VULN-2026-1060,03-09-2026,CVE-2026-83711,General Enterprise Technology,General Enterprise / Indian Attack Surface,CWE-639,CVSS v3.1: 10.0 — Critical,Theoretical / no exploitation evidence,Authorization bypass through user-controlled key in Microsoft Azure Active Directory B2C allows an unauthorized attacker to elevate privileges over a network.,Apply vendor security patches.,https://nvd.nist.gov/vuln/detail/CVE-2026-83711
IN-VULN-2026-1061,04-09-2026,CVE-2026-85687,General Enterprise Technology,General Enterprise / Indian Attack Surface,CWE-73,CVSS v3.1: 7.5 — High,Theoretical / no exploitation evidence,"surya 0.22.1 screenshot server contains an unauthenticated arbitrary file read vulnerability in the /info, /page, and /process routes that accept raw file_path parameters. Attackers can read any image or PDF file on the host by supplying arbitrary fi...",Apply vendor security patches.,https://nvd.nist.gov/vuln/detail/CVE-2026-85687
IN-VULN-2026-1062,05-09-2026,CVE-2026-52769,General Enterprise Technology,General Enterprise / Indian Attack Surface,CWE-918,CVSS v3.1: 8.3 — High,Theoretical / no exploitation evidence,"YesWiki is a wiki system written in PHP. From version 4.6.2 to before version 4.6.6, the POST /api/forms/{formId}/actor/inbox route - exposed publicly with acl:""public"" - accepts an HTTP Signature header whose keyId parameter is a URL. HttpSignatureS...",Apply vendor security patches.,https://nvd.nist.gov/vuln/detail/CVE-2026-52769
IN-VULN-2026-1063,05-09-2026,CVE-2026-13447,General Enterprise Technology,General Enterprise / Indian Attack Surface,CWE-287,CVSS v3.1: 9.8 — Critical,Theoretical / no exploitation evidence,"The Mstore Api plugin for WordPress is vulnerable to Authentication Bypass via JWT Forgery in versions up to, and including, 4.20.0 This is due to missing cryptographic signature verification in the FirebasePhoneAuthHelper::verify_id_token() function...",Apply vendor security patches.,https://nvd.nist.gov/vuln/detail/CVE-2026-13447
IN-VULN-2026-1064,08-09-2026,CVE-2026-12645,General Enterprise Technology,General Enterprise / Indian Attack Surface,CWE-862,CVSS v3.1: 9.9 — Critical,Theoretical / no exploitation evidence,A Missing Authorization vulnerability in Ivanti Neurons for ITSM before 2026.2 allows a remote authenticated attacker to execute arbitrary code on the server.,Apply vendor security patches.,https://nvd.nist.gov/vuln/detail/CVE-2026-12645
IN-VULN-2026-1065,08-09-2026,CVE-2026-12646,General Enterprise Technology,General Enterprise / Indian Attack Surface,CWE-862,CVSS v3.1: 9.9 — Critical,Theoretical / no exploitation evidence,A Missing Authorization vulnerability in Ivanti Neurons for ITSM before 2026.2 allows a remote authenticated attacker to execute arbitrary code on the server.,Apply vendor security patches.,https://nvd.nist.gov/vuln/detail/CVE-2026-12646
IN-VULN-2026-1066,08-09-2026,CVE-2026-12647,General Enterprise Technology,General Enterprise / Indian Attack Surface,CWE-862,CVSS v3.1: 9.9 — Critical,Theoretical / no exploitation evidence,A Missing Authorization vulnerability in Ivanti Neurons for ITSM before 2026.2 allows a remote authenticated attacker to execute arbitrary code on the server.,Apply vendor security patches.,https://nvd.nist.gov/vuln/detail/CVE-2026-12647
IN-VULN-2026-1067,08-09-2026,CVE-2026-12648,General Enterprise Technology,General Enterprise / Indian Attack Surface,CWE-502,CVSS v3.1: 8.8 — High,Theoretical / no exploitation evidence,A Deserialization of Untrusted Data vulnerability in Ivanti Neurons for ITSM before 2026.2 allows a remote authenticated attacker to execute arbitrary code on the server.,Apply vendor security patches.,https://nvd.nist.gov/vuln/detail/CVE-2026-12648
IN-VULN-2026-1068,08-09-2026,CVE-2026-12650,General Enterprise Technology,General Enterprise / Indian Attack Surface,CWE-502,CVSS v3.1: 9.9 — Critical,Theoretical / no exploitation evidence,A Deserialization of Untrusted Data vulnerability in Ivanti Neurons for ITSM before 2026.2 allows a remote authenticated attacker to execute arbitrary code on the server.,Apply vendor security patches.,https://nvd.nist.gov/vuln/detail/CVE-2026-12650
IN-VULN-2026-1069,08-09-2026,CVE-2026-12651,General Enterprise Technology,General Enterprise / Indian Attack Surface,CWE-502,CVSS v3.1: 8.8 — High,Theoretical / no exploitation evidence,A Deserialization of Untrusted Data vulnerability in Ivanti Neurons for ITSM before 2026.2 allows a remote authenticated attacker to execute arbitrary code on the server.,Apply vendor security patches.,https://nvd.nist.gov/vuln/detail/CVE-2026-12651
IN-VULN-2026-1070,08-09-2026,CVE-2026-12744,General Enterprise Technology,General Enterprise / Indian Attack Surface,CWE-502,CVSS v3.1: 9.8 — Critical,Theoretical / no exploitation evidence,A Deserialization of Untrusted Data vulnerability in Ivanti Neurons for ITSM before 2026.2 allows a remote unauthenticated attacker to execute arbitrary code on the server.,Apply vendor security patches.,https://nvd.nist.gov/vuln/detail/CVE-2026-12744
IN-VULN-2026-1071,08-09-2026,CVE-2026-12745,General Enterprise Technology,General Enterprise / Indian Attack Surface,CWE-502,CVSS v3.1: 9.8 — Critical,Theoretical / no exploitation evidence,A Deserialization of Untrusted Data vulnerability in Ivanti Neurons for ITSM before 2026.2 allows a remote unauthenticated attacker to execute arbitrary code on the server.,Apply vendor security patches.,https://nvd.nist.gov/vuln/detail/CVE-2026-12745
IN-VULN-2026-1072,08-09-2026,CVE-2026-18851,General Enterprise Technology,General Enterprise / Indian Attack Surface,CWE-862,CVSS v3.1: 8.8 — High,Theoretical / no exploitation evidence,"Missing authorization in Ivanti Endpoint Manager Mobile before version 12.10.0.0, 12.9.0.2, and 12.8.0.4 allows a remote authenticated attacker to escalate their privileges to admin.",Apply vendor security patches.,https://nvd.nist.gov/vuln/detail/CVE-2026-18851
IN-VULN-2026-1073,08-09-2026,CVE-2026-86729,General Enterprise Technology,General Enterprise / Indian Attack Surface,CWE-307,CVSS v3.1: 7.4 — High,Theoretical / no exploitation evidence,"WWBN AVideo through commit e01e41ecc (no patched version available) exposes get_api_preauthorize in plugin/API/API.php as a second, undocumented login path. Unlike get_api_signIn, which enforces a rate limit of 10 attempts per 5 minutes via checkRate...",Apply vendor security patches.,https://nvd.nist.gov/vuln/detail/CVE-2026-86729
IN-VULN-2026-1074,08-09-2026,CVE-2026-20293,General Enterprise Technology,General Enterprise / Indian Attack Surface,CWE-749,CVSS v3.1: 7.1 — High,Theoretical / no exploitation evidence,A vulnerability in the Unified Extensible Firmware Interface (UEFI) Shell implementation of Cisco UCS Servers and UCS-based appliances could allow an authenticated attacker with valid credentials for a user account with the role of user or admin&nbsp...,Apply vendor security patches.,https://nvd.nist.gov/vuln/detail/CVE-2026-20293
IN-VULN-2026-1075,08-09-2026,CVE-2026-26084,General Enterprise Technology,General Enterprise / Indian Attack Surface,CWE-284,CVSS v3.1: 9.9 — Critical,Theoretical / no exploitation evidence,"A improper access control vulnerability in Fortinet FortiSandbox 5.0.0 through 5.0.5, FortiSandbox 4.4.0 through 4.4.8, FortiSandbox Cloud 5.0.4 through 5.0.5, FortiSandbox PaaS 5.0.4 through 5.0.5 may allow attacker to access sensitive information v...",Apply vendor security patches.,https://nvd.nist.gov/vuln/detail/CVE-2026-26084
IN-VULN-2026-1076,08-09-2026,CVE-2026-75156,General Enterprise Technology,General Enterprise / Indian Attack Surface,CWE-346,CVSS v3.1: 9.1 — Critical,Theoretical / no exploitation evidence,Apache Airflow FAB provider versions 3.7.3 through 3.8.0 do not validate the issuer or audience of Azure AD `id_token`s during OAuth login. Deployments are affected only when the FAB auth manager is configured with Azure AD as an OAuth provider. Beca...,Apply vendor security patches.,https://nvd.nist.gov/vuln/detail/CVE-2026-75156
IN-VULN-2026-1077,08-09-2026,CVE-2026-84387,General Enterprise Technology,General Enterprise / Indian Attack Surface,CWE-77,CVSS v3.1: 7.2 — High,Theoretical / no exploitation evidence,"A improper neutralization of special elements used in a command ('command injection') vulnerability in Fortinet FortiSandbox 5.2.0, FortiSandbox 5.0.0 through 5.0.6, FortiSandbox 4.4.0 through 4.4.9 may allow attacker to execute unauthorized code or ...",Apply vendor security patches.,https://nvd.nist.gov/vuln/detail/CVE-2026-84387
IN-VULN-2026-1078,08-09-2026,CVE-2026-84393,General Enterprise Technology,General Enterprise / Indian Attack Surface,CWE-297,CVSS v3.1: 8.1 — High,Theoretical / no exploitation evidence,"A improper validation of certificate with host mismatch vulnerability in Fortinet FortiOS 7.6.1 through 7.6.6, FortiProxy 7.6.2 through 7.6.6 may allow attacker to information disclosure via <insert attack vector here>",Apply vendor security patches.,https://nvd.nist.gov/vuln/detail/CVE-2026-84393
IN-VULN-2026-1079,08-09-2026,CVE-2026-55007,General Enterprise Technology,General Enterprise / Indian Attack Surface,CWE-415,CVSS v3.1: 8.1 — High,Theoretical / no exploitation evidence,Double free in Microsoft Exchange Server allows an unauthorized attacker to execute code over a network.,Apply vendor security patches.,https://nvd.nist.gov/vuln/detail/CVE-2026-55007
IN-VULN-2026-1080,08-09-2026,CVE-2026-56198,General Enterprise Technology,General Enterprise / Indian Attack Surface,CWE-125,CVSS v3.1: 7.8 — High,Theoretical / no exploitation evidence,Out-of-bounds read in Microsoft Trace Data Helper allows an authorized attacker to elevate privileges locally.,Apply vendor security patches.,https://nvd.nist.gov/vuln/detail/CVE-2026-56198
IN-VULN-2026-1081,08-09-2026,CVE-2026-58599,General Enterprise Technology,General Enterprise / Indian Attack Surface,CWE-122,CVSS v3.1: 7.8 — High,Theoretical / no exploitation evidence,Heap-based buffer overflow in Microsoft Windows Codecs Library allows an unauthorized attacker to execute code locally.,Apply vendor security patches.,https://nvd.nist.gov/vuln/detail/CVE-2026-58599
IN-VULN-2026-1082,08-09-2026,CVE-2026-58600,General Enterprise Technology,General Enterprise / Indian Attack Surface,CWE-122,CVSS v3.1: 7.8 — High,Theoretical / no exploitation evidence,Heap-based buffer overflow in Microsoft Windows Codecs Library allows an unauthorized attacker to elevate privileges locally.,Apply vendor security patches.,https://nvd.nist.gov/vuln/detail/CVE-2026-58600
IN-VULN-2026-1083,08-09-2026,CVE-2026-62706,General Enterprise Technology,General Enterprise / Indian Attack Surface,CWE-121,CVSS v3.1: 8.8 — High,Theoretical / no exploitation evidence,Out-of-bounds read in Microsoft Windows Media Foundation allows an unauthorized attacker to execute code over a network.,Apply vendor security patches.,https://nvd.nist.gov/vuln/detail/CVE-2026-62706
IN-VULN-2026-1084,08-09-2026,CVE-2026-62744,General Enterprise Technology,General Enterprise / Indian Attack Surface,CWE-122,CVSS v3.1: 8.8 — High,Theoretical / no exploitation evidence,Heap-based buffer overflow in Microsoft Windows Media Foundation allows an unauthorized attacker to execute code over a network.,Apply vendor security patches.,https://nvd.nist.gov/vuln/detail/CVE-2026-62744
IN-VULN-2026-1085,08-09-2026,CVE-2026-62804,General Enterprise Technology,General Enterprise / Indian Attack Surface,CWE-73,CVSS v3.1: 7.8 — High,Theoretical / no exploitation evidence,External control of file name or path in Microsoft Office Word allows an unauthorized attacker to execute code locally.,Apply vendor security patches.,https://nvd.nist.gov/vuln/detail/CVE-2026-62804
IN-VULN-2026-1086,08-09-2026,CVE-2026-65772,General Enterprise Technology,General Enterprise / Indian Attack Surface,CWE-502,CVSS v3.1: 8.8 — High,Theoretical / no exploitation evidence,Deserialization of untrusted data in Microsoft Dynamics 365 allows an authorized attacker to execute code over a network.,Apply vendor security patches.,https://nvd.nist.gov/vuln/detail/CVE-2026-65772
IN-VULN-2026-1087,08-09-2026,CVE-2026-68850,General Enterprise Technology,General Enterprise / Indian Attack Surface,CWE-122,CVSS v3.1: 7.8 — High,Theoretical / no exploitation evidence,Heap-based buffer overflow in Microsoft Account allows an authorized attacker to elevate privileges locally.,Apply vendor security patches.,https://nvd.nist.gov/vuln/detail/CVE-2026-68850
IN-VULN-2026-1088,08-09-2026,CVE-2026-68885,General Enterprise Technology,General Enterprise / Indian Attack Surface,CWE-122,CVSS v3.1: 7.8 — High,Theoretical / no exploitation evidence,Heap-based buffer overflow in Microsoft Standard XPS allows an authorized attacker to elevate privileges locally.,Apply vendor security patches.,https://nvd.nist.gov/vuln/detail/CVE-2026-68885
IN-VULN-2026-1089,08-09-2026,CVE-2026-68888,General Enterprise Technology,General Enterprise / Indian Attack Surface,CWE-122,CVSS v3.1: 7.8 — High,Theoretical / no exploitation evidence,Heap-based buffer overflow in Microsoft Standard XPS allows an authorized attacker to elevate privileges locally.,Apply vendor security patches.,https://nvd.nist.gov/vuln/detail/CVE-2026-68888
IN-VULN-2026-1090,08-09-2026,CVE-2026-68889,General Enterprise Technology,General Enterprise / Indian Attack Surface,CWE-122,CVSS v3.1: 7.1 — High,Theoretical / no exploitation evidence,Heap-based buffer overflow in Microsoft Standard XPS allows an authorized attacker to elevate privileges over a network.,Apply vendor security patches.,https://nvd.nist.gov/vuln/detail/CVE-2026-68889
IN-VULN-2026-1091,08-09-2026,CVE-2026-68890,General Enterprise Technology,General Enterprise / Indian Attack Surface,CWE-122,CVSS v3.1: 7.8 — High,Theoretical / no exploitation evidence,Heap-based buffer overflow in Microsoft Standard XPS allows an authorized attacker to elevate privileges locally.,Apply vendor security patches.,https://nvd.nist.gov/vuln/detail/CVE-2026-68890
IN-VULN-2026-1092,08-09-2026,CVE-2026-68892,General Enterprise Technology,General Enterprise / Indian Attack Surface,CWE-122,CVSS v3.1: 7.8 — High,Theoretical / no exploitation evidence,Heap-based buffer overflow in Microsoft Standard XPS allows an authorized attacker to elevate privileges locally.,Apply vendor security patches.,https://nvd.nist.gov/vuln/detail/CVE-2026-68892
IN-VULN-2026-1093,08-09-2026,CVE-2026-68896,General Enterprise Technology,General Enterprise / Indian Attack Surface,CWE-36,CVSS v3.1: 7.8 — High,Theoretical / no exploitation evidence,Absolute path traversal in Microsoft Windows Search Component allows an authorized attacker to elevate privileges locally.,Apply vendor security patches.,https://nvd.nist.gov/vuln/detail/CVE-2026-68896
IN-VULN-2026-1094,08-09-2026,CVE-2026-68897,General Enterprise Technology,General Enterprise / Indian Attack Surface,CWE-122,CVSS v3.1: 7.0 — High,Theoretical / no exploitation evidence,Heap-based buffer overflow in Microsoft Standard XPS allows an authorized attacker to elevate privileges locally.,Apply vendor security patches.,https://nvd.nist.gov/vuln/detail/CVE-2026-68897
IN-VULN-2026-1095,08-09-2026,CVE-2026-69268,General Enterprise Technology,General Enterprise / Indian Attack Surface,CWE-284,CVSS v3.1: 8.8 — High,Theoretical / no exploitation evidence,Improper access control in Microsoft Office SharePoint allows an authorized attacker to execute code over a network.,Apply vendor security patches.,https://nvd.nist.gov/vuln/detail/CVE-2026-69268
IN-VULN-2026-1096,08-09-2026,CVE-2026-69269,General Enterprise Technology,General Enterprise / Indian Attack Surface,CWE-191,CVSS v3.1: 7.8 — High,Theoretical / no exploitation evidence,Integer underflow (wrap or wraparound) in Microsoft Standard XPS allows an authorized attacker to elevate privileges locally.,Apply vendor security patches.,https://nvd.nist.gov/vuln/detail/CVE-2026-69269
IN-VULN-2026-1097,08-09-2026,CVE-2026-69271,General Enterprise Technology,General Enterprise / Indian Attack Surface,CWE-122,CVSS v3.1: 8.0 — High,Theoretical / no exploitation evidence,Heap-based buffer overflow in Microsoft Standard XPS allows an authorized attacker to elevate privileges over a network.,Apply vendor security patches.,https://nvd.nist.gov/vuln/detail/CVE-2026-69271
IN-VULN-2026-1098,08-09-2026,CVE-2026-69272,General Enterprise Technology,General Enterprise / Indian Attack Surface,CWE-122,CVSS v3.1: 7.1 — High,Theoretical / no exploitation evidence,Heap-based buffer overflow in Microsoft Standard XPS allows an authorized attacker to elevate privileges over a network.,Apply vendor security patches.,https://nvd.nist.gov/vuln/detail/CVE-2026-69272
IN-VULN-2026-1099,08-09-2026,CVE-2026-69273,General Enterprise Technology,General Enterprise / Indian Attack Surface,CWE-284,CVSS v3.1: 8.8 — High,Theoretical / no exploitation evidence,Improper access control in Microsoft Office SharePoint allows an authorized attacker to execute code over a network.,Apply vendor security patches.,https://nvd.nist.gov/vuln/detail/CVE-2026-69273
IN-VULN-2026-1100,08-09-2026,CVE-2026-69276,General Enterprise Technology,General Enterprise / Indian Attack Surface,CWE-122,CVSS v3.1: 9.8 — Critical,Theoretical / no exploitation evidence,Integer underflow (wrap or wraparound) in Microsoft UxTheme Library (uxtheme.dll) allows an unauthorized attacker to execute code over a network.,Apply vendor security patches.,https://nvd.nist.gov/vuln/detail/CVE-2026-69276
IN-VULN-2026-1101,08-09-2026,CVE-2026-69277,General Enterprise Technology,General Enterprise / Indian Attack Surface,CWE-121,CVSS v3.1: 7.8 — High,Theoretical / no exploitation evidence,Stack-based buffer overflow in Microsoft Local Security Authority Server (lsasrv) allows an authorized attacker to elevate privileges locally.,Apply vendor security patches.,https://nvd.nist.gov/vuln/detail/CVE-2026-69277
IN-VULN-2026-1102,08-09-2026,CVE-2026-69282,General Enterprise Technology,General Enterprise / Indian Attack Surface,CWE-284,CVSS v3.1: 8.8 — High,Theoretical / no exploitation evidence,Improper access control in Microsoft Office SharePoint allows an authorized attacker to execute code over a network.,Apply vendor security patches.,https://nvd.nist.gov/vuln/detail/CVE-2026-69282
IN-VULN-2026-1103,08-09-2026,CVE-2026-69285,General Enterprise Technology,General Enterprise / Indian Attack Surface,CWE-122,CVSS v3.1: 8.8 — High,Theoretical / no exploitation evidence,Heap-based buffer overflow in Microsoft Office allows an unauthorized attacker to execute code over a network.,Apply vendor security patches.,https://nvd.nist.gov/vuln/detail/CVE-2026-69285
IN-VULN-2026-1104,08-09-2026,CVE-2026-69299,General Enterprise Technology,General Enterprise / Indian Attack Surface,CWE-416,CVSS v3.1: 7.0 — High,Theoretical / no exploitation evidence,Use after free in Microsoft COM for Windows allows an authorized attacker to elevate privileges locally.,Apply vendor security patches.,https://nvd.nist.gov/vuln/detail/CVE-2026-69299
IN-VULN-2026-1105,08-09-2026,CVE-2026-69305,General Enterprise Technology,General Enterprise / Indian Attack Surface,CWE-416,CVSS v3.1: 7.1 — High,Theoretical / no exploitation evidence,Use after free in Microsoft Windows Search Component allows an authorized attacker to elevate privileges over a network.,Apply vendor security patches.,https://nvd.nist.gov/vuln/detail/CVE-2026-69305
IN-VULN-2026-1106,08-09-2026,CVE-2026-69313,General Enterprise Technology,General Enterprise / Indian Attack Surface,CWE-122,CVSS v3.1: 7.1 — High,Theoretical / no exploitation evidence,Heap-based buffer overflow in Microsoft Standard XPS allows an authorized attacker to elevate privileges over a network.,Apply vendor security patches.,https://nvd.nist.gov/vuln/detail/CVE-2026-69313
IN-VULN-2026-1107,08-09-2026,CVE-2026-69322,General Enterprise Technology,General Enterprise / Indian Attack Surface,CWE-415,CVSS v3.1: 8.0 — High,Theoretical / no exploitation evidence,Double free in Microsoft Windows Search Component allows an authorized attacker to elevate privileges over a network.,Apply vendor security patches.,https://nvd.nist.gov/vuln/detail/CVE-2026-69322
IN-VULN-2026-1108,08-09-2026,CVE-2026-69325,General Enterprise Technology,General Enterprise / Indian Attack Surface,CWE-122,CVSS v3.1: 8.1 — High,Theoretical / no exploitation evidence,Heap-based buffer overflow in Microsoft JScript allows an unauthorized attacker to execute code over a network.,Apply vendor security patches.,https://nvd.nist.gov/vuln/detail/CVE-2026-69325
IN-VULN-2026-1109,08-09-2026,CVE-2026-69336,General Enterprise Technology,General Enterprise / Indian Attack Surface,CWE-122,CVSS v3.1: 7.1 — High,Theoretical / no exploitation evidence,Heap-based buffer overflow in Microsoft Standard XPS allows an authorized attacker to elevate privileges over a network.,Apply vendor security patches.,https://nvd.nist.gov/vuln/detail/CVE-2026-69336
IN-VULN-2026-1110,08-09-2026,CVE-2026-69355,General Enterprise Technology,General Enterprise / Indian Attack Surface,CWE-73,CVSS v3.1: 8.8 — High,Theoretical / no exploitation evidence,External control of file name or path in Microsoft Exchange Server allows an authorized attacker to execute code over a network.,Apply vendor security patches.,https://nvd.nist.gov/vuln/detail/CVE-2026-69355
IN-VULN-2026-1111,08-09-2026,CVE-2026-69356,General Enterprise Technology,General Enterprise / Indian Attack Surface,CWE-79,CVSS v3.1: 9.3 — Critical,Theoretical / no exploitation evidence,Improper neutralization of input during web page generation ('cross-site scripting') in Microsoft Exchange Server allows an unauthorized attacker to perform spoofing over a network.,Apply vendor security patches.,https://nvd.nist.gov/vuln/detail/CVE-2026-69356
IN-VULN-2026-1112,08-09-2026,CVE-2026-69360,General Enterprise Technology,General Enterprise / Indian Attack Surface,CWE-122,CVSS v3.1: 8.8 — High,Theoretical / no exploitation evidence,Heap-based buffer overflow in Microsoft Office Word allows an unauthorized attacker to execute code over a network.,Apply vendor security patches.,https://nvd.nist.gov/vuln/detail/CVE-2026-69360
IN-VULN-2026-1113,08-09-2026,CVE-2026-69365,General Enterprise Technology,General Enterprise / Indian Attack Surface,CWE-125,CVSS v3.1: 8.0 — High,Theoretical / no exploitation evidence,Out-of-bounds read in Microsoft Local Security Authority Server (lsasrv) allows an authorized attacker to elevate privileges over a network.,Apply vendor security patches.,https://nvd.nist.gov/vuln/detail/CVE-2026-69365
IN-VULN-2026-1114,08-09-2026,CVE-2026-69378,General Enterprise Technology,General Enterprise / Indian Attack Surface,CWE-674,CVSS v3.1: 7.5 — High,Theoretical / no exploitation evidence,Uncontrolled recursion in Microsoft Exchange Server allows an unauthorized attacker to deny service over a network.,Apply vendor security patches.,https://nvd.nist.gov/vuln/detail/CVE-2026-69378
IN-VULN-2026-1115,08-09-2026,CVE-2026-69380,General Enterprise Technology,General Enterprise / Indian Attack Surface,CWE-862,CVSS v3.1: 8.1 — High,Theoretical / no exploitation evidence,Missing authorization in Microsoft Exchange Server allows an authorized attacker to elevate privileges over a network.,Apply vendor security patches.,https://nvd.nist.gov/vuln/detail/CVE-2026-69380
IN-VULN-2026-1116,08-09-2026,CVE-2026-69386,General Enterprise Technology,General Enterprise / Indian Attack Surface,CWE-122,CVSS v3.1: 8.8 — High,Theoretical / no exploitation evidence,Heap-based buffer overflow in Microsoft Windows Media Foundation allows an unauthorized attacker to execute code over a network.,Apply vendor security patches.,https://nvd.nist.gov/vuln/detail/CVE-2026-69386
IN-VULN-2026-1117,08-09-2026,CVE-2026-69402,General Enterprise Technology,General Enterprise / Indian Attack Surface,CWE-79,CVSS v3.1: 7.3 — High,Theoretical / no exploitation evidence,Improper neutralization of input during web page generation ('cross-site scripting') in Microsoft Office SharePoint allows an authorized attacker to perform spoofing over a network.,Apply vendor security patches.,https://nvd.nist.gov/vuln/detail/CVE-2026-69402
IN-VULN-2026-1118,08-09-2026,CVE-2026-69408,General Enterprise Technology,General Enterprise / Indian Attack Surface,CWE-122,CVSS v3.1: 9.8 — Critical,Theoretical / no exploitation evidence,Integer overflow or wraparound in Microsoft Windows Media Foundation allows an unauthorized attacker to execute code over a network.,Apply vendor security patches.,https://nvd.nist.gov/vuln/detail/CVE-2026-69408
IN-VULN-2026-1119,08-09-2026,CVE-2026-69417,General Enterprise Technology,General Enterprise / Indian Attack Surface,CWE-79,CVSS v3.1: 7.3 — High,Theoretical / no exploitation evidence,Improper neutralization of input during web page generation ('cross-site scripting') in Microsoft Office SharePoint allows an authorized attacker to perform spoofing over a network.,Apply vendor security patches.,https://nvd.nist.gov/vuln/detail/CVE-2026-69417
IN-VULN-2026-1120,08-09-2026,CVE-2026-69438,General Enterprise Technology,General Enterprise / Indian Attack Surface,CWE-681,CVSS v3.1: 8.1 — High,Theoretical / no exploitation evidence,Incorrect conversion between numeric types in Microsoft JScript allows an unauthorized attacker to execute code over a network.,Apply vendor security patches.,https://nvd.nist.gov/vuln/detail/CVE-2026-69438
IN-VULN-2026-1121,08-09-2026,CVE-2026-69442,General Enterprise Technology,General Enterprise / Indian Attack Surface,CWE-122,CVSS v3.1: 8.8 — High,Theoretical / no exploitation evidence,Heap-based buffer overflow in Microsoft Office allows an unauthorized attacker to execute code over a network.,Apply vendor security patches.,https://nvd.nist.gov/vuln/detail/CVE-2026-69442
IN-VULN-2026-1122,08-09-2026,CVE-2026-69444,General Enterprise Technology,General Enterprise / Indian Attack Surface,CWE-122,CVSS v3.1: 7.8 — High,Theoretical / no exploitation evidence,Heap-based buffer overflow in Microsoft Windows Speech allows an authorized attacker to elevate privileges locally.,Apply vendor security patches.,https://nvd.nist.gov/vuln/detail/CVE-2026-69444
IN-VULN-2026-1123,08-09-2026,CVE-2026-69456,General Enterprise Technology,General Enterprise / Indian Attack Surface,CWE-122,CVSS v3.1: 7.8 — High,Theoretical / no exploitation evidence,Heap-based buffer overflow in Microsoft Windows Speech allows an authorized attacker to elevate privileges locally.,Apply vendor security patches.,https://nvd.nist.gov/vuln/detail/CVE-2026-69456
IN-VULN-2026-1124,08-09-2026,CVE-2026-69464,General Enterprise Technology,General Enterprise / Indian Attack Surface,CWE-250,CVSS v3.1: 8.8 — High,Theoretical / no exploitation evidence,Execution with unnecessary privileges in Microsoft Office SharePoint allows an authorized attacker to elevate privileges over a network.,Apply vendor security patches.,https://nvd.nist.gov/vuln/detail/CVE-2026-69464
IN-VULN-2026-1125,08-09-2026,CVE-2026-69465,General Enterprise Technology,General Enterprise / Indian Attack Surface,CWE-862,CVSS v3.1: 8.8 — High,Theoretical / no exploitation evidence,Missing authorization in Microsoft Office SharePoint allows an authorized attacker to execute code over a network.,Apply vendor security patches.,https://nvd.nist.gov/vuln/detail/CVE-2026-69465
IN-VULN-2026-1126,08-09-2026,CVE-2026-69467,General Enterprise Technology,General Enterprise / Indian Attack Surface,CWE-121,CVSS v3.1: 7.8 — High,Theoretical / no exploitation evidence,Stack-based buffer overflow in Microsoft Graphics Component allows an authorized attacker to elevate privileges locally.,Apply vendor security patches.,https://nvd.nist.gov/vuln/detail/CVE-2026-69467
IN-VULN-2026-1127,08-09-2026,CVE-2026-69477,General Enterprise Technology,General Enterprise / Indian Attack Surface,CWE-122,CVSS v3.1: 7.3 — High,Theoretical / no exploitation evidence,Heap-based buffer overflow in Microsoft Office Access allows an authorized attacker to execute code locally.,Apply vendor security patches.,https://nvd.nist.gov/vuln/detail/CVE-2026-69477
IN-VULN-2026-1128,08-09-2026,CVE-2026-69491,General Enterprise Technology,General Enterprise / Indian Attack Surface,CWE-122,CVSS v3.1: 9.8 — Critical,Theoretical / no exploitation evidence,Heap-based buffer overflow in Windows Microsoft DirectMusic allows an unauthorized attacker to execute code over a network.,Apply vendor security patches.,https://nvd.nist.gov/vuln/detail/CVE-2026-69491
IN-VULN-2026-1129,08-09-2026,CVE-2026-69511,General Enterprise Technology,General Enterprise / Indian Attack Surface,CWE-122,CVSS v3.1: 8.8 — High,Theoretical / no exploitation evidence,Heap-based buffer overflow in Microsoft Windows Media Foundation allows an unauthorized attacker to execute code over a network.,Apply vendor security patches.,https://nvd.nist.gov/vuln/detail/CVE-2026-69511
IN-VULN-2026-1130,08-09-2026,CVE-2026-69529,General Enterprise Technology,General Enterprise / Indian Attack Surface,CWE-122,CVSS v3.1: 8.8 — High,Theoretical / no exploitation evidence,Heap-based buffer overflow in Microsoft Office Access allows an unauthorized attacker to execute code over a network.,Apply vendor security patches.,https://nvd.nist.gov/vuln/detail/CVE-2026-69529
IN-VULN-2026-1131,08-09-2026,CVE-2026-69556,General Enterprise Technology,General Enterprise / Indian Attack Surface,CWE-122,CVSS v3.1: 8.8 — High,Theoretical / no exploitation evidence,Heap-based buffer overflow in Microsoft Office Word allows an unauthorized attacker to execute code over a network.,Apply vendor security patches.,https://nvd.nist.gov/vuln/detail/CVE-2026-69556
IN-VULN-2026-1132,08-09-2026,CVE-2026-69585,General Enterprise Technology,General Enterprise / Indian Attack Surface,CWE-704,CVSS v3.1: 7.8 — High,Theoretical / no exploitation evidence,Incorrect type conversion or cast in Microsoft Windows Search Component allows an authorized attacker to elevate privileges locally.,Apply vendor security patches.,https://nvd.nist.gov/vuln/detail/CVE-2026-69585
IN-VULN-2026-1133,08-09-2026,CVE-2026-69586,General Enterprise Technology,General Enterprise / Indian Attack Surface,CWE-122,CVSS v3.1: 9.8 — Critical,Theoretical / no exploitation evidence,Integer overflow or wraparound in Microsoft Windows PDF allows an unauthorized attacker to execute code over a network.,Apply vendor security patches.,https://nvd.nist.gov/vuln/detail/CVE-2026-69586
IN-VULN-2026-1134,08-09-2026,CVE-2026-69594,General Enterprise Technology,General Enterprise / Indian Attack Surface,CWE-122,CVSS v3.1: 7.8 — High,Theoretical / no exploitation evidence,Heap-based buffer overflow in Microsoft Local Security Authority Server (lsasrv) allows an authorized attacker to elevate privileges locally.,Apply vendor security patches.,https://nvd.nist.gov/vuln/detail/CVE-2026-69594
IN-VULN-2026-1135,08-09-2026,CVE-2026-69600,General Enterprise Technology,General Enterprise / Indian Attack Surface,CWE-416,CVSS v3.1: 7.0 — High,Theoretical / no exploitation evidence,Use after free in Microsoft Windows Search Component allows an authorized attacker to elevate privileges locally.,Apply vendor security patches.,https://nvd.nist.gov/vuln/detail/CVE-2026-69600
IN-VULN-2026-1136,08-09-2026,CVE-2026-69601,General Enterprise Technology,General Enterprise / Indian Attack Surface,CWE-122,CVSS v3.1: 8.8 — High,Theoretical / no exploitation evidence,Heap-based buffer overflow in Microsoft Windows Media Foundation allows an unauthorized attacker to execute code over a network.,Apply vendor security patches.,https://nvd.nist.gov/vuln/detail/CVE-2026-69601
IN-VULN-2026-1137,08-09-2026,CVE-2026-69605,General Enterprise Technology,General Enterprise / Indian Attack Surface,CWE-416,CVSS v3.1: 7.0 — High,Theoretical / no exploitation evidence,Use after free in Microsoft Install Service allows an authorized attacker to elevate privileges locally.,Apply vendor security patches.,https://nvd.nist.gov/vuln/detail/CVE-2026-69605
IN-VULN-2026-1138,08-09-2026,CVE-2026-69608,General Enterprise Technology,General Enterprise / Indian Attack Surface,CWE-190,CVSS v3.1: 7.8 — High,Theoretical / no exploitation evidence,Integer overflow or wraparound in Microsoft Windows Search Component allows an authorized attacker to elevate privileges locally.,Apply vendor security patches.,https://nvd.nist.gov/vuln/detail/CVE-2026-69608
IN-VULN-2026-1139,08-09-2026,CVE-2026-69614,General Enterprise Technology,General Enterprise / Indian Attack Surface,CWE-20,CVSS v3.1: 8.8 — High,Theoretical / no exploitation evidence,Stack-based buffer overflow in Microsoft Office Access allows an unauthorized attacker to execute code over a network.,Apply vendor security patches.,https://nvd.nist.gov/vuln/detail/CVE-2026-69614
IN-VULN-2026-1140,08-09-2026,CVE-2026-69629,General Enterprise Technology,General Enterprise / Indian Attack Surface,CWE-122,CVSS v3.1: 8.8 — High,Theoretical / no exploitation evidence,Heap-based buffer overflow in Microsoft Office Outlook allows an unauthorized attacker to execute code over a network.,Apply vendor security patches.,https://nvd.nist.gov/vuln/detail/CVE-2026-69629
IN-VULN-2026-1141,08-09-2026,CVE-2026-69632,General Enterprise Technology,General Enterprise / Indian Attack Surface,CWE-416,CVSS v3.1: 8.8 — High,Theoretical / no exploitation evidence,Use after free in Microsoft Office allows an unauthorized attacker to execute code over a network.,Apply vendor security patches.,https://nvd.nist.gov/vuln/detail/CVE-2026-69632
IN-VULN-2026-1142,08-09-2026,CVE-2026-69641,General Enterprise Technology,General Enterprise / Indian Attack Surface,CWE-862,CVSS v3.1: 9.1 — Critical,Theoretical / no exploitation evidence,Missing authorization in Microsoft Exchange Server allows an authorized attacker to elevate privileges over a network.,Apply vendor security patches.,https://nvd.nist.gov/vuln/detail/CVE-2026-69641
IN-VULN-2026-1143,08-09-2026,CVE-2026-69671,General Enterprise Technology,General Enterprise / Indian Attack Surface,CWE-122,CVSS v3.1: 8.8 — High,Theoretical / no exploitation evidence,Heap-based buffer overflow in Microsoft Office Word allows an unauthorized attacker to execute code over a network.,Apply vendor security patches.,https://nvd.nist.gov/vuln/detail/CVE-2026-69671
IN-VULN-2026-1144,08-09-2026,CVE-2026-69678,General Enterprise Technology,General Enterprise / Indian Attack Surface,CWE-416,CVSS v3.1: 8.8 — High,Theoretical / no exploitation evidence,Use after free in Microsoft Office PowerPoint allows an unauthorized attacker to execute code over a network.,Apply vendor security patches.,https://nvd.nist.gov/vuln/detail/CVE-2026-69678
IN-VULN-2026-1145,08-09-2026,CVE-2026-69686,General Enterprise Technology,General Enterprise / Indian Attack Surface,CWE-121,CVSS v3.1: 8.8 — High,Theoretical / no exploitation evidence,Stack-based buffer overflow in Microsoft Office Word allows an unauthorized attacker to execute code over a network.,Apply vendor security patches.,https://nvd.nist.gov/vuln/detail/CVE-2026-69686
IN-VULN-2026-1146,08-09-2026,CVE-2026-69716,General Enterprise Technology,General Enterprise / Indian Attack Surface,CWE-89,CVSS v3.1: 8.8 — High,Theoretical / no exploitation evidence,Improper neutralization of special elements used in an sql command ('sql injection') in Microsoft Office SharePoint allows an authorized attacker to elevate privileges over a network.,Apply vendor security patches.,https://nvd.nist.gov/vuln/detail/CVE-2026-69716
IN-VULN-2026-1147,08-09-2026,CVE-2026-69722,General Enterprise Technology,General Enterprise / Indian Attack Surface,CWE-121,CVSS v3.1: 8.8 — High,Theoretical / no exploitation evidence,Stack-based buffer overflow in Microsoft Office Word allows an unauthorized attacker to execute code over a network.,Apply vendor security patches.,https://nvd.nist.gov/vuln/detail/CVE-2026-69722
IN-VULN-2026-1148,08-09-2026,CVE-2026-69724,General Enterprise Technology,General Enterprise / Indian Attack Surface,CWE-862,CVSS v3.1: 8.8 — High,Theoretical / no exploitation evidence,Missing authorization in Microsoft Office SharePoint allows an authorized attacker to execute code over a network.,Apply vendor security patches.,https://nvd.nist.gov/vuln/detail/CVE-2026-69724
IN-VULN-2026-1149,08-09-2026,CVE-2026-69742,General Enterprise Technology,General Enterprise / Indian Attack Surface,CWE-190,CVSS v3.1: 8.8 — High,Theoretical / no exploitation evidence,Integer overflow or wraparound in Microsoft Office Publisher allows an unauthorized attacker to execute code over a network.,Apply vendor security patches.,https://nvd.nist.gov/vuln/detail/CVE-2026-69742
IN-VULN-2026-1150,08-09-2026,CVE-2026-69759,General Enterprise Technology,General Enterprise / Indian Attack Surface,CWE-121,CVSS v3.1: 8.8 — High,Theoretical / no exploitation evidence,Stack-based buffer overflow in Microsoft Office Word allows an unauthorized attacker to execute code over a network.,Apply vendor security patches.,https://nvd.nist.gov/vuln/detail/CVE-2026-69759
IN-VULN-2026-1151,08-09-2026,CVE-2026-69764,General Enterprise Technology,General Enterprise / Indian Attack Surface,CWE-122,CVSS v3.1: 8.8 — High,Theoretical / no exploitation evidence,Heap-based buffer overflow in Microsoft Office Word allows an unauthorized attacker to execute code over a network.,Apply vendor security patches.,https://nvd.nist.gov/vuln/detail/CVE-2026-69764
IN-VULN-2026-1152,08-09-2026,CVE-2026-69767,General Enterprise Technology,General Enterprise / Indian Attack Surface,CWE-416,CVSS v3.1: 8.8 — High,Theoretical / no exploitation evidence,Use after free in Microsoft Office PowerPoint allows an unauthorized attacker to execute code over a network.,Apply vendor security patches.,https://nvd.nist.gov/vuln/detail/CVE-2026-69767
IN-VULN-2026-1153,08-09-2026,CVE-2026-69778,General Enterprise Technology,General Enterprise / Indian Attack Surface,CWE-122,CVSS v3.1: 8.8 — High,Theoretical / no exploitation evidence,Heap-based buffer overflow in Microsoft Office Access allows an unauthorized attacker to execute code over a network.,Apply vendor security patches.,https://nvd.nist.gov/vuln/detail/CVE-2026-69778
IN-VULN-2026-1154,08-09-2026,CVE-2026-69797,General Enterprise Technology,General Enterprise / Indian Attack Surface,CWE-416,CVSS v3.1: 8.8 — High,Theoretical / no exploitation evidence,Use after free in Microsoft Office PowerPoint allows an unauthorized attacker to execute code over a network.,Apply vendor security patches.,https://nvd.nist.gov/vuln/detail/CVE-2026-69797
IN-VULN-2026-1155,08-09-2026,CVE-2026-69804,General Enterprise Technology,General Enterprise / Indian Attack Surface,CWE-367,CVSS v3.1: 7.5 — High,Theoretical / no exploitation evidence,Time-of-check time-of-use (toctou) race condition in Microsoft Office SharePoint allows an authorized attacker to execute code over a network.,Apply vendor security patches.,https://nvd.nist.gov/vuln/detail/CVE-2026-69804
IN-VULN-2026-1156,08-09-2026,CVE-2026-69824,General Enterprise Technology,General Enterprise / Indian Attack Surface,CWE-122,CVSS v3.1: 9.8 — Critical,Theoretical / no exploitation evidence,Integer underflow (wrap or wraparound) in Microsoft Standard XPS allows an unauthorized attacker to execute code over a network.,Apply vendor security patches.,https://nvd.nist.gov/vuln/detail/CVE-2026-69824
IN-VULN-2026-1157,08-09-2026,CVE-2026-69911,General Enterprise Technology,General Enterprise / Indian Attack Surface,CWE-416,CVSS v3.1: 7.0 — High,Theoretical / no exploitation evidence,Use after free in Microsoft Windows Search Component allows an authorized attacker to elevate privileges locally.,Apply vendor security patches.,https://nvd.nist.gov/vuln/detail/CVE-2026-69911
IN-VULN-2026-1158,08-09-2026,CVE-2026-70351,General Enterprise Technology,General Enterprise / Indian Attack Surface,CWE-122,CVSS v3.1: 8.8 — High,Theoretical / no exploitation evidence,Integer overflow or wraparound in Microsoft WebP Image Extension allows an unauthorized attacker to execute code over a network.,Apply vendor security patches.,https://nvd.nist.gov/vuln/detail/CVE-2026-70351
IN-VULN-2026-1159,08-09-2026,CVE-2026-72923,General Enterprise Technology,General Enterprise / Indian Attack Surface,CWE-400,CVSS v3.1: 7.5 — High,Theoretical / no exploitation evidence,"In Microsoft.OpenApi.YamlReader from 2.0.0-preview.11 until 2.12.0 and from 3.0.0 until 3.10.0, and in Microsoft.OpenApi.Readers prior to 1.6.30, a small YAML OpenAPI document containing nested anchors and aliases can cause uncontrolled resource cons...",Apply vendor security patches.,https://nvd.nist.gov/vuln/detail/CVE-2026-72923
IN-VULN-2026-1160,08-09-2026,CVE-2026-72933,General Enterprise Technology,General Enterprise / Indian Attack Surface,CWE-122,CVSS v3.1: 8.8 — High,Theoretical / no exploitation evidence,Heap-based buffer overflow in Microsoft WDAC OLE DB provider for SQL allows an unauthorized attacker to execute code over a network.,Apply vendor security patches.,https://nvd.nist.gov/vuln/detail/CVE-2026-72933
IN-VULN-2026-1161,08-09-2026,CVE-2026-72972,General Enterprise Technology,General Enterprise / Indian Attack Surface,CWE-122,CVSS v3.1: 8.8 — High,Theoretical / no exploitation evidence,Heap-based buffer overflow in Microsoft Office Word allows an unauthorized attacker to execute code over a network.,Apply vendor security patches.,https://nvd.nist.gov/vuln/detail/CVE-2026-72972
IN-VULN-2026-1162,08-09-2026,CVE-2026-72973,General Enterprise Technology,General Enterprise / Indian Attack Surface,CWE-122,CVSS v3.1: 8.8 — High,Theoretical / no exploitation evidence,Heap-based buffer overflow in Microsoft Office Word allows an unauthorized attacker to execute code over a network.,Apply vendor security patches.,https://nvd.nist.gov/vuln/detail/CVE-2026-72973
IN-VULN-2026-1163,08-09-2026,CVE-2026-73006,General Enterprise Technology,General Enterprise / Indian Attack Surface,CWE-121,CVSS v3.1: 8.8 — High,Theoretical / no exploitation evidence,Stack-based buffer overflow in Microsoft Graphics Component allows an unauthorized attacker to execute code over a network.,Apply vendor security patches.,https://nvd.nist.gov/vuln/detail/CVE-2026-73006
IN-VULN-2026-1164,08-09-2026,CVE-2026-73016,General Enterprise Technology,General Enterprise / Indian Attack Surface,CWE-122,CVSS v3.1: 8.8 — High,Theoretical / no exploitation evidence,Heap-based buffer overflow in Microsoft Graphics Component allows an unauthorized attacker to execute code over a network.,Apply vendor security patches.,https://nvd.nist.gov/vuln/detail/CVE-2026-73016
IN-VULN-2026-1165,08-09-2026,CVE-2026-77493,General Enterprise Technology,General Enterprise / Indian Attack Surface,CWE-415,CVSS v3.1: 9.8 — Critical,Theoretical / no exploitation evidence,Double free in Microsoft Graphics Component allows an unauthorized attacker to execute code over a network.,Apply vendor security patches.,https://nvd.nist.gov/vuln/detail/CVE-2026-77493
IN-VULN-2026-1166,08-09-2026,CVE-2026-77504,General Enterprise Technology,General Enterprise / Indian Attack Surface,CWE-415,CVSS v3.1: 8.8 — High,Theoretical / no exploitation evidence,Double free in Microsoft Office Word allows an unauthorized attacker to execute code over a network.,Apply vendor security patches.,https://nvd.nist.gov/vuln/detail/CVE-2026-77504
IN-VULN-2026-1167,08-09-2026,CVE-2026-77898,General Enterprise Technology,General Enterprise / Indian Attack Surface,CWE-122,CVSS v3.1: 7.5 — High,Theoretical / no exploitation evidence,Heap-based buffer overflow in Microsoft Office allows an unauthorized attacker to execute code over a network.,Apply vendor security patches.,https://nvd.nist.gov/vuln/detail/CVE-2026-77898
IN-VULN-2026-1168,08-09-2026,CVE-2026-77901,General Enterprise Technology,General Enterprise / Indian Attack Surface,CWE-476,CVSS v3.1: 8.8 — High,Theoretical / no exploitation evidence,Null pointer dereference in Microsoft Office Word allows an unauthorized attacker to execute code over a network.,Apply vendor security patches.,https://nvd.nist.gov/vuln/detail/CVE-2026-77901
IN-VULN-2026-1169,08-09-2026,CVE-2026-77908,General Enterprise Technology,General Enterprise / Indian Attack Surface,CWE-94,CVSS v3.1: 8.8 — High,Theoretical / no exploitation evidence,Improper control of generation of code ('code injection') in Microsoft Dynamics 365 allows an authorized attacker to execute code over a network.,Apply vendor security patches.,https://nvd.nist.gov/vuln/detail/CVE-2026-77908
IN-VULN-2026-1170,08-09-2026,CVE-2026-78439,General Enterprise Technology,General Enterprise / Indian Attack Surface,CWE-121,CVSS v3.1: 8.8 — High,Theoretical / no exploitation evidence,Stack-based buffer overflow in Microsoft Graphics Component allows an unauthorized attacker to execute code over a network.,Apply vendor security patches.,https://nvd.nist.gov/vuln/detail/CVE-2026-78439
IN-VULN-2026-1171,08-09-2026,CVE-2026-78504,General Enterprise Technology,General Enterprise / Indian Attack Surface,CWE-121,CVSS v3.1: 8.8 — High,Theoretical / no exploitation evidence,Stack-based buffer overflow in Microsoft Office Word allows an unauthorized attacker to execute code over a network.,Apply vendor security patches.,https://nvd.nist.gov/vuln/detail/CVE-2026-78504
IN-VULN-2026-1172,08-09-2026,CVE-2026-78505,General Enterprise Technology,General Enterprise / Indian Attack Surface,CWE-122,CVSS v3.1: 8.8 — High,Theoretical / no exploitation evidence,Heap-based buffer overflow in Microsoft Office allows an unauthorized attacker to execute code over a network.,Apply vendor security patches.,https://nvd.nist.gov/vuln/detail/CVE-2026-78505
IN-VULN-2026-1173,08-09-2026,CVE-2026-78507,General Enterprise Technology,General Enterprise / Indian Attack Surface,CWE-416,CVSS v3.1: 8.8 — High,Theoretical / no exploitation evidence,Use after free in Microsoft Office Word allows an unauthorized attacker to execute code over a network.,Apply vendor security patches.,https://nvd.nist.gov/vuln/detail/CVE-2026-78507
IN-VULN-2026-1174,08-09-2026,CVE-2026-78509,General Enterprise Technology,General Enterprise / Indian Attack Surface,CWE-122,CVSS v3.1: 9.8 — Critical,Theoretical / no exploitation evidence,Heap-based buffer overflow in Microsoft Office Outlook allows an unauthorized attacker to execute code over a network.,Apply vendor security patches.,https://nvd.nist.gov/vuln/detail/CVE-2026-78509
IN-VULN-2026-1175,08-09-2026,CVE-2026-78510,General Enterprise Technology,General Enterprise / Indian Attack Surface,CWE-122,CVSS v3.1: 9.8 — Critical,Theoretical / no exploitation evidence,Heap-based buffer overflow in Microsoft Office Word allows an unauthorized attacker to execute code over a network.,Apply vendor security patches.,https://nvd.nist.gov/vuln/detail/CVE-2026-78510
IN-VULN-2026-1176,08-09-2026,CVE-2026-78511,General Enterprise Technology,General Enterprise / Indian Attack Surface,CWE-122,CVSS v3.1: 8.8 — High,Theoretical / no exploitation evidence,Heap-based buffer overflow in Microsoft Office Word allows an unauthorized attacker to execute code over a network.,Apply vendor security patches.,https://nvd.nist.gov/vuln/detail/CVE-2026-78511
IN-VULN-2026-1177,08-09-2026,CVE-2026-78512,General Enterprise Technology,General Enterprise / Indian Attack Surface,CWE-122,CVSS v3.1: 8.8 — High,Theoretical / no exploitation evidence,Numeric truncation error in Microsoft Office Word allows an unauthorized attacker to execute code over a network.,Apply vendor security patches.,https://nvd.nist.gov/vuln/detail/CVE-2026-78512
IN-VULN-2026-1178,08-09-2026,CVE-2026-78514,General Enterprise Technology,General Enterprise / Indian Attack Surface,CWE-416,CVSS v3.1: 8.8 — High,Theoretical / no exploitation evidence,Use after free in Microsoft Office Word allows an unauthorized attacker to execute code over a network.,Apply vendor security patches.,https://nvd.nist.gov/vuln/detail/CVE-2026-78514
IN-VULN-2026-1179,08-09-2026,CVE-2026-78517,General Enterprise Technology,General Enterprise / Indian Attack Surface,CWE-122,CVSS v3.1: 8.8 — High,Theoretical / no exploitation evidence,Heap-based buffer overflow in Microsoft Office Word allows an unauthorized attacker to execute code over a network.,Apply vendor security patches.,https://nvd.nist.gov/vuln/detail/CVE-2026-78517
IN-VULN-2026-1180,08-09-2026,CVE-2026-78518,General Enterprise Technology,General Enterprise / Indian Attack Surface,CWE-20,CVSS v3.1: 8.8 — High,Theoretical / no exploitation evidence,Out-of-bounds read in Microsoft Office Excel allows an unauthorized attacker to execute code over a network.,Apply vendor security patches.,https://nvd.nist.gov/vuln/detail/CVE-2026-78518
IN-VULN-2026-1181,08-09-2026,CVE-2026-78519,General Enterprise Technology,General Enterprise / Indian Attack Surface,CWE-908,CVSS v3.1: 8.8 — High,Theoretical / no exploitation evidence,Use of uninitialized resource in Microsoft Office Outlook allows an unauthorized attacker to execute code over a network.,Apply vendor security patches.,https://nvd.nist.gov/vuln/detail/CVE-2026-78519
IN-VULN-2026-1182,08-09-2026,CVE-2026-78521,General Enterprise Technology,General Enterprise / Indian Attack Surface,CWE-122,CVSS v3.1: 8.8 — High,Theoretical / no exploitation evidence,Heap-based buffer overflow in Microsoft Office Word allows an unauthorized attacker to execute code over a network.,Apply vendor security patches.,https://nvd.nist.gov/vuln/detail/CVE-2026-78521
IN-VULN-2026-1183,08-09-2026,CVE-2026-78524,General Enterprise Technology,General Enterprise / Indian Attack Surface,CWE-787,CVSS v3.1: 8.8 — High,Theoretical / no exploitation evidence,Out-of-bounds write in Microsoft Office allows an unauthorized attacker to execute code over a network.,Apply vendor security patches.,https://nvd.nist.gov/vuln/detail/CVE-2026-78524
IN-VULN-2026-1184,08-09-2026,CVE-2026-78525,General Enterprise Technology,General Enterprise / Indian Attack Surface,CWE-416,CVSS v3.1: 8.8 — High,Theoretical / no exploitation evidence,Use after free in Microsoft Office Outlook allows an unauthorized attacker to execute code over a network.,Apply vendor security patches.,https://nvd.nist.gov/vuln/detail/CVE-2026-78525
IN-VULN-2026-1185,08-09-2026,CVE-2026-78526,General Enterprise Technology,General Enterprise / Indian Attack Surface,CWE-122,CVSS v3.1: 8.8 — High,Theoretical / no exploitation evidence,Heap-based buffer overflow in Microsoft Office Word allows an unauthorized attacker to execute code over a network.,Apply vendor security patches.,https://nvd.nist.gov/vuln/detail/CVE-2026-78526
IN-VULN-2026-1186,08-09-2026,CVE-2026-80080,General Enterprise Technology,General Enterprise / Indian Attack Surface,CWE-415,CVSS v3.1: 8.8 — High,Theoretical / no exploitation evidence,Double free in Microsoft Office Word allows an unauthorized attacker to execute code over a network.,Apply vendor security patches.,https://nvd.nist.gov/vuln/detail/CVE-2026-80080
IN-VULN-2026-1187,08-09-2026,CVE-2026-80081,General Enterprise Technology,General Enterprise / Indian Attack Surface,CWE-416,CVSS v3.1: 8.8 — High,Theoretical / no exploitation evidence,Use after free in Microsoft Office PowerPoint allows an unauthorized attacker to execute code over a network.,Apply vendor security patches.,https://nvd.nist.gov/vuln/detail/CVE-2026-80081
IN-VULN-2026-1188,08-09-2026,CVE-2026-80085,General Enterprise Technology,General Enterprise / Indian Attack Surface,CWE-122,CVSS v3.1: 8.8 — High,Theoretical / no exploitation evidence,Heap-based buffer overflow in Microsoft Office Word allows an unauthorized attacker to execute code over a network.,Apply vendor security patches.,https://nvd.nist.gov/vuln/detail/CVE-2026-80085
IN-VULN-2026-1189,08-09-2026,CVE-2026-80097,General Enterprise Technology,General Enterprise / Indian Attack Surface,CWE-287,CVSS v3.1: 8.6 — High,Theoretical / no exploitation evidence,Improper authentication in Microsoft Authenticator allows an unauthorized attacker to elevate privileges locally.,Apply vendor security patches.,https://nvd.nist.gov/vuln/detail/CVE-2026-80097
IN-VULN-2026-1190,08-09-2026,CVE-2026-81352,General Enterprise Technology,General Enterprise / Indian Attack Surface,CWE-122,CVSS v3.1: 8.8 — High,Theoretical / no exploitation evidence,Heap-based buffer overflow in Microsoft Windows Codecs Library allows an unauthorized attacker to execute code over a network.,Apply vendor security patches.,https://nvd.nist.gov/vuln/detail/CVE-2026-81352
IN-VULN-2026-1191,08-09-2026,CVE-2026-81353,General Enterprise Technology,General Enterprise / Indian Attack Surface,CWE-122,CVSS v3.1: 7.8 — High,Theoretical / no exploitation evidence,Heap-based buffer overflow in Microsoft Windows Codecs Library allows an unauthorized attacker to execute code locally.,Apply vendor security patches.,https://nvd.nist.gov/vuln/detail/CVE-2026-81353
IN-VULN-2026-1192,08-09-2026,CVE-2026-81385,General Enterprise Technology,General Enterprise / Indian Attack Surface,CWE-502,CVSS v3.1: 8.8 — High,Theoretical / no exploitation evidence,Deserialization of untrusted data in Microsoft Office Publisher allows an unauthorized attacker to execute code over a network.,Apply vendor security patches.,https://nvd.nist.gov/vuln/detail/CVE-2026-81385
IN-VULN-2026-1193,08-09-2026,CVE-2026-81386,General Enterprise Technology,General Enterprise / Indian Attack Surface,CWE-122,CVSS v3.1: 7.8 — High,Theoretical / no exploitation evidence,Heap-based buffer overflow in Microsoft Office Excel allows an unauthorized attacker to execute code locally.,Apply vendor security patches.,https://nvd.nist.gov/vuln/detail/CVE-2026-81386
IN-VULN-2026-1194,08-09-2026,CVE-2026-81388,General Enterprise Technology,General Enterprise / Indian Attack Surface,CWE-121,CVSS v3.1: 7.8 — High,Theoretical / no exploitation evidence,Stack-based buffer overflow in Microsoft Office Excel allows an unauthorized attacker to execute code locally.,Apply vendor security patches.,https://nvd.nist.gov/vuln/detail/CVE-2026-81388
IN-VULN-2026-1195,08-09-2026,CVE-2026-81389,General Enterprise Technology,General Enterprise / Indian Attack Surface,CWE-122,CVSS v3.1: 7.0 — High,Theoretical / no exploitation evidence,Heap-based buffer overflow in Microsoft Office Excel allows an unauthorized attacker to execute code locally.,Apply vendor security patches.,https://nvd.nist.gov/vuln/detail/CVE-2026-81389
IN-VULN-2026-1196,08-09-2026,CVE-2026-81396,General Enterprise Technology,General Enterprise / Indian Attack Surface,CWE-121,CVSS v3.1: 7.8 — High,Theoretical / no exploitation evidence,Stack-based buffer overflow in Microsoft Office Excel allows an unauthorized attacker to execute code locally.,Apply vendor security patches.,https://nvd.nist.gov/vuln/detail/CVE-2026-81396
IN-VULN-2026-1197,08-09-2026,CVE-2026-81397,General Enterprise Technology,General Enterprise / Indian Attack Surface,CWE-122,CVSS v3.1: 7.8 — High,Theoretical / no exploitation evidence,Heap-based buffer overflow in Microsoft Office Excel allows an unauthorized attacker to execute code locally.,Apply vendor security patches.,https://nvd.nist.gov/vuln/detail/CVE-2026-81397
IN-VULN-2026-1198,08-09-2026,CVE-2026-81398,General Enterprise Technology,General Enterprise / Indian Attack Surface,CWE-122,CVSS v3.1: 7.8 — High,Theoretical / no exploitation evidence,Heap-based buffer overflow in Microsoft Office Excel allows an unauthorized attacker to execute code locally.,Apply vendor security patches.,https://nvd.nist.gov/vuln/detail/CVE-2026-81398
IN-VULN-2026-1199,08-09-2026,CVE-2026-81947,General Enterprise Technology,General Enterprise / Indian Attack Surface,CWE-122,CVSS v3.1: 7.8 — High,Theoretical / no exploitation evidence,Heap-based buffer overflow in Microsoft Office Excel allows an unauthorized attacker to execute code locally.,Apply vendor security patches.,https://nvd.nist.gov/vuln/detail/CVE-2026-81947
IN-VULN-2026-1200,08-09-2026,CVE-2026-81948,General Enterprise Technology,General Enterprise / Indian Attack Surface,CWE-122,CVSS v3.1: 7.8 — High,Theoretical / no exploitation evidence,Heap-based buffer overflow in Microsoft Office Excel allows an unauthorized attacker to execute code locally.,Apply vendor security patches.,https://nvd.nist.gov/vuln/detail/CVE-2026-81948
IN-VULN-2026-1201,08-09-2026,CVE-2026-81949,General Enterprise Technology,General Enterprise / Indian Attack Surface,CWE-190,CVSS v3.1: 7.8 — High,Theoretical / no exploitation evidence,Integer overflow or wraparound in Microsoft Office Excel allows an unauthorized attacker to execute code locally.,Apply vendor security patches.,https://nvd.nist.gov/vuln/detail/CVE-2026-81949
IN-VULN-2026-1202,08-09-2026,CVE-2026-81950,General Enterprise Technology,General Enterprise / Indian Attack Surface,CWE-415,CVSS v3.1: 7.8 — High,Theoretical / no exploitation evidence,Double free in Microsoft Office Excel allows an unauthorized attacker to execute code locally.,Apply vendor security patches.,https://nvd.nist.gov/vuln/detail/CVE-2026-81950
IN-VULN-2026-1203,08-09-2026,CVE-2026-81951,General Enterprise Technology,General Enterprise / Indian Attack Surface,CWE-122,CVSS v3.1: 7.8 — High,Theoretical / no exploitation evidence,Heap-based buffer overflow in Microsoft Office Excel allows an unauthorized attacker to execute code locally.,Apply vendor security patches.,https://nvd.nist.gov/vuln/detail/CVE-2026-81951
IN-VULN-2026-1204,08-09-2026,CVE-2026-81952,General Enterprise Technology,General Enterprise / Indian Attack Surface,CWE-122,CVSS v3.1: 8.8 — High,Theoretical / no exploitation evidence,Heap-based buffer overflow in Microsoft Office Word allows an unauthorized attacker to execute code over a network.,Apply vendor security patches.,https://nvd.nist.gov/vuln/detail/CVE-2026-81952
IN-VULN-2026-1205,08-09-2026,CVE-2026-81953,General Enterprise Technology,General Enterprise / Indian Attack Surface,CWE-121,CVSS v3.1: 7.8 — High,Theoretical / no exploitation evidence,Stack-based buffer overflow in Microsoft Office Excel allows an unauthorized attacker to execute code locally.,Apply vendor security patches.,https://nvd.nist.gov/vuln/detail/CVE-2026-81953
IN-VULN-2026-1206,08-09-2026,CVE-2026-81954,General Enterprise Technology,General Enterprise / Indian Attack Surface,CWE-416,CVSS v3.1: 7.8 — High,Theoretical / no exploitation evidence,Use after free in Microsoft Office Excel allows an unauthorized attacker to execute code locally.,Apply vendor security patches.,https://nvd.nist.gov/vuln/detail/CVE-2026-81954
IN-VULN-2026-1207,08-09-2026,CVE-2026-81955,General Enterprise Technology,General Enterprise / Indian Attack Surface,CWE-122,CVSS v3.1: 8.8 — High,Theoretical / no exploitation evidence,Heap-based buffer overflow in Microsoft Graphics Component allows an unauthorized attacker to execute code over a network.,Apply vendor security patches.,https://nvd.nist.gov/vuln/detail/CVE-2026-81955
IN-VULN-2026-1208,08-09-2026,CVE-2026-81956,General Enterprise Technology,General Enterprise / Indian Attack Surface,CWE-125,CVSS v3.1: 7.8 — High,Theoretical / no exploitation evidence,Out-of-bounds read in Microsoft Office Excel allows an unauthorized attacker to execute code locally.,Apply vendor security patches.,https://nvd.nist.gov/vuln/detail/CVE-2026-81956
IN-VULN-2026-1209,08-09-2026,CVE-2026-81957,General Enterprise Technology,General Enterprise / Indian Attack Surface,CWE-125,CVSS v3.1: 7.8 — High,Theoretical / no exploitation evidence,Out-of-bounds read in Microsoft Office Excel allows an unauthorized attacker to execute code locally.,Apply vendor security patches.,https://nvd.nist.gov/vuln/detail/CVE-2026-81957
IN-VULN-2026-1210,08-09-2026,CVE-2026-81959,General Enterprise Technology,General Enterprise / Indian Attack Surface,CWE-122,CVSS v3.1: 7.8 — High,Theoretical / no exploitation evidence,Heap-based buffer overflow in Microsoft Office Excel allows an unauthorized attacker to execute code locally.,Apply vendor security patches.,https://nvd.nist.gov/vuln/detail/CVE-2026-81959
IN-VULN-2026-1211,08-09-2026,CVE-2026-81960,General Enterprise Technology,General Enterprise / Indian Attack Surface,CWE-122,CVSS v3.1: 7.8 — High,Theoretical / no exploitation evidence,Heap-based buffer overflow in Microsoft Office Excel allows an unauthorized attacker to execute code locally.,Apply vendor security patches.,https://nvd.nist.gov/vuln/detail/CVE-2026-81960
IN-VULN-2026-1212,08-09-2026,CVE-2026-83948,General Enterprise Technology,General Enterprise / Indian Attack Surface,CWE-77,CVSS v3.1: 8.0 — High,Theoretical / no exploitation evidence,Improper neutralization of special elements used in a command ('command injection') in Microsoft Azure CLI allows an authorized attacker to execute code over a network.,Apply vendor security patches.,https://nvd.nist.gov/vuln/detail/CVE-2026-83948
IN-VULN-2026-1213,08-09-2026,CVE-2026-83990,General Enterprise Technology,General Enterprise / Indian Attack Surface,CWE-121,CVSS v3.1: 7.8 — High,Theoretical / no exploitation evidence,Stack-based buffer overflow in Microsoft Graphics Component allows an authorized attacker to elevate privileges locally.,Apply vendor security patches.,https://nvd.nist.gov/vuln/detail/CVE-2026-83990
IN-VULN-2026-1214,08-09-2026,CVE-2026-84000,General Enterprise Technology,General Enterprise / Indian Attack Surface,CWE-122,CVSS v3.1: 7.8 — High,Theoretical / no exploitation evidence,Heap-based buffer overflow in Microsoft Graphics Component allows an authorized attacker to execute code locally.,Apply vendor security patches.,https://nvd.nist.gov/vuln/detail/CVE-2026-84000
IN-VULN-2026-1215,08-09-2026,CVE-2026-84003,General Enterprise Technology,General Enterprise / Indian Attack Surface,CWE-294,CVSS v3.1: 7.4 — High,Theoretical / no exploitation evidence,Authentication bypass by capture-replay in Microsoft Authentication Library (MSAL) for Node.js allows an unauthorized attacker to perform spoofing over a network.,Apply vendor security patches.,https://nvd.nist.gov/vuln/detail/CVE-2026-84003
IN-VULN-2026-1216,08-09-2026,CVE-2026-76200,General Enterprise Technology,General Enterprise / Indian Attack Surface,CWE-79,CVSS v3.1: 9.3 — Critical,Theoretical / no exploitation evidence,Adobe Commerce is affected by a stored Cross-Site Scripting (XSS) vulnerability that could be abused by an attacker to inject malicious scripts into vulnerable form fields. Malicious JavaScript may be executed in a victim's browser when they browse t...,Apply vendor security patches.,https://nvd.nist.gov/vuln/detail/CVE-2026-76200
IN-VULN-2026-1217,08-09-2026,CVE-2026-76201,General Enterprise Technology,General Enterprise / Indian Attack Surface,CWE-79,CVSS v3.1: 9.3 — Critical,Theoretical / no exploitation evidence,Adobe Commerce is affected by a stored Cross-Site Scripting (XSS) vulnerability that could be abused by an attacker to inject malicious scripts into vulnerable form fields. Malicious JavaScript may be executed in a victim's browser when they browse t...,Apply vendor security patches.,https://nvd.nist.gov/vuln/detail/CVE-2026-76201
IN-VULN-2026-1218,08-09-2026,CVE-2026-76202,General Enterprise Technology,General Enterprise / Indian Attack Surface,CWE-863,CVSS v3.1: 8.2 — High,Theoretical / no exploitation evidence,Adobe Commerce is affected by an Incorrect Authorization vulnerability that could result in privilege escalation. An attacker could leverage this vulnerability to gain elevated access to sensitive information. Exploitation of this issue does not requ...,Apply vendor security patches.,https://nvd.nist.gov/vuln/detail/CVE-2026-76202
IN-VULN-2026-1219,08-09-2026,CVE-2026-77108,General Enterprise Technology,General Enterprise / Indian Attack Surface,CWE-863,CVSS v3.1: 7.5 — High,Theoretical / no exploitation evidence,Adobe Commerce is affected by an Incorrect Authorization vulnerability that could result in privilege escalation. An attacker could leverage this vulnerability to gain elevated access to sensitive information. Exploitation of this issue does not requ...,Apply vendor security patches.,https://nvd.nist.gov/vuln/detail/CVE-2026-77108
IN-VULN-2026-1220,08-09-2026,CVE-2026-77109,General Enterprise Technology,General Enterprise / Indian Attack Surface,CWE-863,CVSS v3.1: 8.6 — High,Theoretical / no exploitation evidence,Adobe Commerce is affected by an Incorrect Authorization vulnerability that could result in privilege escalation. An attacker could leverage this vulnerability to gain elevated access to restricted resources. Exploitation of this issue does not requi...,Apply vendor security patches.,https://nvd.nist.gov/vuln/detail/CVE-2026-77109
IN-VULN-2026-1221,08-09-2026,CVE-2026-77110,General Enterprise Technology,General Enterprise / Indian Attack Surface,CWE-22,CVSS v3.1: 7.6 — High,Theoretical / no exploitation evidence,Adobe Commerce is affected by an Improper Limitation of a Pathname to a Restricted Directory ('Path Traversal') vulnerability that could result in a Security feature bypass. An attacker with high privileges could leverage this vulnerability to access...,Apply vendor security patches.,https://nvd.nist.gov/vuln/detail/CVE-2026-77110
IN-VULN-2026-1222,08-09-2026,CVE-2026-77111,General Enterprise Technology,General Enterprise / Indian Attack Surface,CWE-863,CVSS v3.1: 8.7 — High,Theoretical / no exploitation evidence,"Adobe Commerce is affected by an Incorrect Authorization vulnerability that could result in a Security feature bypass. An attacker with high privileges could leverage this vulnerability to bypass security measures and gain unauthorized write access, ...",Apply vendor security patches.,https://nvd.nist.gov/vuln/detail/CVE-2026-77111
IN-VULN-2026-1223,08-09-2026,CVE-2026-77774,General Enterprise Technology,General Enterprise / Indian Attack Surface,CWE-863,CVSS v3.1: 8.6 — High,Theoretical / no exploitation evidence,Adobe Commerce is affected by an Incorrect Authorization vulnerability that could result in a Security feature bypass. An attacker could leverage this vulnerability to bypass security measures and gain unauthorized read access. Exploitation of this i...,Apply vendor security patches.,https://nvd.nist.gov/vuln/detail/CVE-2026-77774
IN-VULN-2026-1224,08-09-2026,CVE-2026-82004,General Enterprise Technology,General Enterprise / Indian Attack Surface,CWE-78,CVSS v3.1: 10.0 — Critical,Theoretical / no exploitation evidence,Adobe Campaign Classic (ACC) is affected by an Improper Neutralization of Special Elements used in an OS Command ('OS Command Injection') vulnerability that could result in arbitrary code execution in the context of the current user. An attacker coul...,Apply vendor security patches.,https://nvd.nist.gov/vuln/detail/CVE-2026-82004
IN-VULN-2026-1225,08-09-2026,CVE-2026-19232,General Enterprise Technology,General Enterprise / Indian Attack Surface,CWE-863,CVSS v3.1: 9.9 — Critical,Theoretical / no exploitation evidence,"Adobe Experience Manager is affected by an Incorrect Authorization vulnerability that could result in arbitrary code execution in the context of the current user, potentially gaining elevated access or control over the victim's account or session. A ...",Apply vendor security patches.,https://nvd.nist.gov/vuln/detail/CVE-2026-19232
IN-VULN-2026-1226,09-09-2026,CVE-2026-87430,General Enterprise Technology,General Enterprise / Indian Attack Surface,CWE-122,CVSS v3.1: 8.8 — High,Theoretical / no exploitation evidence,Buffer overflow in WebRTC in Google Chrome prior to 153.0.8010.36 allowed a remote attacker to potentially execute arbitrary code inside the sandbox via a crafted HTML page. (Chromium security severity: Low),Apply vendor security patches.,https://nvd.nist.gov/vuln/detail/CVE-2026-87430
IN-VULN-2026-1227,09-09-2026,CVE-2026-87438,General Enterprise Technology,General Enterprise / Indian Attack Surface,CWE-787,CVSS v3.1: 9.6 — Critical,Theoretical / no exploitation evidence,Out of bounds write in WebGL in Google Chrome on on Android prior to 153.0.8010.36 allowed a remote attacker to execute arbitrary code outside the sandbox via a crafted HTML page. (Chromium security severity: Critical),Apply vendor security patches.,https://nvd.nist.gov/vuln/detail/CVE-2026-87438
IN-VULN-2026-1228,09-09-2026,CVE-2026-87440,General Enterprise Technology,General Enterprise / Indian Attack Surface,CWE-125,CVSS v3.1: 8.8 — High,Theoretical / no exploitation evidence,Out of bounds read in Media in Google Chrome prior to 153.0.8010.36 allowed a remote attacker to execute arbitrary code inside the sandbox via a crafted HTML page. (Chromium security severity: High),Apply vendor security patches.,https://nvd.nist.gov/vuln/detail/CVE-2026-87440
IN-VULN-2026-1229,09-09-2026,CVE-2026-87444,General Enterprise Technology,General Enterprise / Indian Attack Surface,CWE-119,CVSS v3.1: 8.8 — High,Theoretical / no exploitation evidence,Memory corruption in Codecs in Google Chrome prior to 153.0.8010.36 allowed a remote attacker to execute arbitrary code inside the sandbox via a crafted HTML page. (Chromium security severity: High),Apply vendor security patches.,https://nvd.nist.gov/vuln/detail/CVE-2026-87444
IN-VULN-2026-1230,09-09-2026,CVE-2026-87448,General Enterprise Technology,General Enterprise / Indian Attack Surface,CWE-416,CVSS v3.1: 9.6 — Critical,Theoretical / no exploitation evidence,Use after free in DevTools in Google Chrome prior to 153.0.8010.36 allowed a remote attacker to execute arbitrary code outside the sandbox via a crafted HTML page. (Chromium security severity: Low),Apply vendor security patches.,https://nvd.nist.gov/vuln/detail/CVE-2026-87448
IN-VULN-2026-1231,09-09-2026,CVE-2026-87455,General Enterprise Technology,General Enterprise / Indian Attack Surface,CWE-416,CVSS v3.1: 9.6 — Critical,Theoretical / no exploitation evidence,Use after free in Aura in Google Chrome prior to 153.0.8010.36 allowed a remote attacker to potentially execute arbitrary code outside the sandbox via a crafted HTML page. (Chromium security severity: Medium),Apply vendor security patches.,https://nvd.nist.gov/vuln/detail/CVE-2026-87455
IN-VULN-2026-1232,09-09-2026,CVE-2026-87460,General Enterprise Technology,General Enterprise / Indian Attack Surface,CWE-416,CVSS v3.1: 8.8 — High,Theoretical / no exploitation evidence,Use after free in Platform in Google Chrome prior to 153.0.8010.36 allowed a remote attacker to execute arbitrary code inside the sandbox via a crafted HTML page. (Chromium security severity: High),Apply vendor security patches.,https://nvd.nist.gov/vuln/detail/CVE-2026-87460
IN-VULN-2026-1233,09-09-2026,CVE-2026-87464,General Enterprise Technology,General Enterprise / Indian Attack Surface,CWE-416,CVSS v3.1: 9.6 — Critical,Theoretical / no exploitation evidence,Use after free in WebGL in Google Chrome prior to 153.0.8010.36 allowed a remote attacker to execute arbitrary code outside the sandbox via a crafted HTML page. (Chromium security severity: Critical),Apply vendor security patches.,https://nvd.nist.gov/vuln/detail/CVE-2026-87464
IN-VULN-2026-1234,09-09-2026,CVE-2026-87470,General Enterprise Technology,General Enterprise / Indian Attack Surface,CWE-1284,CVSS v3.1: 9.6 — Critical,Theoretical / no exploitation evidence,Improper quantity validation in Tint in Google Chrome on on Mac prior to 153.0.8010.36 allowed a remote attacker to potentially execute arbitrary code outside the sandbox via a crafted HTML page. (Chromium security severity: Medium),Apply vendor security patches.,https://nvd.nist.gov/vuln/detail/CVE-2026-87470
IN-VULN-2026-1235,09-09-2026,CVE-2026-87474,General Enterprise Technology,General Enterprise / Indian Attack Surface,CWE-416,CVSS v3.1: 9.6 — Critical,Theoretical / no exploitation evidence,Use after free in Payments in Google Chrome prior to 153.0.8010.36 allowed a remote attacker to potentially execute arbitrary code outside the sandbox via a crafted HTML page. (Chromium security severity: High),Apply vendor security patches.,https://nvd.nist.gov/vuln/detail/CVE-2026-87474
IN-VULN-2026-1236,09-09-2026,CVE-2026-87488,General Enterprise Technology,General Enterprise / Indian Attack Surface,CWE-416,CVSS v3.1: 9.6 — Critical,Theoretical / no exploitation evidence,Use after free in WebGL in Google Chrome on on Android prior to 153.0.8010.36 allowed a remote attacker to execute arbitrary code outside the sandbox via a crafted HTML page. (Chromium security severity: Critical),Apply vendor security patches.,https://nvd.nist.gov/vuln/detail/CVE-2026-87488
IN-VULN-2026-1237,09-09-2026,CVE-2026-87489,General Enterprise Technology,General Enterprise / Indian Attack Surface,CWE-119,CVSS v3.1: 8.8 — High,Theoretical / no exploitation evidence,Memory corruption in V8 in Google Chrome prior to 153.0.8010.36 allowed a remote attacker to potentially execute arbitrary code inside the sandbox via a crafted Chrome extension. (Chromium security severity: Low),Apply vendor security patches.,https://nvd.nist.gov/vuln/detail/CVE-2026-87489
IN-VULN-2026-1238,09-09-2026,CVE-2026-87491,General Enterprise Technology,General Enterprise / Indian Attack Surface,CWE-787,CVSS v3.1: 8.8 — High,Theoretical / no exploitation evidence,Out of bounds write in V8 in Google Chrome prior to 153.0.8010.36 allowed a remote attacker to execute arbitrary code inside the sandbox via a crafted HTML page. (Chromium security severity: Medium),Apply vendor security patches.,https://nvd.nist.gov/vuln/detail/CVE-2026-87491
IN-VULN-2026-1239,09-09-2026,CVE-2026-87492,General Enterprise Technology,General Enterprise / Indian Attack Surface,CWE-863,CVSS v3.1: 9.6 — Critical,Theoretical / no exploitation evidence,Incorrect authorization in DevTools in Google Chrome prior to 153.0.8010.36 allowed a remote attacker to potentially execute arbitrary code outside the sandbox via a crafted HTML page. (Chromium security severity: High),Apply vendor security patches.,https://nvd.nist.gov/vuln/detail/CVE-2026-87492
IN-VULN-2026-1240,09-09-2026,CVE-2026-87494,General Enterprise Technology,General Enterprise / Indian Attack Surface,CWE-416,CVSS v3.1: 9.6 — Critical,Theoretical / no exploitation evidence,Use after free in Browser in Google Chrome on on Windows prior to 153.0.8010.36 allowed a remote attacker leveraging social engineering to execute arbitrary code outside the sandbox via a crafted HTML page. (Chromium security severity: Medium),Apply vendor security patches.,https://nvd.nist.gov/vuln/detail/CVE-2026-87494
IN-VULN-2026-1241,09-09-2026,CVE-2026-87500,General Enterprise Technology,General Enterprise / Indian Attack Surface,CWE-129,CVSS v3.1: 9.6 — Critical,Theoretical / no exploitation evidence,Improper validation of array index in ANGLE in Google Chrome prior to 153.0.8010.36 allowed a remote attacker to potentially execute arbitrary code outside the sandbox via a crafted HTML page. (Chromium security severity: High),Apply vendor security patches.,https://nvd.nist.gov/vuln/detail/CVE-2026-87500
IN-VULN-2026-1242,09-09-2026,CVE-2026-87504,General Enterprise Technology,General Enterprise / Indian Attack Surface,CWE-416,CVSS v3.1: 9.6 — Critical,Theoretical / no exploitation evidence,Use after free in Core in Google Chrome prior to 153.0.8010.36 allowed a remote attacker leveraging social engineering to execute arbitrary code outside the sandbox via a crafted Chrome extension. (Chromium security severity: Medium),Apply vendor security patches.,https://nvd.nist.gov/vuln/detail/CVE-2026-87504
IN-VULN-2026-1243,09-09-2026,CVE-2026-87512,General Enterprise Technology,General Enterprise / Indian Attack Surface,CWE-416,CVSS v3.1: 9.6 — Critical,Theoretical / no exploitation evidence,Use after free in ANGLE in Google Chrome on on Windows prior to 153.0.8010.36 allowed a remote attacker to execute arbitrary code outside the sandbox via a crafted HTML page. (Chromium security severity: High),Apply vendor security patches.,https://nvd.nist.gov/vuln/detail/CVE-2026-87512
IN-VULN-2026-1244,09-09-2026,CVE-2026-87520,General Enterprise Technology,General Enterprise / Indian Attack Surface,CWE-416,CVSS v3.1: 9.6 — Critical,Theoretical / no exploitation evidence,Use after free in Dawn in Google Chrome on on Android prior to 153.0.8010.36 allowed a remote attacker to execute arbitrary code outside the sandbox via a crafted HTML page. (Chromium security severity: High),Apply vendor security patches.,https://nvd.nist.gov/vuln/detail/CVE-2026-87520
IN-VULN-2026-1245,09-09-2026,CVE-2026-87526,General Enterprise Technology,General Enterprise / Indian Attack Surface,CWE-416,CVSS v3.1: 9.6 — Critical,Theoretical / no exploitation evidence,Use after free in Passwords in Google Chrome prior to 153.0.8010.36 allowed a remote attacker leveraging social engineering to potentially execute arbitrary code outside the sandbox via UI Interaction. (Chromium security severity: Medium),Apply vendor security patches.,https://nvd.nist.gov/vuln/detail/CVE-2026-87526
IN-VULN-2026-1246,09-09-2026,CVE-2026-87527,General Enterprise Technology,General Enterprise / Indian Attack Surface,CWE-122,CVSS v3.1: 9.6 — Critical,Theoretical / no exploitation evidence,Buffer overflow in WebGL in Google Chrome prior to 153.0.8010.36 allowed a remote attacker to execute arbitrary code outside the sandbox via a crafted HTML page. (Chromium security severity: Critical),Apply vendor security patches.,https://nvd.nist.gov/vuln/detail/CVE-2026-87527
IN-VULN-2026-1247,09-09-2026,CVE-2026-87528,General Enterprise Technology,General Enterprise / Indian Attack Surface,CWE-843,CVSS v3.1: 9.6 — Critical,Theoretical / no exploitation evidence,Type confusion in Rust in Google Chrome on on Windows prior to 153.0.8010.36 allowed a remote attacker to potentially execute arbitrary code outside the sandbox via a crafted HTML page. (Chromium security severity: Medium),Apply vendor security patches.,https://nvd.nist.gov/vuln/detail/CVE-2026-87528
IN-VULN-2026-1248,09-09-2026,CVE-2026-87529,General Enterprise Technology,General Enterprise / Indian Attack Surface,CWE-197,CVSS v3.1: 9.6 — Critical,Theoretical / no exploitation evidence,Numeric truncation error in Media in Google Chrome prior to 153.0.8010.36 allowed a remote attacker to potentially execute arbitrary code outside the sandbox via a crafted HTML page. (Chromium security severity: Medium),Apply vendor security patches.,https://nvd.nist.gov/vuln/detail/CVE-2026-87529
IN-VULN-2026-1249,09-09-2026,CVE-2026-87536,General Enterprise Technology,General Enterprise / Indian Attack Surface,CWE-416,CVSS v3.1: 8.8 — High,Theoretical / no exploitation evidence,Use after free in V8 in Google Chrome prior to 153.0.8010.36 allowed a remote attacker to execute arbitrary code inside the sandbox via a crafted HTML page. (Chromium security severity: High),Apply vendor security patches.,https://nvd.nist.gov/vuln/detail/CVE-2026-87536
IN-VULN-2026-1250,09-09-2026,CVE-2026-87542,General Enterprise Technology,General Enterprise / Indian Attack Surface,CWE-416,CVSS v3.1: 8.8 — High,Theoretical / no exploitation evidence,Use after free in Input in Google Chrome prior to 153.0.8010.36 allowed a remote attacker to execute arbitrary code inside the sandbox via a crafted HTML page. (Chromium security severity: High),Apply vendor security patches.,https://nvd.nist.gov/vuln/detail/CVE-2026-87542
IN-VULN-2026-1251,09-09-2026,CVE-2026-87547,General Enterprise Technology,General Enterprise / Indian Attack Surface,CWE-706,CVSS v3.1: 9.6 — Critical,Theoretical / no exploitation evidence,Incorrect reference resolution in FileSystem in Google Chrome prior to 153.0.8010.36 allowed a remote attacker leveraging social engineering to potentially execute arbitrary code outside the sandbox via a crafted HTML page. (Chromium security severit...,Apply vendor security patches.,https://nvd.nist.gov/vuln/detail/CVE-2026-87547
IN-VULN-2026-1252,09-09-2026,CVE-2026-87558,General Enterprise Technology,General Enterprise / Indian Attack Surface,CWE-416,CVSS v3.1: 9.6 — Critical,Theoretical / no exploitation evidence,Use after free in Payments in Google Chrome on on Mac prior to 153.0.8010.36 allowed a remote attacker to execute arbitrary code outside the sandbox via a crafted HTML page. (Chromium security severity: High),Apply vendor security patches.,https://nvd.nist.gov/vuln/detail/CVE-2026-87558
IN-VULN-2026-1253,09-09-2026,CVE-2026-87579,General Enterprise Technology,General Enterprise / Indian Attack Surface,CWE-122,CVSS v3.1: 8.8 — High,Theoretical / no exploitation evidence,Buffer overflow in WebRTC in Google Chrome prior to 153.0.8010.36 allowed a remote attacker to execute arbitrary code inside the sandbox via a crafted HTML page. (Chromium security severity: Medium),Apply vendor security patches.,https://nvd.nist.gov/vuln/detail/CVE-2026-87579
IN-VULN-2026-1254,09-09-2026,CVE-2026-87581,General Enterprise Technology,General Enterprise / Indian Attack Surface,CWE-416,CVSS v3.1: 9.6 — Critical,Theoretical / no exploitation evidence,Use after free in Payments in Google Chrome prior to 153.0.8010.36 allowed a remote attacker leveraging social engineering to potentially execute arbitrary code outside the sandbox via a crafted HTML page. (Chromium security severity: High),Apply vendor security patches.,https://nvd.nist.gov/vuln/detail/CVE-2026-87581
IN-VULN-2026-1255,09-09-2026,CVE-2026-87585,General Enterprise Technology,General Enterprise / Indian Attack Surface,CWE-415,CVSS v3.1: 8.8 — High,Theoretical / no exploitation evidence,Double free in PDFium in Google Chrome on on Windows prior to 153.0.8010.36 allowed a remote attacker to potentially execute arbitrary code inside the sandbox via a crafted PDF file. (Chromium security severity: High),Apply vendor security patches.,https://nvd.nist.gov/vuln/detail/CVE-2026-87585
IN-VULN-2026-1256,09-09-2026,CVE-2026-87587,General Enterprise Technology,General Enterprise / Indian Attack Surface,CWE-416,CVSS v3.1: 8.8 — High,Theoretical / no exploitation evidence,Use after free in V8 in Google Chrome prior to 153.0.8010.36 allowed a remote attacker to execute arbitrary code inside the sandbox via a crafted HTML page. (Chromium security severity: High),Apply vendor security patches.,https://nvd.nist.gov/vuln/detail/CVE-2026-87587
IN-VULN-2026-1257,09-09-2026,CVE-2026-87588,General Enterprise Technology,General Enterprise / Indian Attack Surface,CWE-416,CVSS v3.1: 8.8 — High,Theoretical / no exploitation evidence,Use after free in Chromecast in Google Chrome prior to 153.0.8010.36 allowed a remote attacker to execute arbitrary code inside the sandbox via a crafted HTML page. (Chromium security severity: Medium),Apply vendor security patches.,https://nvd.nist.gov/vuln/detail/CVE-2026-87588
IN-VULN-2026-1258,09-09-2026,CVE-2026-87601,General Enterprise Technology,General Enterprise / Indian Attack Surface,CWE-362,CVSS v3.1: 7.5 — High,Theoretical / no exploitation evidence,Race condition in V8 in Google Chrome prior to 153.0.8010.36 allowed a remote attacker to execute arbitrary code inside the sandbox via a crafted HTML page. (Chromium security severity: Low),Apply vendor security patches.,https://nvd.nist.gov/vuln/detail/CVE-2026-87601
IN-VULN-2026-1259,09-09-2026,CVE-2026-87607,General Enterprise Technology,General Enterprise / Indian Attack Surface,CWE-416,CVSS v3.1: 9.6 — Critical,Theoretical / no exploitation evidence,Use after free in Device in Google Chrome on on Mac prior to 153.0.8010.36 allowed a remote attacker to potentially execute arbitrary code outside the sandbox via a crafted HTML page. (Chromium security severity: High),Apply vendor security patches.,https://nvd.nist.gov/vuln/detail/CVE-2026-87607
IN-VULN-2026-1260,09-09-2026,CVE-2026-87609,General Enterprise Technology,General Enterprise / Indian Attack Surface,CWE-416,CVSS v3.1: 9.6 — Critical,Theoretical / no exploitation evidence,Use after free in Sharing in Google Chrome on on iOS prior to 153.0.8010.36 allowed a remote attacker to execute arbitrary code outside the sandbox via crafted network traffic. (Chromium security severity: Medium),Apply vendor security patches.,https://nvd.nist.gov/vuln/detail/CVE-2026-87609
IN-VULN-2026-1261,09-09-2026,CVE-2026-87612,General Enterprise Technology,General Enterprise / Indian Attack Surface,CWE-843,CVSS v3.1: 8.8 — High,Theoretical / no exploitation evidence,Type confusion in V8 in Google Chrome prior to 153.0.8010.36 allowed a remote attacker to execute arbitrary code inside the sandbox via a crafted HTML page. (Chromium security severity: High),Apply vendor security patches.,https://nvd.nist.gov/vuln/detail/CVE-2026-87612
IN-VULN-2026-1262,09-09-2026,CVE-2026-87617,General Enterprise Technology,General Enterprise / Indian Attack Surface,CWE-416,CVSS v3.1: 8.8 — High,Theoretical / no exploitation evidence,Use after free in DevTools in Google Chrome prior to 153.0.8010.36 allowed a remote attacker leveraging social engineering to execute arbitrary code inside the sandbox via a crafted HTML page. (Chromium security severity: Low),Apply vendor security patches.,https://nvd.nist.gov/vuln/detail/CVE-2026-87617
IN-VULN-2026-1263,09-09-2026,CVE-2026-87618,General Enterprise Technology,General Enterprise / Indian Attack Surface,CWE-706,CVSS v3.1: 8.3 — High,Theoretical / no exploitation evidence,Incorrect reference resolution in Storage in Google Chrome on on Windows prior to 153.0.8010.36 allowed a remote attacker who had compromised the renderer process to potentially execute arbitrary code outside the sandbox via a crafted HTML page. (Chr...,Apply vendor security patches.,https://nvd.nist.gov/vuln/detail/CVE-2026-87618
IN-VULN-2026-1264,09-09-2026,CVE-2026-87621,General Enterprise Technology,General Enterprise / Indian Attack Surface,CWE-787,CVSS v3.1: 9.6 — Critical,Theoretical / no exploitation evidence,Out of bounds write in ANGLE in Google Chrome on on Windows prior to 153.0.8010.36 allowed a remote attacker to potentially execute arbitrary code outside the sandbox via a crafted HTML page. (Chromium security severity: High),Apply vendor security patches.,https://nvd.nist.gov/vuln/detail/CVE-2026-87621
IN-VULN-2026-1265,09-09-2026,CVE-2026-87625,General Enterprise Technology,General Enterprise / Indian Attack Surface,CWE-416,CVSS v3.1: 8.8 — High,Theoretical / no exploitation evidence,Use after free in V8 in Google Chrome prior to 153.0.8010.36 allowed a remote attacker leveraging social engineering to execute arbitrary code inside the sandbox via a crafted Chrome extension. (Chromium security severity: Medium),Apply vendor security patches.,https://nvd.nist.gov/vuln/detail/CVE-2026-87625
IN-VULN-2026-1266,09-09-2026,CVE-2026-87634,General Enterprise Technology,General Enterprise / Indian Attack Surface,CWE-416,CVSS v3.1: 9.6 — Critical,Theoretical / no exploitation evidence,Use after free in WebPackaging in Google Chrome prior to 153.0.8010.36 allowed a remote attacker to potentially execute arbitrary code outside the sandbox via a crafted HTML page. (Chromium security severity: Low),Apply vendor security patches.,https://nvd.nist.gov/vuln/detail/CVE-2026-87634
IN-VULN-2026-1267,09-09-2026,CVE-2026-87636,General Enterprise Technology,General Enterprise / Indian Attack Surface,CWE-843,CVSS v3.1: 8.8 — High,Theoretical / no exploitation evidence,Type confusion in XML in Google Chrome prior to 153.0.8010.36 allowed a remote attacker to potentially execute arbitrary code inside the sandbox via a crafted HTML page. (Chromium security severity: Medium),Apply vendor security patches.,https://nvd.nist.gov/vuln/detail/CVE-2026-87636
IN-VULN-2026-1268,09-09-2026,CVE-2026-87637,General Enterprise Technology,General Enterprise / Indian Attack Surface,CWE-416,CVSS v3.1: 9.6 — Critical,Theoretical / no exploitation evidence,Use after free in Extensions in Google Chrome on on Mac prior to 153.0.8010.36 allowed a remote attacker to execute arbitrary code outside the sandbox via a crafted HTML page. (Chromium security severity: Medium),Apply vendor security patches.,https://nvd.nist.gov/vuln/detail/CVE-2026-87637
IN-VULN-2026-1269,09-09-2026,CVE-2026-87638,General Enterprise Technology,General Enterprise / Indian Attack Surface,CWE-787,CVSS v3.1: 9.6 — Critical,Theoretical / no exploitation evidence,Out of bounds write in Media in Google Chrome prior to 153.0.8010.36 allowed a remote attacker to potentially execute arbitrary code outside the sandbox via a crafted HTML page. (Chromium security severity: Medium),Apply vendor security patches.,https://nvd.nist.gov/vuln/detail/CVE-2026-87638
IN-VULN-2026-1270,09-09-2026,CVE-2026-87643,General Enterprise Technology,General Enterprise / Indian Attack Surface,CWE-190,CVSS v3.1: 9.6 — Critical,Theoretical / no exploitation evidence,Integer overflow in GPU in Google Chrome on on Android prior to 153.0.8010.36 allowed a remote attacker to potentially execute arbitrary code outside the sandbox via a crafted HTML page. (Chromium security severity: Medium),Apply vendor security patches.,https://nvd.nist.gov/vuln/detail/CVE-2026-87643
IN-VULN-2026-1271,09-09-2026,CVE-2026-87646,General Enterprise Technology,General Enterprise / Indian Attack Surface,CWE-416,CVSS v3.1: 9.6 — Critical,Theoretical / no exploitation evidence,Use after free in Web Authentication in Google Chrome prior to 153.0.8010.36 allowed a remote attacker to execute arbitrary code outside the sandbox via a crafted HTML page. (Chromium security severity: High),Apply vendor security patches.,https://nvd.nist.gov/vuln/detail/CVE-2026-87646
IN-VULN-2026-1272,09-09-2026,CVE-2026-87650,General Enterprise Technology,General Enterprise / Indian Attack Surface,CWE-125,CVSS v3.1: 9.6 — Critical,Theoretical / no exploitation evidence,Out of bounds read in WebGL in Google Chrome prior to 153.0.8010.36 allowed a remote attacker to potentially execute arbitrary code outside the sandbox via a crafted HTML page. (Chromium security severity: High),Apply vendor security patches.,https://nvd.nist.gov/vuln/detail/CVE-2026-87650
IN-VULN-2026-1273,09-09-2026,CVE-2026-87654,General Enterprise Technology,General Enterprise / Indian Attack Surface,CWE-122,CVSS v3.1: 9.6 — Critical,Theoretical / no exploitation evidence,Buffer overflow in ANGLE in Google Chrome on on Windows prior to 153.0.8010.36 allowed a remote attacker to execute arbitrary code outside the sandbox via a crafted HTML page. (Chromium security severity: High),Apply vendor security patches.,https://nvd.nist.gov/vuln/detail/CVE-2026-87654
